{
    "train_loss": [
        1.057113215010217,
        1.05330805258548,
        1.0533461164920888,
        1.0515202176063618,
        1.0512790553113247,
        1.0511027117992968,
        1.0510218346372564,
        1.0509885410045057,
        1.0493213084149868,
        1.0489715718208474,
        1.0490703551059073,
        1.0475962238108858,
        1.0486051529011828,
        1.0482485567001587,
        1.0476790355875136,
        1.0474079238607528,
        1.0460546771262555,
        1.0452406254220517,
        1.0445646161728717,
        1.045358975516989,
        1.044535996432,
        1.043718717199691,
        1.0425327813371699,
        1.0430569128787264,
        1.0436004520730768,
        1.0412823450058064,
        1.041422147700127,
        1.0401938475192862,
        1.0407115132250684,
        1.0395583668921857,
        1.0395059636298647,
        1.0391162107599543,
        1.0385874129356223,
        1.0380604666598299,
        1.0365894785586824,
        1.038361998948645,
        1.0373570234217542,
        1.0358257712201868,
        1.0361014503113768,
        1.0353848509331967,
        1.035581907059284,
        1.0347650425231203,
        1.03440427336287,
        1.0333962541945436,
        1.0331143280293078
    ],
    "test_loss": [
        1.0636920984834433,
        1.063251843675971,
        1.0617711916565895,
        1.0615844130516052,
        1.062183765694499,
        1.060604764148593,
        1.0591051131486893,
        1.059620788320899,
        1.0585859399288893,
        1.065252996981144,
        1.0577476285398006,
        1.0582658350467682,
        1.057190416380763,
        1.0563608948141336,
        1.0603482332080603,
        1.0578109081834555,
        1.0555670745670795,
        1.0574780497699976,
        1.055815825238824,
        1.0559061914682388,
        1.0537560004740953,
        1.0533272176980972,
        1.054256996139884,
        1.053005674853921,
        1.0544278007000685,
        1.0573348887264729,
        1.0520571637898684,
        1.0572544243186712,
        1.051486536860466,
        1.0506597273051739,
        1.0523745995014906,
        1.0505876876413822,
        1.0500255357474089,
        1.0511197410523891,
        1.0527552533894777,
        1.049921402707696,
        1.0498703345656395,
        1.0488616321235895,
        1.0523182321339846,
        1.0485912002623081,
        1.048303136602044,
        1.0496010798960924,
        1.050762627273798,
        1.0455120485275984,
        1.0453073307871819
    ],
    "test_accuracy": 0.3975,
    "test_class_accuracy": [
        0.16624685138539042,
        0.0,
        0.8456632653061225
    ],
    "configs": {
        "embedding_dir": "/users/jakhan/scratch/embeddings/",
        "save_dir": "/users/jakhan/scratch/experiments",
        "model": "CLIP",
        "layer": "2",
        "probe": "linear",
        "dataset_name": "RAVEN",
        "data_config": "in_center_single_out_center_single",
        "task": "Size_0",
        "seed": "42",
        "lr": "0.001",
        "batch_size": "64",
        "epochs": "45"
    },
    "classes": {
        "0": "Constant",
        "1": "Progression",
        "2": "Distribute_Three"
    }
}