{
    "train_loss": [
        1.0581091553606885,
        1.0492810125046588,
        1.0468146046425433,
        1.041425037257215,
        1.0386869387423738,
        1.0336943972618022,
        1.033866118877492,
        1.030976005691163,
        1.0285635971008462,
        1.0263954420038994,
        1.0257744415009276,
        1.022338164613602,
        1.0207129767600527,
        1.019242376723188,
        1.0190804404147127,
        1.0217957185938003,
        1.014370523868723,
        1.011445327642116,
        1.0128071720295764,
        1.0129137064548248,
        1.0084391464578344,
        1.0101263966966183,
        1.006339748489096,
        1.0076592507514548,
        1.0097889221729117,
        1.003103903633483,
        1.000690756326026,
        0.9998443881247906,
        0.9995479773967824,
        0.9993735799129974,
        0.999252754323026,
        0.9983771563844478,
        0.9966279198514655,
        0.9967649185911138,
        0.9927964267578531,
        0.9968306124210358,
        0.991985409817797,
        0.9909632332781528,
        0.9923825048385783,
        0.9865891318371955,
        0.9877547152498936,
        0.988927110078487,
        0.985959048600907,
        0.9854773904414887,
        0.9865006880557283
    ],
    "test_loss": [
        1.0610016770660877,
        1.0578992012888193,
        1.0704713724553585,
        1.0518955830484629,
        1.0485543515533209,
        1.0470359586179256,
        1.0428682286292315,
        1.0407733600586653,
        1.0473400689661503,
        1.0508304368704557,
        1.037208091467619,
        1.036578530445695,
        1.034133667126298,
        1.0529398061335087,
        1.042676055803895,
        1.0445200987160206,
        1.0311415251344442,
        1.030775735154748,
        1.0331444926559925,
        1.0284453872591257,
        1.0416271463036537,
        1.0311540383845568,
        1.0285799857228994,
        1.0308166444301605,
        1.0229911413043737,
        1.0451502911746502,
        1.020851295441389,
        1.0238320007920265,
        1.0263594817370176,
        1.0233045648783445,
        1.026421308517456,
        1.0198673829436302,
        1.0172663610428572,
        1.0167345106601715,
        1.0275894664227962,
        1.0174281373620033,
        1.0143981240689754,
        1.0204478353261948,
        1.0127127394080162,
        1.02677808329463,
        1.0239077117294073,
        1.0290432665497065,
        1.0120895337313414,
        1.0114948209375143,
        1.0092711076140404
    ],
    "test_accuracy": 0.497,
    "test_class_accuracy": [
        0.575566750629723,
        0.0071090047393364926,
        0.6811224489795918
    ],
    "configs": {
        "embedding_dir": "/users/jakhan/scratch/embeddings/",
        "save_dir": "/users/jakhan/scratch/experiments",
        "model": "CLIP",
        "layer": "12",
        "probe": "linear",
        "dataset_name": "RAVEN",
        "data_config": "in_center_single_out_center_single",
        "task": "Size_0",
        "seed": "42",
        "lr": "0.001",
        "batch_size": "64",
        "epochs": "45"
    },
    "classes": {
        "0": "Constant",
        "1": "Progression",
        "2": "Distribute_Three"
    }
}