{
    "train_loss": [
        1.0601067016733454,
        1.0517713376816282,
        1.0486244489537908,
        1.0477624586287966,
        1.0414913284017684,
        1.038167122196644,
        1.034609703941548,
        1.0306572172235935,
        1.0241012218150687,
        1.0247456596252766,
        1.018019567144678,
        1.0173249948532024,
        1.0181887219560908,
        1.008409597772233,
        1.0029749800550176,
        1.0007244075866455,
        0.9991624646998466,
        0.992917353168447,
        0.9805480495412299,
        0.9769372933722557,
        0.967584249821115,
        0.9698279937531086,
        0.9642473097811354,
        0.947522685248801,
        0.9486754492242285,
        0.9315795765278188,
        0.9214660411185407,
        0.9118491626800375,
        0.9046721718412765,
        0.8916485334964509,
        0.889195480245225,
        0.8809589274386143,
        0.8733844427352256,
        0.8616493838898679,
        0.8461288797094467,
        0.8436787553290104,
        0.8390619355313321,
        0.8342538374535581,
        0.8153570706539965,
        0.8280582256773685,
        0.8013431220612628,
        0.8073912326325762,
        0.8076130995090972,
        0.8019914874371062,
        0.7886938750743866
    ],
    "test_loss": [
        1.0584847070276737,
        1.058386480435729,
        1.0582404267042875,
        1.0509822741150856,
        1.053291318938136,
        1.0517072454094887,
        1.0403445214033127,
        1.0379847418516874,
        1.0412364825606346,
        1.0431470423936844,
        1.0280476119369268,
        1.0426972229033709,
        1.0207752119749784,
        1.0292566008865833,
        1.0129599645733833,
        1.0164484232664108,
        1.006818825379014,
        1.0063121188431978,
        1.00278883241117,
        0.9986389428377151,
        0.9878456741571426,
        1.0136074498295784,
        1.0008536204695702,
        0.9783159699290991,
        0.9641324430704117,
        0.9589280690997839,
        0.946935722604394,
        0.9567363895475864,
        0.9250407703220844,
        0.9132577553391457,
        0.9068353027105331,
        0.9360418878495693,
        0.9140131175518036,
        0.9069700948894024,
        0.9089848175644875,
        0.8787803184241056,
        0.8673346843570471,
        0.8553412444889545,
        0.8562048617750406,
        0.8487805239856243,
        0.8950495347380638,
        0.839831992983818,
        0.8506135921925306,
        0.8532521091401577,
        0.8419805634766817
    ],
    "test_accuracy": 0.606,
    "test_class_accuracy": [
        0.6926952141057935,
        0.052132701421800945,
        0.8163265306122449
    ],
    "configs": {
        "embedding_dir": "/users/jakhan/scratch/embeddings/",
        "save_dir": "/users/jakhan/scratch/experiments",
        "model": "CLIP",
        "layer": "10",
        "probe": "MLP",
        "dataset_name": "RAVEN",
        "data_config": "in_center_single_out_center_single",
        "task": "Size_0",
        "seed": "42",
        "lr": "0.001",
        "batch_size": "64",
        "epochs": "45"
    },
    "classes": {
        "0": "Constant",
        "1": "Progression",
        "2": "Distribute_Three"
    }
}