{
    "train_loss": [
        1.7817231384997672,
        1.0251898752882125,
        0.921656054385165,
        0.8261657826443936,
        0.810338372245748,
        0.781924289591769,
        0.7754428808359389,
        0.7244776893169322,
        0.7548858561414353,
        0.683813305928352,
        0.6782407909631729,
        0.6409102637082973,
        0.6739956901428548,
        0.6355363260558311,
        0.6231446599072599,
        0.6689325691537654,
        0.5865796893200976,
        0.5798756185364216,
        0.5736470777303615,
        0.5836212796733734,
        0.5486084682510254,
        0.5351157778121055,
        0.5946804760618413,
        0.5616443905424564,
        0.5228794423189569,
        0.5145384875383783,
        0.5157002911288687,
        0.52162507588559,
        0.5162693556952984,
        0.4788790611510581,
        0.5055184075807003,
        0.4581429972610575,
        0.4965936243534088,
        0.47103793443517483,
        0.46510520165270947,
        0.438576248414973,
        0.49663488947330636,
        0.4588088393211365,
        0.4819458583568005,
        0.4685950694566077,
        0.44187575182382094,
        0.4423689138382039,
        0.4553666409659893,
        0.4359088118406052,
        0.4045955721051135
    ],
    "test_loss": [
        1.1362019162625074,
        0.9008490052074194,
        0.81891811452806,
        0.811547452583909,
        0.8564952611923218,
        0.7978924363851547,
        0.8168390598148108,
        0.7339407969266176,
        0.7327329609543085,
        0.7384512294083834,
        0.6247686678543687,
        0.671572863124311,
        0.6417817426845431,
        0.6153532043099403,
        0.6131085865199566,
        0.5912560457363725,
        0.5909491684287786,
        0.7740963269025087,
        0.6086271367967129,
        0.6391758853569627,
        0.5635597072541714,
        0.6888109734281898,
        0.5774368904531002,
        0.661137206479907,
        0.5418711816892028,
        0.5497425347566605,
        0.5690011093392968,
        0.6800826545804739,
        0.6577556570991874,
        0.6610166179016232,
        0.5394331617280841,
        0.5183968711644411,
        0.5896189557388425,
        0.5046515176072717,
        0.5670684091746807,
        0.5106913885101676,
        0.564416715875268,
        0.5297395484521985,
        0.6035520024597645,
        0.6334014777094126,
        0.6129049202427268,
        0.8165623210370541,
        0.5371070941910148,
        0.5285554509609938,
        0.5199344446882606
    ],
    "test_accuracy": 0.793,
    "test_class_accuracy": [
        0.8563636363636363,
        0.7815126050420168,
        0.8247422680412371,
        0.7014314928425358
    ],
    "configs": {
        "embedding_dir": "/users/jakhan/scratch/embeddings/",
        "save_dir": "/users/jakhan/scratch/experiments",
        "model": "DINOv3",
        "layer": "12",
        "probe": "MLP",
        "dataset_name": "RAVEN",
        "data_config": "center_single",
        "task": "Color",
        "seed": "42",
        "lr": "0.001",
        "batch_size": "64",
        "epochs": "45"
    },
    "classes": {
        "0": "Constant",
        "1": "Progression",
        "2": "Arithmetic",
        "3": "Distribute_Three"
    }
}