{
    "train_loss": [
        1.7408502774035677,
        1.0992637821968565,
        1.0631262013252745,
        1.049119471235478,
        1.0443220905801083,
        1.0328698868447161,
        1.020487963519198,
        1.0019548002709733,
        1.0185554122671168,
        1.0047241423992401,
        1.0065518465447933,
        0.9819451228101203,
        0.9769158902320456,
        0.9983904171497264,
        1.0198062886583044,
        1.003243586484422,
        0.9938271996822763,
        0.9847603579784961,
        0.9744562811039864,
        0.9666081876196759,
        0.9538575220615306,
        0.9621990481589703,
        0.9347353121067615,
        0.9195408599173769,
        0.920861821225349,
        0.9223778609265673,
        0.887976624230121,
        0.868997001901586,
        0.8516426568335675,
        0.8535060800136404,
        0.8322223849753116,
        0.8356058718042171,
        0.8376615592773925,
        0.82396008042579,
        0.8052528716148214,
        0.8098095852009793,
        0.8265573978424072,
        0.7939191346472882,
        0.7794248360268613,
        0.7768101717563386,
        0.7917659688503185,
        0.7824044487577804,
        0.8030692973035447,
        0.7499700905160701,
        0.7486754173928118
    ],
    "test_loss": [
        1.1994666866958141,
        1.0923926439136267,
        1.0507991295307875,
        1.0588926766067743,
        1.0709824934601784,
        1.0897732563316822,
        1.013794543221593,
        1.0615557804703712,
        1.0378395859152079,
        0.9985756129026413,
        1.0361863002181053,
        0.9986618179827929,
        0.9965298622846603,
        1.0309934355318546,
        1.0327276829630136,
        1.0133124776184559,
        0.9997786544263363,
        0.9916481245309114,
        0.9853229969739914,
        0.9733030330389738,
        1.0249001905322075,
        0.9715910274535418,
        0.9686562158167362,
        0.9228701684623957,
        0.9647803604602814,
        0.9559447448700666,
        0.9660531487315893,
        0.9161532297730446,
        0.9361701365560293,
        0.9037245810031891,
        0.8740119133144617,
        0.8797563202679157,
        0.8640888091176748,
        0.9300852548331022,
        0.8499916549772024,
        0.8973716329783201,
        0.8372205384075642,
        0.8064878433942795,
        0.8630467560142279,
        0.8626227211207151,
        0.8501380793750286,
        0.8301492966711521,
        0.811069605872035,
        0.8251781146973372,
        0.7979046180844307
    ],
    "test_accuracy": 0.633,
    "test_class_accuracy": [
        0.5969773299748111,
        0.24170616113744076,
        0.8801020408163265
    ],
    "configs": {
        "embedding_dir": "/users/jakhan/scratch/embeddings/",
        "save_dir": "/users/jakhan/scratch/experiments",
        "model": "DINOv3",
        "layer": "12",
        "probe": "MLP",
        "dataset_name": "RAVEN",
        "data_config": "in_center_single_out_center_single",
        "task": "Size_0",
        "seed": "42",
        "lr": "0.001",
        "batch_size": "64",
        "epochs": "45"
    },
    "classes": {
        "0": "Constant",
        "1": "Progression",
        "2": "Distribute_Three"
    }
}