{
    "train_loss": [
        1.1103170463379393,
        1.0988666744942361,
        1.1002451384321172,
        1.1003689753248336,
        1.100643647477982,
        1.1008356137478605,
        1.0957692848875167,
        1.097116231918335,
        1.096194547541598,
        1.0943142429311226,
        1.0956695295394736,
        1.095140998667859,
        1.0934024288299236,
        1.0949489981570142,
        1.0922847580402455,
        1.0919906015091754,
        1.0942275853867227,
        1.0911865348511554,
        1.0912874886330137,
        1.089643103011111,
        1.089648463624589,
        1.089499017025562,
        1.0926917601138988,
        1.0884604454040527,
        1.087925727063037,
        1.0903968050124797,
        1.087017518408755,
        1.0851969541387354,
        1.0858152597508532,
        1.0873069053000592,
        1.087040456051522,
        1.0857515893083938,
        1.0839613498525416,
        1.0867192669117705,
        1.0856879531069006,
        1.0846443531361032,
        1.0866442411503894,
        1.084529124675913,
        1.0857336965013058,
        1.0822818849949127,
        1.0845519367684708,
        1.0837602868993232,
        1.0844128702549225,
        1.0834642217514363,
        1.0836377473587686
    ],
    "test_loss": [
        1.099914450198412,
        1.0987415798008442,
        1.1035614013671875,
        1.0975688621401787,
        1.1077227219939232,
        1.098310697823763,
        1.100693378597498,
        1.0961521342396736,
        1.1034310050308704,
        1.096237774938345,
        1.1016124486923218,
        1.1016681306064129,
        1.0969083197414875,
        1.1026013530790806,
        1.0957671031355858,
        1.0971201099455357,
        1.0941470712423325,
        1.0953675657510757,
        1.0940980836749077,
        1.0933679938316345,
        1.094646856188774,
        1.099661622196436,
        1.1001964025199413,
        1.095375694334507,
        1.0928289033472538,
        1.0922373533248901,
        1.0946566015481949,
        1.0927681103348732,
        1.094581339508295,
        1.091356698423624,
        1.092730037868023,
        1.0925728902220726,
        1.0935743637382984,
        1.0914354287087917,
        1.091965727508068,
        1.0950033590197563,
        1.093939121812582,
        1.1020667403936386,
        1.0906418450176716,
        1.0913159102201462,
        1.093516267836094,
        1.0933060050010681,
        1.0912034548819065,
        1.0924884602427483,
        1.0899025164544582
    ],
    "test_accuracy": 0.38,
    "test_class_accuracy": [
        0.5991253644314869,
        0.3942161339421613,
        0.136986301369863
    ],
    "configs": {
        "embedding_dir": "/users/jakhan/scratch/embeddings/",
        "save_dir": "/users/jakhan/scratch/experiments",
        "model": "DINOv3",
        "layer": "4",
        "probe": "linear",
        "dataset_name": "RAVEN",
        "data_config": "in_center_single_out_center_single",
        "task": "Type_1",
        "seed": "42",
        "lr": "0.001",
        "batch_size": "64",
        "epochs": "45"
    },
    "classes": {
        "0": "Constant",
        "1": "Progression",
        "2": "Distribute_Three"
    }
}