{
    "train_loss": [
        1.059795470313823,
        1.0593091953308025,
        1.058124435708878,
        1.0556836064825668,
        1.0530321147847683,
        1.0544819032892268,
        1.052665061773138,
        1.0525121061091727,
        1.053084337964971,
        1.052180380263227,
        1.0527275952887027,
        1.05182132505356,
        1.0515919365781419,
        1.0512572165499343,
        1.0522903184941474,
        1.0513385965469035,
        1.0507642924785614,
        1.0546815756787644,
        1.0523158451344103,
        1.0514516063193058,
        1.0507250060426427,
        1.0511604839182915,
        1.051201878075904,
        1.0511815047010462,
        1.0502825373030724,
        1.0506646956535095,
        1.0500169643696318,
        1.0494203428004651,
        1.0495345167657162,
        1.0495889440495918,
        1.0495462905853352,
        1.049378331037278,
        1.0487997861618692,
        1.0482695616306144,
        1.049157385496383,
        1.0474418522195612,
        1.048925892469731,
        1.0473760772258678,
        1.0464461147785187,
        1.0462255433518837,
        1.0499739742025416,
        1.0459514570997117,
        1.048373670020002,
        1.0498188131667199,
        1.0449686310392745
    ],
    "test_loss": [
        1.067429568618536,
        1.0665254555642605,
        1.0663285925984383,
        1.0634182933717966,
        1.0660777520388365,
        1.0622002314776182,
        1.065301213413477,
        1.0627097021788359,
        1.062556041404605,
        1.0617421679198742,
        1.0627707727253437,
        1.0624734126031399,
        1.0621839128434658,
        1.0641974415630102,
        1.062146257609129,
        1.0638750717043877,
        1.06992794200778,
        1.0638160109519958,
        1.0622482001781464,
        1.0633422918617725,
        1.06232188642025,
        1.0686484463512897,
        1.061797933652997,
        1.0643944181501865,
        1.0623590294271708,
        1.0626713167876005,
        1.061089625582099,
        1.061267951503396,
        1.0613343827426434,
        1.0607635155320168,
        1.0654969718307257,
        1.0653278026729822,
        1.060684822499752,
        1.062684966251254,
        1.0626983921974897,
        1.069355996325612,
        1.0683073196560144,
        1.0636716280132532,
        1.060489434748888,
        1.0640260502696037,
        1.061771024018526,
        1.0588525924831629,
        1.0599650777876377,
        1.0637666769325733,
        1.0583542231470346
    ],
    "test_accuracy": 0.3995,
    "test_class_accuracy": [
        0.27204030226700254,
        0.0,
        0.7436224489795918
    ],
    "configs": {
        "embedding_dir": "/users/jakhan/scratch/embeddings/",
        "save_dir": "/users/jakhan/scratch/experiments",
        "model": "DINOv3",
        "layer": "4",
        "probe": "MLP",
        "dataset_name": "RAVEN",
        "data_config": "in_center_single_out_center_single",
        "task": "Size_0",
        "seed": "42",
        "lr": "0.001",
        "batch_size": "64",
        "epochs": "45"
    },
    "classes": {
        "0": "Constant",
        "1": "Progression",
        "2": "Distribute_Three"
    }
}