{
    "train_loss": [
        1.3611626460197124,
        1.2629150951162298,
        1.152866874603515,
        1.0856909815301286,
        1.0275325635646253,
        0.9688601411403494,
        0.9311720576692135,
        0.89940474642084,
        0.8598870730146448,
        0.8353575442699676,
        0.8069059639535052,
        0.7922451293214838,
        0.771530325742478,
        0.7553000741816581,
        0.7298355311789411,
        0.7314855202715448,
        0.7239450476271041,
        0.694497546299975,
        0.6844892923502212,
        0.6692337501556316,
        0.6550262728904156,
        0.6451273991706523,
        0.6418573561500995,
        0.6338809725451977,
        0.6184720298711289,
        0.6090922685379677,
        0.6046289005812179,
        0.5934485510942784,
        0.5922305564931098,
        0.6031100543889594,
        0.5754994978295996,
        0.5661144151966623,
        0.5562131528524642,
        0.5580078686805482,
        0.5432319729886157,
        0.5470320563367073,
        0.5447365641593933,
        0.539550819295518,
        0.5361882825481131,
        0.5222976464540401,
        0.5308226204298913,
        0.509931317035188,
        0.5246759355068207,
        0.505967747657857,
        0.519273099113018
    ],
    "test_loss": [
        1.3151220828294754,
        1.200777631253004,
        1.1146777011454105,
        1.049822073429823,
        1.0039877369999886,
        0.954205721616745,
        0.9157823380082846,
        0.9090176392346621,
        0.8590847328305244,
        0.8459818437695503,
        0.8498050309717655,
        0.7957561556249857,
        0.7818774022161961,
        0.7466512992978096,
        0.7417249567806721,
        0.7984440810978413,
        0.7234386559575796,
        0.7117893416434526,
        0.70172518491745,
        0.6974695343524218,
        0.6869200002402067,
        0.6710021700710058,
        0.6511988490819931,
        0.6834150794893503,
        0.6375746335834265,
        0.7516173012554646,
        0.6285701580345631,
        0.6255255956202745,
        0.6273159645497799,
        0.6294538583606482,
        0.6009624982252717,
        0.6201942414045334,
        0.609906155616045,
        0.5925852544605732,
        0.6046620206907392,
        0.5734123671427369,
        0.5824967948719859,
        0.6056140838190913,
        0.5692495238035917,
        0.5974288629367948,
        0.5922844745218754,
        0.5692418366670609,
        0.6005516229197383,
        0.5470993043854833,
        0.6607931349426508
    ],
    "test_accuracy": 0.723,
    "test_class_accuracy": [
        0.6890909090909091,
        0.5021008403361344,
        0.7752577319587629,
        0.9243353783231084
    ],
    "configs": {
        "embedding_dir": "/users/jakhan/scratch/embeddings/",
        "save_dir": "/users/jakhan/scratch/experiments",
        "model": "CLIP",
        "layer": "6",
        "probe": "MLP",
        "dataset_name": "RAVEN",
        "data_config": "center_single",
        "task": "Color",
        "seed": "42",
        "lr": "0.001",
        "batch_size": "64",
        "epochs": "45"
    },
    "classes": {
        "0": "Constant",
        "1": "Progression",
        "2": "Arithmetic",
        "3": "Distribute_Three"
    }
}