{
    "train_loss": [
        1.5570689934365294,
        1.2234308618180296,
        1.1578030015559906,
        1.0886559797094224,
        1.046785683073896,
        1.0176482447918425,
        0.9775419793230422,
        0.9616797350822611,
        0.9411330058219585,
        0.9204343214948126,
        0.8940564660315818,
        0.8852824124884098,
        0.8676101679497576,
        0.8567833653155793,
        0.8606124285687792,
        0.855076162739003,
        0.8453282346116736,
        0.8179128677287,
        0.81972809991938,
        0.8119915375050079,
        0.7946985376642105,
        0.8050287289822355,
        0.7866538496727639,
        0.7733054814186502,
        0.7667545739640581,
        0.7746606291608608,
        0.7703982629674546,
        0.7572871960223989,
        0.7662851563159455,
        0.7756224598022218,
        0.750325341173943,
        0.7395969591242202,
        0.7387020156738606,
        0.7314072752252538,
        0.729289616676087,
        0.7292833822838803,
        0.7206858393359692,
        0.7254705245190478,
        0.7287946609740562,
        0.72684016950587,
        0.7072365829285155,
        0.7235091997587935,
        0.724373348215793,
        0.6974881411866939,
        0.6993211843865983
    ],
    "test_loss": [
        1.2549577355384827,
        1.161407820880413,
        1.1053125094622374,
        1.0597335435450077,
        1.0082211587578058,
        1.0090066157281399,
        0.9382456112653017,
        0.9518790692090988,
        0.9203079994767904,
        0.9122154619544744,
        0.8867929968982935,
        0.8554823733866215,
        0.8475835137069225,
        0.8312272671610117,
        0.9269429203122854,
        0.8159960135817528,
        0.8139500264078379,
        0.7962623797357082,
        0.8336253147572279,
        0.8201911244541407,
        0.815213181078434,
        0.806627482175827,
        0.7593583911657333,
        0.7683112360537052,
        0.7984030321240425,
        0.7844073846936226,
        0.7415838893502951,
        0.7443726342171431,
        0.8604437503963709,
        0.7329575810581446,
        0.7520781178027391,
        0.7551978137344122,
        0.7193638645112514,
        0.7520908080041409,
        0.751370120793581,
        0.7229387648403645,
        0.7101782169193029,
        0.7603529952466488,
        0.7040999364107847,
        0.7377648744732141,
        0.71812186203897,
        0.7203231994062662,
        0.7330424468964338,
        0.7507588118314743,
        0.758792782202363
    ],
    "test_accuracy": 0.675,
    "test_class_accuracy": [
        0.8418181818181818,
        0.36134453781512604,
        0.7938144329896907,
        0.6748466257668712
    ],
    "configs": {
        "embedding_dir": "/users/jakhan/scratch/embeddings/",
        "save_dir": "/users/jakhan/scratch/experiments",
        "model": "DINOv3",
        "layer": "10",
        "probe": "linear",
        "dataset_name": "RAVEN",
        "data_config": "center_single",
        "task": "Color",
        "seed": "42",
        "lr": "0.001",
        "batch_size": "64",
        "epochs": "45"
    },
    "classes": {
        "0": "Constant",
        "1": "Progression",
        "2": "Arithmetic",
        "3": "Distribute_Three"
    }
}