{
    "train_loss": [
        1.3825558018177113,
        1.367642879486084,
        1.3585861147718226,
        1.3493486807701436,
        1.341532051563263,
        1.3337937910506066,
        1.328190860596109,
        1.3216139509322795,
        1.3175720902199441,
        1.3128398568072217,
        1.3081042817298403,
        1.3044908909087485,
        1.2999866934532815,
        1.2965369364048571,
        1.2938880742864405,
        1.2903458425339231,
        1.286725769651697,
        1.2828905430245907,
        1.2810991812259593,
        1.2774690389633179,
        1.2762164194533165,
        1.2738298951311315,
        1.2715319762838648,
        1.2696492113965623,
        1.266191727303444,
        1.2630564722609012,
        1.2616535412504317,
        1.260752628458307,
        1.2568969460243875,
        1.2565113382136568,
        1.2533001747537167,
        1.2519918908464147,
        1.251609241708796,
        1.2485668075845597,
        1.2475030472938051,
        1.244329829165276,
        1.2433277482682086,
        1.2415469922917954,
        1.2416616424601128,
        1.2389324738624248,
        1.2375934960994315,
        1.234361170454228,
        1.2330340083609237,
        1.231540376835681,
        1.2299430826877027
    ],
    "test_loss": [
        1.376957967877388,
        1.369858369231224,
        1.3552784845232964,
        1.3480223752558231,
        1.3405537493526936,
        1.3338370770215988,
        1.3261381648480892,
        1.3203452564775944,
        1.3163570687174797,
        1.3160773925483227,
        1.3072364442050457,
        1.3045630939304829,
        1.3013731241226196,
        1.2967949137091637,
        1.294527392834425,
        1.2977104969322681,
        1.2888189889490604,
        1.2858269587159157,
        1.2859643660485744,
        1.2830325067043304,
        1.279240220785141,
        1.277305442839861,
        1.274392481893301,
        1.271583452820778,
        1.2703153230249882,
        1.2713015489280224,
        1.267413828521967,
        1.2663089223206043,
        1.271180260926485,
        1.2605582810938358,
        1.2605945654213428,
        1.263104174286127,
        1.2585625872015953,
        1.2537147775292397,
        1.258442860096693,
        1.2519797421991825,
        1.2496948428452015,
        1.2533884644508362,
        1.2471062391996384,
        1.2485758773982525,
        1.2445924244821072,
        1.2429676242172718,
        1.2405934371054173,
        1.2413928546011448,
        1.238079834729433
    ],
    "test_accuracy": 0.4325,
    "test_class_accuracy": [
        0.29458917835671344,
        0.5257142857142857,
        0.5667351129363449,
        0.3394683026584867
    ],
    "configs": {
        "embedding_dir": "/users/jakhan/scratch/embeddings/",
        "save_dir": "/users/jakhan/scratch/experiments",
        "model": "CLIP",
        "layer": "6",
        "probe": "linear",
        "dataset_name": "RAVEN",
        "data_config": "in_center_single_out_center_single",
        "task": "Color_1",
        "seed": "42",
        "lr": "0.001",
        "batch_size": "64",
        "epochs": "45"
    },
    "classes": {
        "0": "Constant",
        "1": "Progression",
        "2": "Arithmetic",
        "3": "Distribute_Three"
    }
}