{
    "train_loss": [
        1.3884162141921672,
        1.387422668172958,
        1.3861212337270696,
        1.3860669300911275,
        1.385520486121482,
        1.3844293279850737,
        1.3840839812096128,
        1.3827160913893517,
        1.3825511577281546,
        1.3813765163117266,
        1.3818895842166656,
        1.3806422099154045,
        1.3803027335633622,
        1.380821704864502,
        1.3798746187636193,
        1.378392479521163,
        1.3790267464962411,
        1.3774438994996092,
        1.3773916591989233,
        1.3766937687041911,
        1.3755974985183554,
        1.375132385720598,
        1.374532442143623,
        1.373761660241066,
        1.3733827763415398,
        1.3721960174276473,
        1.3728472463628079,
        1.3719901328391217,
        1.3708954745150628,
        1.371027061279784,
        1.3712449758610827,
        1.3702001939428614,
        1.3697334413832807,
        1.3694444032425577,
        1.36820036553322,
        1.3677771345097969,
        1.3681405630517514,
        1.3666017867149192,
        1.3663751026417346,
        1.3654710054397583,
        1.3668556771379836,
        1.3662352828269309,
        1.3636965941875538,
        1.3647408827822258,
        1.3633423232017678
    ],
    "test_loss": [
        1.3894533962011337,
        1.3846167288720608,
        1.3852820731699467,
        1.3867609426379204,
        1.3820774741470814,
        1.382136844098568,
        1.3844456747174263,
        1.3806196935474873,
        1.380604811012745,
        1.387145072221756,
        1.3844137713313103,
        1.3815012238919735,
        1.3815987296402454,
        1.3802725970745087,
        1.3789341002702713,
        1.3791410364210606,
        1.3783319927752018,
        1.3809055238962173,
        1.3776140846312046,
        1.3761607222259045,
        1.378397349268198,
        1.3762380219995975,
        1.3759742006659508,
        1.377213940024376,
        1.3740629889070988,
        1.3742092549800873,
        1.3750241585075855,
        1.3715217038989067,
        1.3712462559342384,
        1.3734596408903599,
        1.375851359218359,
        1.3699049651622772,
        1.3691971860826015,
        1.3692771196365356,
        1.3724049367010593,
        1.3701750338077545,
        1.3707845099270344,
        1.3751304373145103,
        1.3727964237332344,
        1.3715486973524094,
        1.3710227608680725,
        1.3684663623571396,
        1.3651335015892982,
        1.3647410906851292,
        1.3679147437214851
    ],
    "test_accuracy": 0.3805,
    "test_class_accuracy": [
        0.0,
        0.7223264540337712,
        0.6790393013100436,
        0.125
    ],
    "configs": {
        "embedding_dir": "/users/jakhan/scratch/embeddings/",
        "save_dir": "/users/jakhan/scratch/experiments",
        "model": "CLIP",
        "layer": "2",
        "probe": "linear",
        "dataset_name": "RAVEN",
        "data_config": "in_center_single_out_center_single",
        "task": "Size_1",
        "seed": "42",
        "lr": "0.001",
        "batch_size": "64",
        "epochs": "45"
    },
    "classes": {
        "0": "Constant",
        "1": "Progression",
        "2": "Arithmetic",
        "3": "Distribute_Three"
    }
}