{
    "train_loss": [
        1.085177980838938,
        1.0603330934301336,
        1.0363755929977336,
        1.0207682093407244,
        0.9970607973159628,
        0.9843962617377018,
        0.9653133287074718,
        0.9472533255181415,
        0.9416739312892265,
        0.9220516301215963,
        0.9122005066973098,
        0.8982920164757586,
        0.9029072649935459,
        0.8894885778427124,
        0.8676618331290306,
        0.878385010551899,
        0.853881539816552,
        0.8362070702491923,
        0.8234589524725651,
        0.8204056582552322,
        0.8144447112337072,
        0.8151175265616559,
        0.8105071187019348,
        0.8053199097197107,
        0.7946302079139872,
        0.7805077192631173,
        0.7888601783742296,
        0.7783520399255955,
        0.788302757004474,
        0.7779965882605695,
        0.7624842518187583,
        0.7490054939655547,
        0.7512252521007619,
        0.7409865913238931,
        0.7340865629784604,
        0.7252329968391581,
        0.7364478878518368,
        0.7303889844011753,
        0.7235750568673965,
        0.7195803323324691,
        0.7143302762762029,
        0.7063139467797381,
        0.7030697369829138,
        0.7088566194189355,
        0.6892012731826052
    ],
    "test_loss": [
        1.1097240820527077,
        1.05618548206985,
        1.020211599767208,
        1.025206495076418,
        1.0129586942493916,
        0.9795118477195501,
        0.9591586887836456,
        0.9943512752652168,
        0.9349794965237379,
        0.968821719288826,
        0.9144747909158468,
        0.9033954218029976,
        0.9883762095123529,
        0.9212031681090593,
        0.9292451366782188,
        0.9081937819719315,
        0.8844149503856897,
        0.8672208543866873,
        0.8614677488803864,
        0.8651414774358273,
        0.8521598931401968,
        0.8387499768286943,
        0.8911489918828011,
        0.8537446595728397,
        0.827953526750207,
        0.8529092092067003,
        0.8307832945138216,
        0.8525336533784866,
        0.89075967669487,
        0.8988615144044161,
        0.8041423074901104,
        0.8091268539428711,
        0.8303193375468254,
        0.822957169264555,
        0.8144640624523163,
        0.8548507206141949,
        0.8297950122505426,
        0.7989055532962084,
        0.7973838709294796,
        0.8004188165068626,
        0.7885651774704456,
        0.802345771342516,
        0.7932317685335875,
        0.7735768835991621,
        0.7879560105502605
    ],
    "test_accuracy": 0.6495,
    "test_class_accuracy": [
        0.6807580174927114,
        0.776255707762557,
        0.4901065449010654
    ],
    "configs": {
        "embedding_dir": "/users/jakhan/scratch/embeddings/",
        "save_dir": "/users/jakhan/scratch/experiments",
        "model": "CLIP",
        "layer": "12",
        "probe": "MLP",
        "dataset_name": "RAVEN",
        "data_config": "in_center_single_out_center_single",
        "task": "Type_1",
        "seed": "42",
        "lr": "0.001",
        "batch_size": "64",
        "epochs": "45"
    },
    "classes": {
        "0": "Constant",
        "1": "Progression",
        "2": "Distribute_Three"
    }
}