{
    "train_loss": [
        1.3914164957848,
        1.0666603090915274,
        1.0669124094729727,
        1.0520754938429975,
        1.0622122680887263,
        1.057870903547774,
        1.0712510068365868,
        1.0549727545139638,
        1.0539244616285284,
        1.0477553942102067,
        1.037961462710766,
        1.0344251698635993,
        1.0771733953597697,
        1.0328356408058328,
        1.0260595273464284,
        1.0345690706942945,
        1.0394832472851936,
        1.0355730240649366,
        1.0263194815909609,
        1.0328727592813207,
        1.0321888264189376,
        1.0230714659741584,
        1.0155760100547304,
        1.0139721682731142,
        1.035027396171651,
        1.0285004504183506,
        1.0129650951700007,
        1.0180281546521694,
        1.0138855963311297,
        1.02146463318074,
        1.0237150306397296,
        1.033090962374464,
        1.0138211522964722,
        1.0063372349485438,
        1.024413895099721,
        1.0230289672283417,
        1.0258377796791969,
        1.0132144486650507,
        1.0071536714726306,
        1.0287648445748268,
        0.9990092255967729,
        1.0083036295911099,
        0.9996093067717045,
        1.0247475333670353,
        1.002751480391685
    ],
    "test_loss": [
        1.1020098607987165,
        1.0537107400596142,
        1.0509516038000584,
        1.0473397318273783,
        1.1009693890810013,
        1.0482224691659212,
        1.0441596806049347,
        1.0571714136749506,
        1.1011818572878838,
        1.0321774706244469,
        1.050893073901534,
        1.0680852197110653,
        1.050191843882203,
        1.0586426369845867,
        1.0329732671380043,
        1.038393210619688,
        1.0901465192437172,
        1.019358515739441,
        1.0493238810449839,
        1.0680949334055185,
        1.0258695017546415,
        1.0804034434258938,
        1.0263043697923422,
        1.032799456268549,
        1.0157390180975199,
        1.042827907949686,
        1.0373962130397558,
        1.1121922973543406,
        1.0848349276930094,
        1.0438058972358704,
        1.0399464927613735,
        1.0050072483718395,
        1.0236442908644676,
        1.0522124525159597,
        1.0110302660614252,
        1.0180241037160158,
        1.0057833641767502,
        1.0203771125525236,
        1.0007307473570108,
        1.0695866718888283,
        1.0593751147389412,
        1.0374184865504503,
        1.1080780662596226,
        1.0623716078698635,
        0.9981693923473358
    ],
    "test_accuracy": 0.5025,
    "test_class_accuracy": [
        0.6435768261964736,
        0.11611374407582939,
        0.5676020408163265
    ],
    "configs": {
        "embedding_dir": "/users/jakhan/scratch/embeddings/",
        "save_dir": "/users/jakhan/scratch/experiments",
        "model": "DINOv3",
        "layer": "10",
        "probe": "linear",
        "dataset_name": "RAVEN",
        "data_config": "in_center_single_out_center_single",
        "task": "Size_0",
        "seed": "42",
        "lr": "0.001",
        "batch_size": "64",
        "epochs": "45"
    },
    "classes": {
        "0": "Constant",
        "1": "Progression",
        "2": "Distribute_Three"
    }
}