{
    "train_loss": [
        1.3800305521234553,
        1.3521966452294207,
        1.3261681452710579,
        1.3061778608788834,
        1.2838958260860849,
        1.2658855090750025,
        1.2461329609789746,
        1.2370284377260412,
        1.2170572889612077,
        1.2051760643086535,
        1.1977010470755556,
        1.180361638677881,
        1.1761414053592276,
        1.1737332496237247,
        1.1526650171330635,
        1.1391334800010031,
        1.127967692436056,
        1.133103144295672,
        1.1158975204254717,
        1.1113235589037551,
        1.1035465477628912,
        1.0963284411328904,
        1.0963010350440412,
        1.0926861598136577,
        1.0751006660309244,
        1.0709933283481192,
        1.071581926117552,
        1.0604913342506328,
        1.0583193917223748,
        1.0468375600398856,
        1.042595402991518,
        1.029761789961064,
        1.0266446452191536,
        1.0213319925551718,
        1.0424108232589477,
        1.0220311734270542,
        1.011716770364883,
        1.008063370243032,
        1.0096319203681134,
        0.9985611546546855,
        1.003390555686139,
        0.9883742192958264,
        1.0027412715110373,
        0.9896661899191268,
        0.992321640887159
    ],
    "test_loss": [
        1.3712139911949635,
        1.3445189334452152,
        1.3113865554332733,
        1.3011113591492176,
        1.2686794996261597,
        1.26914818957448,
        1.2341479025781155,
        1.2350372485816479,
        1.2141372337937355,
        1.2055194899439812,
        1.1874702274799347,
        1.2505704052746296,
        1.203410118818283,
        1.1611540131270885,
        1.1629708670079708,
        1.1439156457781792,
        1.1448979601264,
        1.1436675041913986,
        1.12642402946949,
        1.1257552281022072,
        1.1230079103261232,
        1.1596814021468163,
        1.1328548695892096,
        1.110054787248373,
        1.1110066268593073,
        1.1133523024618626,
        1.0816718619316816,
        1.095932088792324,
        1.093081746250391,
        1.0888241436332464,
        1.0970004685223103,
        1.091659601777792,
        1.0815720167011023,
        1.077172076329589,
        1.0495117995887995,
        1.0581902582198381,
        1.0525583699345589,
        1.0429266933351755,
        1.1180436629801989,
        1.0403922609984875,
        1.0390604715794325,
        1.0253178607672453,
        1.0575490966439247,
        1.0480737909674644,
        1.0594760943204165
    ],
    "test_accuracy": 0.5265,
    "test_class_accuracy": [
        0.4589178356713427,
        0.379047619047619,
        0.8172484599589322,
        0.46421267893660534
    ],
    "configs": {
        "embedding_dir": "/users/jakhan/scratch/embeddings/",
        "save_dir": "/users/jakhan/scratch/experiments",
        "model": "CLIP",
        "layer": "8",
        "probe": "MLP",
        "dataset_name": "RAVEN",
        "data_config": "in_center_single_out_center_single",
        "task": "Color_1",
        "seed": "42",
        "lr": "0.001",
        "batch_size": "64",
        "epochs": "45"
    },
    "classes": {
        "0": "Constant",
        "1": "Progression",
        "2": "Arithmetic",
        "3": "Distribute_Three"
    }
}