{
    "train_loss": [
        1.4778283289138308,
        1.3532812202230413,
        1.3354773077558963,
        1.321015420112204,
        1.2824718698542168,
        1.2708616421577779,
        1.2629311452520655,
        1.2381195261123332,
        1.2241835302494941,
        1.2264372046957626,
        1.2183395028114319,
        1.2003684944294868,
        1.2238137836151934,
        1.189954287194191,
        1.1616338237803032,
        1.1737002464050943,
        1.153442103812035,
        1.1431468465226762,
        1.1269232954116577,
        1.124396176414287,
        1.123168966871627,
        1.13378758189526,
        1.1390585994466822,
        1.1132561761014006,
        1.0835092784242426,
        1.0890468942358138,
        1.082108162819071,
        1.0618095993995667,
        1.0864320752468515,
        1.0778519162472258,
        1.0959129656882995,
        1.0628923697674528,
        1.0621502519922053,
        1.0341920580001587,
        1.0438588952764551,
        1.0499426487912522,
        1.0293996733553865,
        1.033300739653567,
        1.0130757264634396,
        1.0059201114989342,
        1.0096461772918701,
        0.999079168476957,
        1.0000682099068419,
        1.0489826563824998,
        0.9911629291290932
    ],
    "test_loss": [
        1.380419485270977,
        1.350472878664732,
        1.337538480758667,
        1.299890760332346,
        1.2667604051530361,
        1.2794372737407684,
        1.2435568608343601,
        1.215499185025692,
        1.2293554358184338,
        1.2023344561457634,
        1.209435548633337,
        1.175988357514143,
        1.3445657268166542,
        1.1995899975299835,
        1.184676568955183,
        1.1887829154729843,
        1.139973133802414,
        1.1577248834073544,
        1.2153363451361656,
        1.1080008689314127,
        1.1334206089377403,
        1.1919049732387066,
        1.1144781429320574,
        1.1310591474175453,
        1.1519965417683125,
        1.1122946701943874,
        1.104989416897297,
        1.149585036560893,
        1.1241554729640484,
        1.0995720494538546,
        1.138934452086687,
        1.069026492536068,
        1.1230756174772978,
        1.0974972564727068,
        1.099553382024169,
        1.0636162888258696,
        1.0675630513578653,
        1.0238817557692528,
        1.04433667473495,
        1.0645728521049023,
        1.0123697090893984,
        1.0202074442058802,
        1.0074512865394354,
        1.0318267345428467,
        1.1004806216806173
    ],
    "test_accuracy": 0.524,
    "test_class_accuracy": [
        0.782608695652174,
        0.2222222222222222,
        0.588477366255144,
        0.51440329218107
    ],
    "configs": {
        "embedding_dir": "/users/jakhan/scratch/embeddings/",
        "save_dir": "/users/jakhan/scratch/experiments",
        "model": "DINOv3",
        "layer": "10",
        "probe": "MLP",
        "dataset_name": "RAVEN",
        "data_config": "center_single",
        "task": "Size",
        "seed": "42",
        "lr": "0.001",
        "batch_size": "64",
        "epochs": "45"
    },
    "classes": {
        "0": "Constant",
        "1": "Progression",
        "2": "Arithmetic",
        "3": "Distribute_Three"
    }
}