{
    "train_loss": [
        1.3740638088672719,
        1.347439300506673,
        1.3236650583591867,
        1.3047834596735366,
        1.2860009112256638,
        1.2693203484758417,
        1.2550891117846712,
        1.2396378174741218,
        1.2280693853155096,
        1.2160332101456663,
        1.2052562439695318,
        1.1957925228362387,
        1.1846315733929897,
        1.1747997403144836,
        1.1663182618770194,
        1.1575389720023948,
        1.1512810220109655,
        1.142718849029947,
        1.1348246044300971,
        1.1283023408118715,
        1.1216328949370282,
        1.1155926597879289,
        1.109632911834311,
        1.1054191101104656,
        1.0976931414705642,
        1.0913728158524696,
        1.0876841690946133,
        1.0819308561213472,
        1.0770448484319322,
        1.072098507526073,
        1.0666578646669997,
        1.0620802824801587,
        1.0578150546297114,
        1.053242932608787,
        1.0481398555826633,
        1.044942339050009,
        1.0421214915336448,
        1.036536654893388,
        1.0331570740709914,
        1.0279752073135782,
        1.0266372371227184,
        1.0219808969091861,
        1.0176776051521301,
        1.0155311803868476,
        1.0114947887177164
    ],
    "test_loss": [
        1.3573536314070225,
        1.3350664861500263,
        1.317327056080103,
        1.2954591140151024,
        1.2803710959851742,
        1.2628664672374725,
        1.253411989659071,
        1.2361896075308323,
        1.2256326414644718,
        1.2154920659959316,
        1.2137346304953098,
        1.1949893608689308,
        1.1913150735199451,
        1.1780102215707302,
        1.1678555496037006,
        1.1623035222291946,
        1.1559162251651287,
        1.1501897871494293,
        1.1399801559746265,
        1.13471494987607,
        1.1263598017394543,
        1.12470343708992,
        1.1171368286013603,
        1.111580353230238,
        1.106383003294468,
        1.1003761831671,
        1.093881979584694,
        1.0913977902382612,
        1.0877607688307762,
        1.07967609167099,
        1.0754224229604006,
        1.0751079861074686,
        1.0705606993287802,
        1.0640145670622587,
        1.0650403909385204,
        1.0560779385268688,
        1.0532302521169186,
        1.0498222541064024,
        1.0467509273439646,
        1.0459375884383917,
        1.040783580392599,
        1.0340219773352146,
        1.0382121112197638,
        1.0324188582599163,
        1.0270583536475897
    ],
    "test_accuracy": 0.6005,
    "test_class_accuracy": [
        0.6636363636363637,
        0.6722689075630253,
        0.6164948453608248,
        0.4437627811860941
    ],
    "configs": {
        "embedding_dir": "/users/jakhan/scratch/embeddings/",
        "save_dir": "/users/jakhan/scratch/experiments",
        "model": "CLIP",
        "layer": "6",
        "probe": "linear",
        "dataset_name": "RAVEN",
        "data_config": "center_single",
        "task": "Color",
        "seed": "42",
        "lr": "0.001",
        "batch_size": "64",
        "epochs": "45"
    },
    "classes": {
        "0": "Constant",
        "1": "Progression",
        "2": "Arithmetic",
        "3": "Distribute_Three"
    }
}