{
    "train_loss": [
        1.0365679086522852,
        0.7996600371726016,
        0.6452847725533425,
        0.570434330942783,
        0.5076709732096246,
        0.4685496193297366,
        0.43841509869758116,
        0.41134980828204054,
        0.4071344701533622,
        0.37447657895849107,
        0.3555653726166867,
        0.35224135552949093,
        0.33296285537963216,
        0.3333622378871796,
        0.3308911442439607,
        0.3066898414746244,
        0.2971715174139814,
        0.3423256758362689,
        0.2948935474170015,
        0.28746130063812786,
        0.2775152062482022,
        0.2766254710707259,
        0.281191792735394,
        0.2761910744804017,
        0.2794159733234568,
        0.2617449351447694,
        0.2526720332655501,
        0.2512937549580919,
        0.2398634667884796,
        0.2471316822190234,
        0.247520247910251,
        0.2304458611030528,
        0.23616921117014072,
        0.23351236496199954,
        0.22545918750953167,
        0.22792852971147984,
        0.22235917854816356,
        0.22449891372246944,
        0.20234445276412558,
        0.20203477635662606,
        0.19357608551991748,
        0.20115262246195306,
        0.19983778442157077,
        0.1977694701165595,
        0.1921877014510175
    ],
    "test_loss": [
        0.9526969864964485,
        0.7479438502341509,
        0.6135823968797922,
        0.5572820920497179,
        0.5035694735124707,
        0.4677541879937053,
        0.4295815974473953,
        0.4023041734471917,
        0.3872563848271966,
        0.3830778682604432,
        0.3673504409380257,
        0.37756394129246473,
        0.3465851992368698,
        0.32201921194791794,
        0.33200260251760483,
        0.30567394010722637,
        0.33542846143245697,
        0.34501512674614787,
        0.3012977037578821,
        0.3123526615090668,
        0.31039990670979023,
        0.3001735545694828,
        0.27228690637275577,
        0.43451044522225857,
        0.296928804833442,
        0.2694980935193598,
        0.26003473112359643,
        0.2914851703681052,
        0.2919360641390085,
        0.2787531018257141,
        0.2866276572458446,
        0.30615254025906324,
        0.24629270331934094,
        0.24617638858035207,
        0.24674954172223806,
        0.23594135651364923,
        0.23363051656633615,
        0.254775648470968,
        0.2607488287612796,
        0.22837591962888837,
        0.21566560957580805,
        0.2121745131444186,
        0.26973956683650613,
        0.21639650454744697,
        0.20866938587278128
    ],
    "test_accuracy": 0.9185,
    "test_class_accuracy": [
        0.9733542319749217,
        0.9167927382753404,
        0.8701854493580599
    ],
    "configs": {
        "embedding_dir": "/users/jakhan/scratch/embeddings/",
        "save_dir": "/users/jakhan/scratch/experiments",
        "model": "CLIP",
        "layer": "10",
        "probe": "MLP",
        "dataset_name": "RAVEN",
        "data_config": "in_center_single_out_center_single",
        "task": "Type_0",
        "seed": "42",
        "lr": "0.001",
        "batch_size": "64",
        "epochs": "45"
    },
    "classes": {
        "0": "Constant",
        "1": "Progression",
        "2": "Distribute_Three"
    }
}