{
    "train_loss": [
        1.3926156188579315,
        1.061527541977294,
        1.0613215552999617,
        1.067515711200998,
        1.0695358159694266,
        1.0636013581397685,
        1.0656345886118868,
        1.0587146110991215,
        1.0585572510323626,
        1.0565804718656744,
        1.0561866747572066,
        1.0552858405924859,
        1.0596130401530164,
        1.051859016748185,
        1.0461210652868798,
        1.042789212566741,
        1.0654052115501242,
        1.0572364400041865,
        1.0439325355468911,
        1.0475872463368354,
        1.0531191407366003,
        1.0385586644740814,
        1.037156067630078,
        1.034827487899902,
        1.0430003087571327,
        1.0367594386668915,
        1.0344739987495097,
        1.0405506193637848,
        1.0376394790537813,
        1.0447492111236492,
        1.05352790939047,
        1.0490271873930668,
        1.034175249490332,
        1.030885028078201,
        1.032807688129709,
        1.0391029943811132,
        1.0404645756204078,
        1.0297802788145998,
        1.0319412464791156,
        1.0435784256204645,
        1.0211881107472358,
        1.0369910039800279,
        1.033735434425638,
        1.0480520547704493,
        1.031199867421008
    ],
    "test_loss": [
        1.1194324661046267,
        1.0725367981940508,
        1.064350062981248,
        1.0999981127679348,
        1.0730161517858505,
        1.0525174755603075,
        1.0808332413434982,
        1.0729195214807987,
        1.1093456149101257,
        1.049337550997734,
        1.0815495029091835,
        1.054434398189187,
        1.0739632453769445,
        1.0609483495354652,
        1.04573511518538,
        1.0547005776315928,
        1.0646274723112583,
        1.0980769991874695,
        1.0425940956920385,
        1.0933713559061289,
        1.0515585113316774,
        1.0616810135543346,
        1.0486354231834412,
        1.1155170146375895,
        1.0547975953668356,
        1.0724086314439774,
        1.03767641633749,
        1.0507803540676832,
        1.0372389983385801,
        1.0448164325207472,
        1.05809429846704,
        1.0733670368790627,
        1.0597582701593637,
        1.0853362679481506,
        1.0331662204116583,
        1.0630894992500544,
        1.0652188193053007,
        1.0514474846422672,
        1.0558996237814426,
        1.0466467048972845,
        1.060085155069828,
        1.071385009214282,
        1.1024833340197802,
        1.036489948630333,
        1.0759802758693695
    ],
    "test_accuracy": 0.4205,
    "test_class_accuracy": [
        0.327455919395466,
        0.5213270142180095,
        0.4604591836734694
    ],
    "configs": {
        "embedding_dir": "/users/jakhan/scratch/embeddings/",
        "save_dir": "/users/jakhan/scratch/experiments",
        "model": "DINOv3",
        "layer": "8",
        "probe": "linear",
        "dataset_name": "RAVEN",
        "data_config": "in_center_single_out_center_single",
        "task": "Size_0",
        "seed": "42",
        "lr": "0.001",
        "batch_size": "64",
        "epochs": "45"
    },
    "classes": {
        "0": "Constant",
        "1": "Progression",
        "2": "Distribute_Three"
    }
}