{
    "train_loss": [
        1.388229765790574,
        1.3881732162008895,
        1.3881995386265693,
        1.3881253955212045,
        1.387634721208126,
        1.3876257767068578,
        1.3877526711910328,
        1.3879351856860709,
        1.387577437339945,
        1.3889218835120505,
        1.3881124067813793,
        1.388579121295442,
        1.3872624255241233,
        1.387504999941968,
        1.3884154697681994,
        1.388058582518963,
        1.3883783931427813,
        1.3870972623216344,
        1.389054536819458,
        1.3883909824046683,
        1.387759729902795,
        1.3884120951307581,
        1.3881297466602731,
        1.3884610584441652,
        1.3874346575838454,
        1.3876594736220988,
        1.3881806464905435,
        1.3880684489899493,
        1.3876757076446047,
        1.3875140598479738,
        1.3879841807040763,
        1.3888673160938507,
        1.3876302622734231,
        1.387717953387727,
        1.3886779496010313,
        1.3874964916959722,
        1.3878814058100923,
        1.387556622637079,
        1.3876648836947503,
        1.3886500660409318,
        1.3876968419298212,
        1.38877693896598,
        1.3873912768161043,
        1.3879244352908844,
        1.3870362601381667
    ],
    "test_loss": [
        1.3874918445944786,
        1.3873147703707218,
        1.3889628313481808,
        1.388614684343338,
        1.3877326659858227,
        1.3857201933860779,
        1.3854128494858742,
        1.3861219957470894,
        1.390413548797369,
        1.3865075968205929,
        1.3856890983879566,
        1.3867382295429707,
        1.3860966823995113,
        1.385896261781454,
        1.3855662494897842,
        1.3870450742542744,
        1.3855210803449154,
        1.3886707872152328,
        1.3890442252159119,
        1.3866122402250767,
        1.388137798756361,
        1.384948156774044,
        1.3886050842702389,
        1.3889480121433735,
        1.3850115649402142,
        1.3856167532503605,
        1.3867641240358353,
        1.3856930658221245,
        1.3847894445061684,
        1.386227685958147,
        1.3894740119576454,
        1.3887671269476414,
        1.3852904476225376,
        1.3862808011472225,
        1.385060615837574,
        1.3856122680008411,
        1.3880185931921005,
        1.3853315226733685,
        1.3854679502546787,
        1.385481357574463,
        1.3976257182657719,
        1.3865458965301514,
        1.3871538527309895,
        1.3861191533505917,
        1.3876452893018723
    ],
    "test_accuracy": 0.2445,
    "test_class_accuracy": [
        0.0,
        0.0,
        0.0,
        1.0
    ],
    "configs": {
        "embedding_dir": "/users/jakhan/scratch/embeddings/",
        "save_dir": "/users/jakhan/scratch/experiments",
        "model": "DINOv3",
        "layer": "0",
        "probe": "linear",
        "dataset_name": "RAVEN",
        "data_config": "center_single",
        "task": "Color",
        "seed": "42",
        "lr": "0.001",
        "batch_size": "64",
        "epochs": "45"
    },
    "classes": {
        "0": "Constant",
        "1": "Progression",
        "2": "Arithmetic",
        "3": "Distribute_Three"
    }
}