{
    "train_loss": [
        1.1000114615927352,
        1.0930213319494368,
        1.0909584468983589,
        1.085387704220224,
        1.0818826023568497,
        1.0796196460723877,
        1.0777778739624835,
        1.073261910296501,
        1.072278046861608,
        1.0714663850500228,
        1.066985513301606,
        1.0635565849060709,
        1.0620307427771547,
        1.0607079242138153,
        1.0576166434490935,
        1.0560406903003126,
        1.0557287601714438,
        1.0526953441031435,
        1.0513697127078443,
        1.0491128081971026,
        1.0497761609706473,
        1.0460414613815063,
        1.0462911376293669,
        1.0433350395649037,
        1.0419423821124625,
        1.0413935343001752,
        1.039483738706467,
        1.0397195188288992,
        1.0384265602903162,
        1.037758025083136,
        1.0361478011658851,
        1.0333903019732618,
        1.0322764940718387,
        1.0308180825507387,
        1.0303413436767903,
        1.0296245699233197,
        1.0291139331269772,
        1.0266660845026057,
        1.0265411182920983,
        1.0256291114269418,
        1.0245553324831294,
        1.0238861707930869,
        1.0222967152899884,
        1.0213993603878833,
        1.019546926021576
    ],
    "test_loss": [
        1.0952690728008747,
        1.1009813286364079,
        1.0878263115882874,
        1.084554884582758,
        1.0913664177060127,
        1.086142659187317,
        1.077200960367918,
        1.0775798447430134,
        1.0743085853755474,
        1.0708803497254848,
        1.0698568895459175,
        1.0692751333117485,
        1.070624515414238,
        1.0648930110037327,
        1.0637501291930676,
        1.0664592757821083,
        1.0600454062223434,
        1.0584997981786728,
        1.0587516259402037,
        1.064070999622345,
        1.0579091981053352,
        1.056863535195589,
        1.054547542706132,
        1.054072093218565,
        1.052410801872611,
        1.0548518300056458,
        1.0544555224478245,
        1.0474064983427525,
        1.057666938751936,
        1.0470316372811794,
        1.0453466139733791,
        1.0480864997953176,
        1.0475660301744938,
        1.0437024664133787,
        1.0420118737965822,
        1.0419086292386055,
        1.0402737576514482,
        1.0392652656883001,
        1.0432872734963894,
        1.0382211804389954,
        1.041601249948144,
        1.045995669439435,
        1.0392137505114079,
        1.0358841139823198,
        1.0350640621036291
    ],
    "test_accuracy": 0.479,
    "test_class_accuracy": [
        0.5962099125364432,
        0.4474885844748858,
        0.3881278538812785
    ],
    "configs": {
        "embedding_dir": "/users/jakhan/scratch/embeddings/",
        "save_dir": "/users/jakhan/scratch/experiments",
        "model": "CLIP",
        "layer": "8",
        "probe": "linear",
        "dataset_name": "RAVEN",
        "data_config": "in_center_single_out_center_single",
        "task": "Type_1",
        "seed": "42",
        "lr": "0.001",
        "batch_size": "64",
        "epochs": "45"
    },
    "classes": {
        "0": "Constant",
        "1": "Progression",
        "2": "Distribute_Three"
    }
}