{
    "train_loss": [
        1.3908178121485608,
        1.3868997616970793,
        1.3868460084529632,
        1.3864412675512598,
        1.3863646552917805,
        1.3863119381539366,
        1.386417269706726,
        1.3863636889356248,
        1.3863003101754696,
        1.3863102337147326,
        1.3863467130255192,
        1.386270668912441,
        1.3863238768374666,
        1.3862850754819018,
        1.3862614555561796,
        1.3862882091643962,
        1.3862946046159623,
        1.3862660058001255,
        1.3862537069523588,
        1.3862908089414556,
        1.386259398561843,
        1.38627013627519,
        1.3862753751430106,
        1.3862828434781824,
        1.386303701299302,
        1.3862683012130412,
        1.3863213607605467,
        1.3862642062471269,
        1.3862634884550216,
        1.386272132396698,
        1.3862713106135105,
        1.386265553058462,
        1.3862594036345786,
        1.3862802322874679,
        1.3862635873733682,
        1.3862936167006796,
        1.3862855979736814,
        1.3863082794432944,
        1.386263980510387,
        1.3862616724156318,
        1.3863304206665525,
        1.3862605538774044,
        1.3862694856968332,
        1.3863075426284304,
        1.3862694197512688
    ],
    "test_loss": [
        1.3861842565238476,
        1.3865718580782413,
        1.3865129724144936,
        1.3865066207945347,
        1.3866570740938187,
        1.386540062725544,
        1.3864548578858376,
        1.3865234106779099,
        1.3864745907485485,
        1.3867328651249409,
        1.3866924233734608,
        1.386632937937975,
        1.3867423608899117,
        1.3867585510015488,
        1.3867709562182426,
        1.3867411948740482,
        1.386731792241335,
        1.3866903968155384,
        1.386712308973074,
        1.3867069706320763,
        1.3867823369801044,
        1.386675238609314,
        1.386756181716919,
        1.3867295682430267,
        1.3867647089064121,
        1.3866961002349854,
        1.3867300935089588,
        1.3867003619670868,
        1.3866914846003056,
        1.3866412043571472,
        1.386775478720665,
        1.3868251293897629,
        1.3867029659450054,
        1.3868261091411114,
        1.3867135271430016,
        1.3866873309016228,
        1.3866984024643898,
        1.386813998222351,
        1.386669296771288,
        1.3866825252771378,
        1.386722557246685,
        1.3867048844695091,
        1.3867176063358784,
        1.3867758251726627,
        1.3867600858211517
    ],
    "test_accuracy": 0.253,
    "test_class_accuracy": [
        1.0,
        0.0,
        0.0,
        0.0
    ],
    "configs": {
        "embedding_dir": "/users/jakhan/scratch/embeddings/",
        "save_dir": "/users/jakhan/scratch/experiments",
        "model": "CLIP",
        "layer": "0",
        "probe": "MLP",
        "dataset_name": "RAVEN",
        "data_config": "center_single",
        "task": "Size",
        "seed": "42",
        "lr": "0.001",
        "batch_size": "64",
        "epochs": "45"
    },
    "classes": {
        "0": "Constant",
        "1": "Progression",
        "2": "Arithmetic",
        "3": "Distribute_Three"
    }
}