{
    "train_loss": [
        1.3928780783998205,
        1.3788484068627054,
        1.3741446074019088,
        1.3697001198504835,
        1.3660930395126343,
        1.3630440476092887,
        1.3609286305752206,
        1.3577138768865706,
        1.3560243616712855,
        1.3562431208630825,
        1.3535966492713767,
        1.3520657699158851,
        1.3488384510608429,
        1.3482114774115541,
        1.3480297136814037,
        1.3469786073299164,
        1.3466497862592657,
        1.3434342120556122,
        1.345104307570356,
        1.34240223625873,
        1.3417387122803546,
        1.3418094858210137,
        1.3404396886521197,
        1.340579907944862,
        1.3369638311102034,
        1.3370200623857214,
        1.3372685097633523,
        1.336765894230376,
        1.3355392128863233,
        1.334720176585177,
        1.3343389440090099,
        1.3353087635750467,
        1.3327551230471184,
        1.3322407780809606,
        1.3333114055877036,
        1.3319314287063924,
        1.3309780080267724,
        1.3293079454848107,
        1.3300540688190055,
        1.329318310352082,
        1.3292002551099087,
        1.3296127319335938,
        1.32705368640575,
        1.3273087816035494,
        1.3257361396830132
    ],
    "test_loss": [
        1.3826457113027573,
        1.3733088970184326,
        1.3693384602665901,
        1.3666131049394608,
        1.3650044910609722,
        1.3568278066813946,
        1.355888657271862,
        1.3529652021825314,
        1.3585128411650658,
        1.3489895164966583,
        1.3488556817173958,
        1.3472867012023926,
        1.3468671776354313,
        1.3435482420027256,
        1.3442005775868893,
        1.3451429568231106,
        1.3402364775538445,
        1.3417519889771938,
        1.3475770130753517,
        1.341394305229187,
        1.3402201235294342,
        1.3354855813086033,
        1.342297948896885,
        1.3384223356842995,
        1.3332645185291767,
        1.3353192061185837,
        1.334750011563301,
        1.3337851949036121,
        1.330503061413765,
        1.3311733342707157,
        1.3369044587016106,
        1.3324043340981007,
        1.3297472707927227,
        1.330919697880745,
        1.3277016766369343,
        1.3275272138416767,
        1.3278730511665344,
        1.3273288309574127,
        1.326513260602951,
        1.3264736384153366,
        1.3440334498882294,
        1.32994569465518,
        1.3266963437199593,
        1.3238916136324406,
        1.3274706527590752
    ],
    "test_accuracy": 0.3335,
    "test_class_accuracy": [
        0.15454545454545454,
        0.3235294117647059,
        0.5216494845360825,
        0.35787321063394684
    ],
    "configs": {
        "embedding_dir": "/users/jakhan/scratch/embeddings/",
        "save_dir": "/users/jakhan/scratch/experiments",
        "model": "DINOv3",
        "layer": "2",
        "probe": "linear",
        "dataset_name": "RAVEN",
        "data_config": "center_single",
        "task": "Color",
        "seed": "42",
        "lr": "0.001",
        "batch_size": "64",
        "epochs": "45"
    },
    "classes": {
        "0": "Constant",
        "1": "Progression",
        "2": "Arithmetic",
        "3": "Distribute_Three"
    }
}