{
    "train_loss": [
        1.6138758519862562,
        1.4017858695476613,
        1.3838406687087201,
        1.3876655368094748,
        1.3682650200864102,
        1.3682773430296715,
        1.358672301819984,
        1.3741728929763144,
        1.359438068055092,
        1.373344175359036,
        1.3623119897030769,
        1.3485427612953997,
        1.3321901775420981,
        1.3316259574382863,
        1.3423004264527179,
        1.3338555668262726,
        1.3307466443548812,
        1.3200055715885568,
        1.32647194760911,
        1.3349615272055282,
        1.3091923936884453,
        1.3068029829796324,
        1.3131188319084492,
        1.3053951073200145,
        1.3000801991909108,
        1.3007136596010087,
        1.2975921947905358,
        1.2936249705071146,
        1.3032656438807224,
        1.3042905825249693,
        1.2885279072091935,
        1.2887566711040253,
        1.2898397483724229,
        1.2993354797363281,
        1.2837631879968847,
        1.2818833424689922,
        1.2720369924890234,
        1.2782371754341937,
        1.2827319312602916,
        1.2811030732824447,
        1.2781234662583534,
        1.2714013317798047,
        1.26465453746471,
        1.2860830083806465,
        1.2753410732492487
    ],
    "test_loss": [
        1.387262113392353,
        1.3796060904860497,
        1.3686501234769821,
        1.383525189012289,
        1.3678486682474613,
        1.3595757819712162,
        1.3580040857195854,
        1.4443722032010555,
        1.3302318938076496,
        1.3724250197410583,
        1.3583099395036697,
        1.3501909486949444,
        1.3290246091783047,
        1.3047114573419094,
        1.2996839694678783,
        1.3519811555743217,
        1.334415715187788,
        1.3079332895576954,
        1.3407458700239658,
        1.3320389799773693,
        1.3398021757602692,
        1.3060241751372814,
        1.303408958017826,
        1.3448663838207722,
        1.2812978774309158,
        1.3079436719417572,
        1.2898704335093498,
        1.3079646229743958,
        1.319457545876503,
        1.2910514920949936,
        1.3320672549307346,
        1.3177291452884674,
        1.2843541465699673,
        1.3452575393021107,
        1.2879048027098179,
        1.2667098008096218,
        1.3025954328477383,
        1.2892745025455952,
        1.2935662418603897,
        1.284323126077652,
        1.2963043227791786,
        1.258723434060812,
        1.2607102990150452,
        1.2865001633763313,
        1.2562523558735847
    ],
    "test_accuracy": 0.4105,
    "test_class_accuracy": [
        0.5521472392638037,
        0.14634146341463414,
        0.5786026200873362,
        0.4
    ],
    "configs": {
        "embedding_dir": "/users/jakhan/scratch/embeddings/",
        "save_dir": "/users/jakhan/scratch/experiments",
        "model": "DINOv3",
        "layer": "8",
        "probe": "linear",
        "dataset_name": "RAVEN",
        "data_config": "in_center_single_out_center_single",
        "task": "Size_1",
        "seed": "42",
        "lr": "0.001",
        "batch_size": "64",
        "epochs": "45"
    },
    "classes": {
        "0": "Constant",
        "1": "Progression",
        "2": "Arithmetic",
        "3": "Distribute_Three"
    }
}