{
    "train_loss": [
        1.0600103767628366,
        1.0542064993939502,
        1.0511528380373691,
        1.04972032346624,
        1.044784405130021,
        1.042609470321777,
        1.037529394981709,
        1.034842403645211,
        1.0314180996823819,
        1.0309118970911553,
        1.024753524267927,
        1.0232470840849774,
        1.0222903350566297,
        1.0144062498782545,
        1.0087013263651665,
        1.0103011258105015,
        1.0089877938970606,
        1.001334215732331,
        0.9975586336977939,
        0.9912638689609284,
        0.9873598300396128,
        0.9902314397882908,
        0.9856305236512042,
        0.9743325849796863,
        0.9764066268789008,
        0.9697385531790713,
        0.9614432390699995,
        0.9589131417426657,
        0.9575674933321933,
        0.9480411682991271,
        0.9518777182761659,
        0.950901227428558,
        0.948292446897385,
        0.9330460327736875,
        0.917449564375776,
        0.9181375807904183,
        0.907430000761722,
        0.9059350775911453,
        0.8914086926490703,
        0.8906352076124637,
        0.8802331793815532,
        0.8733469044908564,
        0.8731624915244731,
        0.861141101476994,
        0.8546830479134905
    ],
    "test_loss": [
        1.0596315413713455,
        1.0605306848883629,
        1.061463873833418,
        1.0547416731715202,
        1.0578544083982706,
        1.0494955144822598,
        1.0471553653478622,
        1.0454367138445377,
        1.0442455410957336,
        1.0414016023278236,
        1.0365677941590548,
        1.0340730529278517,
        1.0314265191555023,
        1.0333338044583797,
        1.0233361329883337,
        1.0375181138515472,
        1.0203257873654366,
        1.0287789423018694,
        1.0186654329299927,
        1.0209588259458542,
        1.0076634902507067,
        1.0329157840460539,
        1.0075019430369139,
        1.0108537804335356,
        0.9997601695358753,
        0.9963681995868683,
        1.0056911688297987,
        0.9910198468714952,
        0.9817676804959774,
        0.981998996809125,
        0.9919788725674152,
        0.9953801855444908,
        0.9809685293585062,
        0.9694664664566517,
        0.9613010976463556,
        0.9522013980895281,
        0.9665047358721495,
        0.9361326526850462,
        0.9397216774523258,
        0.9210557620972395,
        0.9841561429202557,
        0.912732457742095,
        0.9147794563323259,
        0.9118808154016733,
        0.9207512140274048
    ],
    "test_accuracy": 0.5605,
    "test_class_accuracy": [
        0.6095717884130982,
        0.05924170616113744,
        0.7806122448979592
    ],
    "configs": {
        "embedding_dir": "/users/jakhan/scratch/embeddings/",
        "save_dir": "/users/jakhan/scratch/experiments",
        "model": "CLIP",
        "layer": "12",
        "probe": "MLP",
        "dataset_name": "RAVEN",
        "data_config": "in_center_single_out_center_single",
        "task": "Size_0",
        "seed": "42",
        "lr": "0.001",
        "batch_size": "64",
        "epochs": "45"
    },
    "classes": {
        "0": "Constant",
        "1": "Progression",
        "2": "Distribute_Three"
    }
}