{
    "train_loss": [
        1.3866931821437591,
        1.386071576717052,
        1.3840902371609465,
        1.3838094257293863,
        1.3822385567299864,
        1.3804747157908501,
        1.3800302021046902,
        1.3775463307157476,
        1.3776531701392316,
        1.3762410232361326,
        1.375760255975926,
        1.375613085767056,
        1.3737088822303933,
        1.3725015432276624,
        1.3717535531267206,
        1.36995474962478,
        1.37074860993852,
        1.3692773238141487,
        1.3682544015823526,
        1.3676415390156684,
        1.3667101910773745,
        1.366005595694197,
        1.3657818005440083,
        1.3659831894204972,
        1.3642616310018174,
        1.3627622926488836,
        1.3634795686031909,
        1.362547923909857,
        1.3621196721462494,
        1.3612782993215196,
        1.3598299850808813,
        1.3593429720148127,
        1.3593741198803515,
        1.3582562411085088,
        1.356890210445891,
        1.357272229296096,
        1.3573641967266163,
        1.3557788716985824,
        1.3557798101546916,
        1.3537977185655148,
        1.3552573221795103,
        1.3546322901198204,
        1.3526924518828696,
        1.3539576124637684,
        1.3530393433063588
    ],
    "test_loss": [
        1.3849031440913677,
        1.3844422958791256,
        1.3851350098848343,
        1.3814535699784756,
        1.3810631521046162,
        1.3778339624404907,
        1.3792852237820625,
        1.375140342861414,
        1.3743808008730412,
        1.3761236853897572,
        1.3827108778059483,
        1.3726168014109135,
        1.3754726685583591,
        1.3702870719134808,
        1.368592917919159,
        1.368842612951994,
        1.3720404505729675,
        1.3709876723587513,
        1.3656889721751213,
        1.367073766887188,
        1.3634412661194801,
        1.366639044135809,
        1.3644989095628262,
        1.363248873502016,
        1.3633700013160706,
        1.3608849793672562,
        1.359816551208496,
        1.3621988072991371,
        1.3642040193080902,
        1.3581042625010014,
        1.3573634624481201,
        1.360528126358986,
        1.3587502799928188,
        1.3563798405230045,
        1.3606858290731907,
        1.3549387827515602,
        1.3563670925796032,
        1.357016384601593,
        1.3551295213401318,
        1.3578976429998875,
        1.355691235512495,
        1.3530111499130726,
        1.3626415953040123,
        1.3572462014853954,
        1.3541046753525734
    ],
    "test_accuracy": 0.3285,
    "test_class_accuracy": [
        0.23636363636363636,
        0.7205882352941176,
        0.20824742268041238,
        0.16973415132924335
    ],
    "configs": {
        "embedding_dir": "/users/jakhan/scratch/embeddings/",
        "save_dir": "/users/jakhan/scratch/experiments",
        "model": "CLIP",
        "layer": "2",
        "probe": "linear",
        "dataset_name": "RAVEN",
        "data_config": "center_single",
        "task": "Color",
        "seed": "42",
        "lr": "0.001",
        "batch_size": "64",
        "epochs": "45"
    },
    "classes": {
        "0": "Constant",
        "1": "Progression",
        "2": "Arithmetic",
        "3": "Distribute_Three"
    }
}