{
    "train_loss": [
        1.3000351038384945,
        1.1341369037932538,
        1.0196827516910878,
        0.9706871813916146,
        0.915055161460917,
        0.8677882717010823,
        0.8379248291888135,
        0.8190025268717015,
        0.7962636624244933,
        0.7712752292764947,
        0.7555662209683276,
        0.739971546416587,
        0.738420788277971,
        0.714878055643528,
        0.7066448410140708,
        0.6930701469487333,
        0.7008165349351599,
        0.669823760364918,
        0.6604398888476352,
        0.651110256288914,
        0.6601451521224164,
        0.6481693723100297,
        0.6387072389430188,
        0.622668593487841,
        0.6171256922026898,
        0.6026034650016339,
        0.5987989341324949,
        0.6003345003787507,
        0.600374383812255,
        0.6006763190665143,
        0.5861501532032135,
        0.5805521211091508,
        0.5633838034056603,
        0.5668128142331509,
        0.5610396183551626,
        0.5673127928946881,
        0.5631609590763741,
        0.5591488201567467,
        0.5532481106037789,
        0.5329780835420528,
        0.536053827468385,
        0.5266670102768756,
        0.5237398781674973,
        0.5139019486117871,
        0.5283390629164716
    ],
    "test_loss": [
        1.1959508024156094,
        1.058807684108615,
        0.9713866245001554,
        0.9143328350037336,
        0.8712392337620258,
        0.8408895339816809,
        0.8159358985722065,
        0.8218556307256222,
        0.7797985449433327,
        0.772581959143281,
        0.7814253140240908,
        0.7304426319897175,
        0.7118761800229549,
        0.7257958427071571,
        0.7428476884961128,
        0.7955291327089071,
        0.6848907358944416,
        0.6654884070158005,
        0.6541211511939764,
        0.7781153935939074,
        0.6905167941004038,
        0.6707276618108153,
        0.6486313696950674,
        0.6172024207189679,
        0.6807626886293292,
        0.6612736582756042,
        0.6497536394745111,
        0.6336169028654695,
        0.6136335469782352,
        0.6016347985714674,
        0.6196388024836779,
        0.5999057181179523,
        0.6061447598040104,
        0.6044327961280942,
        0.5808105729520321,
        0.6246700556948781,
        0.576568815857172,
        0.6269801463931799,
        0.5805550199002028,
        0.5712773539125919,
        0.5804828582331538,
        0.585058968514204,
        0.5812727836892009,
        0.5594775080680847,
        0.6116245919838548
    ],
    "test_accuracy": 0.744,
    "test_class_accuracy": [
        0.7909090909090909,
        0.5630252100840336,
        0.7463917525773196,
        0.8650306748466258
    ],
    "configs": {
        "embedding_dir": "/users/jakhan/scratch/embeddings/",
        "save_dir": "/users/jakhan/scratch/experiments",
        "model": "CLIP",
        "layer": "12",
        "probe": "MLP",
        "dataset_name": "RAVEN",
        "data_config": "center_single",
        "task": "Color",
        "seed": "42",
        "lr": "0.001",
        "batch_size": "64",
        "epochs": "45"
    },
    "classes": {
        "0": "Constant",
        "1": "Progression",
        "2": "Arithmetic",
        "3": "Distribute_Three"
    }
}