{
    "train_loss": [
        1.3888175601654864,
        1.3860687930533226,
        1.3869655373248648,
        1.3867369877531173,
        1.3865113106179745,
        1.3855656093739448,
        1.3856087593322104,
        1.3847308120828994,
        1.3854084966030527,
        1.3848617165646655,
        1.384312944209322,
        1.384152076345809,
        1.3834575008838734,
        1.383430359211374,
        1.3836961134951165,
        1.382713849240161,
        1.3821721241829243,
        1.3814367233438696,
        1.3817057102284533,
        1.3808350055775744,
        1.3815589940294306,
        1.3812496674821733,
        1.3813733788246805,
        1.3810484003513417,
        1.3801943253963551,
        1.379221037347266,
        1.3791634643331487,
        1.3794900686182874,
        1.3780972640565101,
        1.3788625991090815,
        1.3772525280079944,
        1.37797807759427,
        1.3783041340239504,
        1.3772131547014763,
        1.377504178818236,
        1.3763640383456617,
        1.3763324313975396,
        1.3761874716332618,
        1.3775269680834832,
        1.3758506001310145,
        1.3758670104310868,
        1.3740381281426612,
        1.3737860474180668,
        1.3740225789394784,
        1.37339482155252
    ],
    "test_loss": [
        1.389822568744421,
        1.3899804763495922,
        1.3882941044867039,
        1.387483324855566,
        1.3868618048727512,
        1.3882652148604393,
        1.384468648582697,
        1.384137075394392,
        1.3851977437734604,
        1.3872047550976276,
        1.3834527060389519,
        1.38422591984272,
        1.384197410196066,
        1.3827733471989632,
        1.3835307285189629,
        1.388819009065628,
        1.383111760020256,
        1.3828295767307281,
        1.3851521015167236,
        1.383508812636137,
        1.3825763538479805,
        1.382825680077076,
        1.3820809237658978,
        1.3812584467232227,
        1.3817231059074402,
        1.3857133835554123,
        1.3813412860035896,
        1.3819292970001698,
        1.3857606872916222,
        1.3815965689718723,
        1.3808897249400616,
        1.3848642110824585,
        1.3816165812313557,
        1.3798408806324005,
        1.3842140808701515,
        1.379535473883152,
        1.3790603838860989,
        1.383200004696846,
        1.379572607576847,
        1.3842730224132538,
        1.3784322179853916,
        1.378687895834446,
        1.379337102174759,
        1.3798969574272633,
        1.3775555081665516
    ],
    "test_accuracy": 0.306,
    "test_class_accuracy": [
        0.050100200400801605,
        0.46285714285714286,
        0.3326488706365503,
        0.3721881390593047
    ],
    "configs": {
        "embedding_dir": "/users/jakhan/scratch/embeddings/",
        "save_dir": "/users/jakhan/scratch/experiments",
        "model": "CLIP",
        "layer": "2",
        "probe": "linear",
        "dataset_name": "RAVEN",
        "data_config": "in_center_single_out_center_single",
        "task": "Color_1",
        "seed": "42",
        "lr": "0.001",
        "batch_size": "64",
        "epochs": "45"
    },
    "classes": {
        "0": "Constant",
        "1": "Progression",
        "2": "Arithmetic",
        "3": "Distribute_Three"
    }
}