{
    "train_loss": [
        1.8363850287934567,
        1.069206418509179,
        0.9947837394602755,
        0.9101521074771881,
        0.878960094553359,
        0.8328397958836657,
        0.8341595118350171,
        0.7684880361912099,
        0.7601780853372939,
        0.7562802421285751,
        0.7283417515932246,
        0.7081587882118022,
        0.7286407801699131,
        0.7054622319150479,
        0.7157702750348031,
        0.6929397960292533,
        0.6693180945325405,
        0.6677253052909323,
        0.6853586216556266,
        0.6342300201984162,
        0.6469720798604032,
        0.6502158768633579,
        0.6274857061340454,
        0.6157114201403678,
        0.6423293092149369,
        0.6765347389464683,
        0.6513704124917375,
        0.6247856718428592,
        0.599912943992209,
        0.5929244277959175,
        0.6542454428495245,
        0.5769587809101064,
        0.5876784220020822,
        0.6122801839671237,
        0.5672936658275888,
        0.6176276600107233,
        0.6058187738377997,
        0.5662015800146346,
        0.5685892016329663,
        0.5596944366363769,
        0.5980982355614926,
        0.6267130961443516,
        0.606140559975137,
        0.6285037433213376,
        0.5682954027297649
    ],
    "test_loss": [
        1.2676104381680489,
        0.9449243936687708,
        0.8732086960226297,
        0.8864896949380636,
        0.9935259111225605,
        0.9464784953743219,
        0.8335584159940481,
        0.7389540020376444,
        0.7275588717311621,
        0.9670794736593962,
        0.6905616112053394,
        0.851535014808178,
        0.7372803725302219,
        0.8524005766957998,
        1.0828655436635017,
        0.6913224887102842,
        0.7425259314477444,
        0.6696530915796757,
        0.6566669289022684,
        0.8797839041799307,
        0.6491244463250041,
        0.6225678706541657,
        0.673377875238657,
        0.671408262103796,
        1.0027495305985212,
        0.9655610863119364,
        0.7309010308235884,
        0.6640606112778187,
        0.6140164081007242,
        0.6832230407744646,
        0.6656549833714962,
        0.5916431993246078,
        0.5928960870951414,
        0.7102843010798097,
        0.6262572258710861,
        0.6284122318029404,
        0.611958360299468,
        0.6125039700418711,
        0.6267083948478103,
        0.6068328022956848,
        0.634321141988039,
        0.6343667861074209,
        0.5930210957303643,
        0.6228942489251494,
        0.6133115384727716
    ],
    "test_accuracy": 0.752,
    "test_class_accuracy": [
        0.9290909090909091,
        0.5210084033613446,
        0.7711340206185567,
        0.7586912065439673
    ],
    "configs": {
        "embedding_dir": "/users/jakhan/scratch/embeddings/",
        "save_dir": "/users/jakhan/scratch/experiments",
        "model": "DINOv3",
        "layer": "12",
        "probe": "linear",
        "dataset_name": "RAVEN",
        "data_config": "center_single",
        "task": "Color",
        "seed": "42",
        "lr": "0.001",
        "batch_size": "64",
        "epochs": "45"
    },
    "classes": {
        "0": "Constant",
        "1": "Progression",
        "2": "Arithmetic",
        "3": "Distribute_Three"
    }
}