{
    "train_loss": [
        1.252263938492917,
        1.0800987875207941,
        1.0697037507878973,
        1.0677985162176984,
        1.0714516595323036,
        1.0684446350057075,
        1.050521119477901,
        1.0581786778378994,
        1.0511067902788203,
        1.0400246952442413,
        1.0510216602619658,
        1.0465656056049022,
        1.0467339056603453,
        1.0448090947688895,
        1.04796353933659,
        1.0401689315095861,
        1.0362330776579836,
        1.0415196621671636,
        1.0388880752502603,
        1.0463551745769826,
        1.03606675153083,
        1.0390447663499953,
        1.032584787683284,
        1.0360523088181273,
        1.0380431737037414,
        1.0368509780853352,
        1.0314979267881272,
        1.032066229810106,
        1.0336041463182328,
        1.03774357159087,
        1.0330594384923895,
        1.0316864936909778,
        1.0317453513754176,
        1.032160391198828,
        1.0293885088981467,
        1.03222867212397,
        1.0348574956680865,
        1.030773271271523,
        1.0278045040495851,
        1.0228318705203685,
        1.0234203744441905,
        1.018896019205134,
        1.0251599556588111,
        1.0310230749718687,
        1.0228695273399353
    ],
    "test_loss": [
        1.0978460256010294,
        1.140728646889329,
        1.064700037240982,
        1.0557690989226103,
        1.051596887409687,
        1.1099296379834414,
        1.0419464409351349,
        1.07765063457191,
        1.0912373252213001,
        1.042365850880742,
        1.0435085613280535,
        1.0608022045344114,
        1.0680795852094889,
        1.054948290809989,
        1.0566358305513859,
        1.0667290966957808,
        1.074998378753662,
        1.0650011375546455,
        1.0454238317906857,
        1.0497243218123913,
        1.0600936245173216,
        1.0541250817477703,
        1.0449711009860039,
        1.0496814846992493,
        1.0433988608419895,
        1.0445485729724169,
        1.04533682577312,
        1.0405163895338774,
        1.0606151297688484,
        1.0492915455251932,
        1.0509103294461966,
        1.0700212139636278,
        1.0382522493600845,
        1.049152821302414,
        1.03622205555439,
        1.0489959996193647,
        1.0756375938653946,
        1.036848545074463,
        1.0470351856201887,
        1.0394053105264902,
        1.0349222235381603,
        1.0462484322488308,
        1.0307513698935509,
        1.049329411238432,
        1.0340640880167484
    ],
    "test_accuracy": 0.468,
    "test_class_accuracy": [
        0.43073047858942065,
        0.0,
        0.7576530612244898
    ],
    "configs": {
        "embedding_dir": "/users/jakhan/scratch/embeddings/",
        "save_dir": "/users/jakhan/scratch/experiments",
        "model": "DINOv3",
        "layer": "10",
        "probe": "MLP",
        "dataset_name": "RAVEN",
        "data_config": "in_center_single_out_center_single",
        "task": "Size_0",
        "seed": "42",
        "lr": "0.001",
        "batch_size": "64",
        "epochs": "45"
    },
    "classes": {
        "0": "Constant",
        "1": "Progression",
        "2": "Distribute_Three"
    }
}