{
    "train_loss": [
        1.097964550586457,
        1.0960219020539141,
        1.093549148833498,
        1.085917514689425,
        1.079098347653734,
        1.0695793337010322,
        1.0613365724999855,
        1.059718017248397,
        1.0502044273183702,
        1.042428230985682,
        1.0338407818307267,
        1.0287943774081292,
        1.0287567618045401,
        1.02220219373703,
        1.0171492010989087,
        1.0171202820666292,
        1.0116978002355455,
        1.0061101425201335,
        0.994913082807622,
        1.004796972300144,
        0.9904628459443438,
        0.9879926531872851,
        0.9868631787756657,
        0.99243308255013,
        0.9746764568572349,
        0.9770782253843673,
        0.9728401334995919,
        0.9740383751848911,
        0.9779795509703616,
        0.975349615863029,
        0.9574993373231685,
        0.9619189640308948,
        0.9549824157927899,
        0.9477084602447267,
        0.9478043761659176,
        0.9460959814964457,
        0.954131191715281,
        0.9460250107531852,
        0.9389443600431402,
        0.9301473010093608,
        0.9337203616791583,
        0.9379803931459467,
        0.9219862951877269,
        0.9222755216537638,
        0.9197191240939688
    ],
    "test_loss": [
        1.1013243645429611,
        1.0961531214416027,
        1.0882197730243206,
        1.0832415632903576,
        1.0748408287763596,
        1.0646828226745129,
        1.0629839021712542,
        1.062078595161438,
        1.0471461080014706,
        1.0519157201051712,
        1.0528173763304949,
        1.0497549287974834,
        1.0505030024796724,
        1.0393619295209646,
        1.0426632910966873,
        1.0258380491286516,
        1.0256235003471375,
        1.016142848879099,
        1.0223558247089386,
        1.0239617750048637,
        1.0123280677944422,
        1.0106477085500956,
        1.0246568713337183,
        1.010603416711092,
        1.0007829386740923,
        1.0038771871477365,
        0.9972130544483662,
        1.0747459027916193,
        1.0102024506777525,
        0.9931147713214159,
        1.002975145354867,
        1.01439911685884,
        0.9920222852379084,
        1.0042511988431215,
        1.0106062442064285,
        0.9866446312516928,
        0.9796790331602097,
        0.9894469734281301,
        0.9759112540632486,
        1.0212134961038828,
        0.9749178476631641,
        0.9679464343935251,
        0.990605665370822,
        0.9716948922723532,
        0.9643483851104975
    ],
    "test_accuracy": 0.5235,
    "test_class_accuracy": [
        0.6355685131195336,
        0.4748858447488584,
        0.4550989345509893
    ],
    "configs": {
        "embedding_dir": "/users/jakhan/scratch/embeddings/",
        "save_dir": "/users/jakhan/scratch/experiments",
        "model": "CLIP",
        "layer": "6",
        "probe": "MLP",
        "dataset_name": "RAVEN",
        "data_config": "in_center_single_out_center_single",
        "task": "Type_1",
        "seed": "42",
        "lr": "0.001",
        "batch_size": "64",
        "epochs": "45"
    },
    "classes": {
        "0": "Constant",
        "1": "Progression",
        "2": "Distribute_Three"
    }
}