{
    "train_loss": [
        1.1010146838553407,
        1.0987872443300613,
        1.0970183966007638,
        1.0942762443359861,
        1.093286485113996,
        1.0897977504324405,
        1.0822021415893068,
        1.0758374396790849,
        1.0690172580962485,
        1.0538665227433468,
        1.0451057223563498,
        1.0367955432293263,
        1.0269489193216284,
        1.0113961512738086,
        1.0023945056377572,
        0.9938364162089977,
        0.9841054119962327,
        0.9800043245579334,
        0.9599074296494747,
        0.9606217589784176,
        0.9580290304853561,
        0.9481204824244722,
        0.9336693343964029,
        0.9297122270502942,
        0.921663409217875,
        0.9100136966147321,
        0.9032793247953375,
        0.895716629129775,
        0.8926789646453046,
        0.8823401281174194,
        0.8778340822838723,
        0.8760983151324252,
        0.8669384698918525,
        0.8589168729934287,
        0.8538472544639668,
        0.8554060224522936,
        0.8442082607999761,
        0.8401660709939105,
        0.8380605432581394,
        0.8349052781754351,
        0.8309081754785903,
        0.8301239508263608,
        0.8219876251322158,
        0.8222547332023052,
        0.8111539882548312
    ],
    "test_loss": [
        1.097823865711689,
        1.0967495553195477,
        1.0977744869887829,
        1.0947197265923023,
        1.0923182517290115,
        1.0869688913226128,
        1.0816928669810295,
        1.0833895094692707,
        1.0668982900679111,
        1.059495449066162,
        1.0525375083088875,
        1.0420143157243729,
        1.0396488104015589,
        1.0235367398709059,
        1.0417574737221003,
        1.014393337070942,
        1.004937319085002,
        0.9897918850183487,
        0.9905140623450279,
        0.9786815904080868,
        0.9754532240331173,
        1.0040342975407839,
        0.9833345506340265,
        0.9776390604674816,
        0.9446752443909645,
        0.9482223000377417,
        0.9353601522743702,
        0.9313213806599379,
        0.9143869318068027,
        0.9226162489503622,
        0.9353733863681555,
        0.8980822525918484,
        0.8967063929885626,
        0.8950886372476816,
        0.8860668316483498,
        0.919019790366292,
        0.8868922181427479,
        0.8890763055533171,
        0.8880777861922979,
        0.8664300665259361,
        0.9128321632742882,
        0.8585246670991182,
        0.9035775251686573,
        0.8500026781111956,
        0.8503969609737396
    ],
    "test_accuracy": 0.6065,
    "test_class_accuracy": [
        0.49843260188087773,
        0.8381240544629349,
        0.4864479315263909
    ],
    "configs": {
        "embedding_dir": "/users/jakhan/scratch/embeddings/",
        "save_dir": "/users/jakhan/scratch/experiments",
        "model": "CLIP",
        "layer": "4",
        "probe": "MLP",
        "dataset_name": "RAVEN",
        "data_config": "in_center_single_out_center_single",
        "task": "Type_0",
        "seed": "42",
        "lr": "0.001",
        "batch_size": "64",
        "epochs": "45"
    },
    "classes": {
        "0": "Constant",
        "1": "Progression",
        "2": "Distribute_Three"
    }
}