{
    "train_loss": [
        1.2654479333060853,
        0.48687441266597586,
        0.39453867109532054,
        0.3369539005959288,
        0.2976181166286164,
        0.27721978042353973,
        0.2893296034729227,
        0.21847682105416946,
        0.2255037338968287,
        0.22594124372018146,
        0.19915137051584872,
        0.177837008887783,
        0.1737467443689387,
        0.19671263680496115,
        0.20728081599512,
        0.17624583987003944,
        0.1969262651227256,
        0.18897859450984508,
        0.17978308112063307,
        0.14341422455742003,
        0.1437778170914092,
        0.12403897136608337,
        0.1484468319710899,
        0.13947080646423585,
        0.1349263566922634,
        0.14904548449719207,
        0.14475047647794512,
        0.11625779800592585,
        0.11565414140436878,
        0.13092827802880647,
        0.13311776467301745,
        0.11556091472665046,
        0.0924709769005471,
        0.11410636542008278,
        0.12578302330555433,
        0.11651649910639575,
        0.13239105850299623,
        0.10204916204662716,
        0.0971805985343266,
        0.10155083510549144,
        0.08263361360877752,
        0.08929103735755099,
        0.15556100490403937,
        0.11523495523377936,
        0.15590307211622279
    ],
    "test_loss": [
        0.6464440803974867,
        0.48897858057171106,
        0.3977664513513446,
        0.31089097214862704,
        0.3611351763829589,
        0.3168545551598072,
        0.31248440546914935,
        0.2664238181896508,
        0.29511386435478926,
        0.28416246082633734,
        0.2644007713533938,
        0.19472349272109568,
        0.30919878277927637,
        0.5751079870387912,
        0.18176742643117905,
        0.46221297327429056,
        0.23931441688910127,
        0.15869390685111284,
        0.1528380091767758,
        0.18249043263494968,
        0.17861395562067628,
        0.21077649830840528,
        0.14949907548725605,
        0.15488883201032877,
        0.1703011633362621,
        0.25107935699634254,
        0.1164792375639081,
        0.2221580862533301,
        0.12396180827636272,
        0.2395245146472007,
        0.15499580511823297,
        0.17357131780590862,
        0.1323069710051641,
        0.1850823670392856,
        0.17371839913539588,
        0.11275638116057962,
        0.1610646836925298,
        0.21485748887062073,
        0.18496132991276681,
        0.12301366776227951,
        0.11657360341632739,
        0.2284183339215815,
        0.12661052274052054,
        0.15330549073405564,
        0.16873447445686907
    ],
    "test_accuracy": 0.9315,
    "test_class_accuracy": [
        0.9968652037617555,
        0.9455370650529501,
        0.8587731811697575
    ],
    "configs": {
        "embedding_dir": "/users/jakhan/scratch/embeddings/",
        "save_dir": "/users/jakhan/scratch/experiments",
        "model": "DINOv3",
        "layer": "12",
        "probe": "MLP",
        "dataset_name": "RAVEN",
        "data_config": "in_center_single_out_center_single",
        "task": "Type_0",
        "seed": "42",
        "lr": "0.001",
        "batch_size": "64",
        "epochs": "45"
    },
    "classes": {
        "0": "Constant",
        "1": "Progression",
        "2": "Distribute_Three"
    }
}