{
    "train_loss": [
        1.464298552655159,
        1.372076948906513,
        1.3512924148681316,
        1.3619591187923512,
        1.330225318036181,
        1.3093277114502928,
        1.3109487371241793,
        1.3035477019370871,
        1.2896252439377156,
        1.2762201897641445,
        1.2808397640573217,
        1.2669672446048006,
        1.2629116228286257,
        1.2549842976509256,
        1.2435686753151265,
        1.2478147821223482,
        1.25281327201965,
        1.2490866311053013,
        1.2344283588389133,
        1.2282665511395068,
        1.2257646296886688,
        1.2442070854471086,
        1.2395767797815038,
        1.2052408710439155,
        1.2107332703915048,
        1.2016705020945122,
        1.2123906891396705,
        1.1981865941209997,
        1.213650183474764,
        1.1969001299523292,
        1.1953014059269682,
        1.1962086266659675,
        1.1950333473530221,
        1.175911895772244,
        1.1787064500311588,
        1.2078613486695797,
        1.181407075613103,
        1.1715571829613218,
        1.1663799463434423,
        1.1974176136737174,
        1.178257464728457,
        1.165570376401252,
        1.1767549330883837,
        1.1693067842341485,
        1.1829344237104376
    ],
    "test_loss": [
        1.3697285056114197,
        1.3584841936826706,
        1.4060710445046425,
        1.3835942298173904,
        1.3530483208596706,
        1.3128171972930431,
        1.291764508932829,
        1.3093646876513958,
        1.2828102447092533,
        1.2681632041931152,
        1.2910779938101768,
        1.2687460593879223,
        1.27781867608428,
        1.2826096825301647,
        1.2728018909692764,
        1.2854281850159168,
        1.3656057007610798,
        1.2373737543821335,
        1.2454812079668045,
        1.243992529809475,
        1.2749497443437576,
        1.3260363712906837,
        1.245221022516489,
        1.2574394382536411,
        1.226879145950079,
        1.2750160358846188,
        1.2280396819114685,
        1.2173953019082546,
        1.3186674676835537,
        1.2249429486691952,
        1.2115512378513813,
        1.2226126231253147,
        1.2717763744294643,
        1.2638111785054207,
        1.208221111446619,
        1.2292940765619278,
        1.2165717259049416,
        1.2497530430555344,
        1.2509823888540268,
        1.3180117160081863,
        1.2711803503334522,
        1.1913625709712505,
        1.2003347985446453,
        1.3142171278595924,
        1.1928484365344048
    ],
    "test_accuracy": 0.484,
    "test_class_accuracy": [
        0.3907815631262525,
        0.6419047619047619,
        0.6057494866529775,
        0.2883435582822086
    ],
    "configs": {
        "embedding_dir": "/users/jakhan/scratch/embeddings/",
        "save_dir": "/users/jakhan/scratch/experiments",
        "model": "DINOv3",
        "layer": "8",
        "probe": "MLP",
        "dataset_name": "RAVEN",
        "data_config": "in_center_single_out_center_single",
        "task": "Color_1",
        "seed": "42",
        "lr": "0.001",
        "batch_size": "64",
        "epochs": "45"
    },
    "classes": {
        "0": "Constant",
        "1": "Progression",
        "2": "Arithmetic",
        "3": "Distribute_Three"
    }
}