{
    "train_loss": [
        1.3837967793992225,
        1.3577014918022967,
        1.3481576100308845,
        1.3339192398050999,
        1.3184259863609964,
        1.3151613423164854,
        1.29402272498354,
        1.293441135832604,
        1.280543550531915,
        1.2802865961764722,
        1.2662446536916367,
        1.2604763736116125,
        1.2545928714123178,
        1.2344319186312087,
        1.2314396475223786,
        1.2196616720645985,
        1.2035201267993196,
        1.2033809956083907,
        1.190348375350871,
        1.192294829703392,
        1.1777253835759265,
        1.1768183048735275,
        1.1782515530890607,
        1.1696304349189108,
        1.1693303115824436,
        1.1624365246042292,
        1.1538308814485023,
        1.1443044340356867,
        1.1502415322242898,
        1.1416196670938046,
        1.1368557633237635,
        1.1416026467972613,
        1.1381827497735937,
        1.1292870951459764,
        1.118281675780073,
        1.121681290104034,
        1.1158267126438466,
        1.111650323614161,
        1.1042203998312037,
        1.1054378316757527,
        1.097135693468946,
        1.103632354355873,
        1.1029324677396328,
        1.1100856534978176,
        1.0813015337954177
    ],
    "test_loss": [
        1.379041749984026,
        1.3439637832343578,
        1.3426449410617352,
        1.340925045311451,
        1.3219713792204857,
        1.2992695905268192,
        1.3094238489866257,
        1.3064547926187515,
        1.264718685299158,
        1.2932413667440414,
        1.282804112881422,
        1.2587626203894615,
        1.2456168197095394,
        1.2454085648059845,
        1.2587442472577095,
        1.218743834644556,
        1.2045585364103317,
        1.242995698004961,
        1.2166069112718105,
        1.198447871953249,
        1.1903845705091953,
        1.1952506490051746,
        1.2125462535768747,
        1.1692354027181864,
        1.209592442959547,
        1.167465716600418,
        1.1466134376823902,
        1.1999614369124174,
        1.1506760474294424,
        1.13557861559093,
        1.1706745903939009,
        1.2104045040905476,
        1.1353583876043558,
        1.1395742576569319,
        1.1347788535058498,
        1.149742728099227,
        1.1347497273236513,
        1.1221310123801231,
        1.1713204756379128,
        1.1126727797091007,
        1.1396761648356915,
        1.166901020333171,
        1.1554134376347065,
        1.1156523991376162,
        1.1321887820959091
    ],
    "test_accuracy": 0.4815,
    "test_class_accuracy": [
        0.6225296442687747,
        0.367816091954023,
        0.5987654320987654,
        0.3395061728395062
    ],
    "configs": {
        "embedding_dir": "/users/jakhan/scratch/embeddings/",
        "save_dir": "/users/jakhan/scratch/experiments",
        "model": "DINOv3",
        "layer": "6",
        "probe": "MLP",
        "dataset_name": "RAVEN",
        "data_config": "center_single",
        "task": "Size",
        "seed": "42",
        "lr": "0.001",
        "batch_size": "64",
        "epochs": "45"
    },
    "classes": {
        "0": "Constant",
        "1": "Progression",
        "2": "Arithmetic",
        "3": "Distribute_Three"
    }
}