{
    "train_loss": [
        1.388239950575727,
        1.3857081240796028,
        1.3848078022611903,
        1.3836538639474423,
        1.3812990467599098,
        1.3792528915912547,
        1.3767112633015246,
        1.3743450743086794,
        1.3701510086972664,
        1.3668721267517576,
        1.3626306133067354,
        1.3580006437098726,
        1.3531631954172825,
        1.3491235375404358,
        1.345769686901823,
        1.3378976925890496,
        1.3372205369015957,
        1.3316396284610668,
        1.3264923856613484,
        1.3226813318881583,
        1.3163561618074457,
        1.3143059700093371,
        1.3108560138560357,
        1.3046578650778913,
        1.3062486686605088,
        1.3010124348579568,
        1.2976353713806639,
        1.298811637340708,
        1.2977953198108267,
        1.2954159150732325,
        1.2959431270335584,
        1.2915999864010101,
        1.286977400170996,
        1.2882653931353956,
        1.286908673479202,
        1.288487677878522,
        1.2852955029365865,
        1.2872513976502926,
        1.2808874985004992,
        1.2782106171263026,
        1.276596815028089,
        1.2782192534588752,
        1.279142217433199,
        1.2773535974482273,
        1.2795774708402918
    ],
    "test_loss": [
        1.3879517652094364,
        1.3880544751882553,
        1.3837769888341427,
        1.3825015015900135,
        1.3799265809357166,
        1.3743508122861385,
        1.3714628852903843,
        1.3691654987633228,
        1.3630741611123085,
        1.3636234998703003,
        1.3564054630696774,
        1.3585478328168392,
        1.3459475375711918,
        1.3548852279782295,
        1.3460141345858574,
        1.34801160171628,
        1.3266245536506176,
        1.3308832123875618,
        1.3319546431303024,
        1.3156156316399574,
        1.3141194842755795,
        1.316087681800127,
        1.3115632608532906,
        1.301928535103798,
        1.300234392285347,
        1.2976004928350449,
        1.2964973524212837,
        1.2952037043869495,
        1.3057790510356426,
        1.3040931299328804,
        1.2945182546973228,
        1.289936251938343,
        1.293292660266161,
        1.2970218807458878,
        1.2886231616139412,
        1.2898468524217606,
        1.2872399352490902,
        1.284821480512619,
        1.2848931550979614,
        1.2927103452384472,
        1.2837275192141533,
        1.2818954959511757,
        1.2835955768823624,
        1.2870925143361092,
        1.2832353934645653
    ],
    "test_accuracy": 0.392,
    "test_class_accuracy": [
        0.14181818181818182,
        0.5903361344537815,
        0.7649484536082474,
        0.11042944785276074
    ],
    "configs": {
        "embedding_dir": "/users/jakhan/scratch/embeddings/",
        "save_dir": "/users/jakhan/scratch/experiments",
        "model": "CLIP",
        "layer": "2",
        "probe": "MLP",
        "dataset_name": "RAVEN",
        "data_config": "center_single",
        "task": "Color",
        "seed": "42",
        "lr": "0.001",
        "batch_size": "64",
        "epochs": "45"
    },
    "classes": {
        "0": "Constant",
        "1": "Progression",
        "2": "Arithmetic",
        "3": "Distribute_Three"
    }
}