{
    "train_loss": [
        1.1071638972201245,
        1.09078548690106,
        1.072525664846948,
        1.065814181845239,
        1.0490213759402012,
        1.0369332267882976,
        1.032357414986225,
        1.0218047740611624,
        1.0094875274820532,
        1.005942276817687,
        1.002058426750467,
        1.0041084689028719,
        0.9766283751802242,
        0.9709470037450182,
        0.9697691531891518,
        0.9613329210179917,
        0.9556836580976527,
        0.9368942716020219,
        0.9524935642455487,
        0.937234730796611,
        0.9482216619430704,
        0.9153713526877951,
        0.9367951084958747,
        0.9246874553091983,
        0.928706723324796,
        0.9137075955563403,
        0.9195405187758994,
        0.912311520348204,
        0.8943017042697744,
        0.8960647938099313,
        0.8979973957893697,
        0.9031983867604682,
        0.8938091746036042,
        0.8805718574118107,
        0.8821381102217004,
        0.8862609774508374,
        0.8780071221767588,
        0.875940774983548,
        0.911449115961156,
        0.8821598817693427,
        0.8697760181224092,
        0.8647799231904618,
        0.8830755219814626,
        0.8602913123496035,
        0.8669409916756001
    ],
    "test_loss": [
        1.108058337122202,
        1.1345958858728409,
        1.061392717063427,
        1.054728265851736,
        1.0381085090339184,
        1.0311874467879534,
        1.0214276108890772,
        1.0077610425651073,
        1.0084437038749456,
        0.9894062299281359,
        1.0465570781379938,
        0.9793000221252441,
        0.9873000755906105,
        0.9603622183203697,
        1.020002206787467,
        0.9813833236694336,
        0.9521327596157789,
        0.9722921997308731,
        0.9393721558153629,
        0.9759514592587948,
        0.9494734313338995,
        0.9241264313459396,
        0.927105875685811,
        0.9299538396298885,
        0.979942986741662,
        0.9194927625358105,
        0.9659361932426691,
        0.9110804442316294,
        0.9123337157070637,
        0.9024167340248823,
        0.9109918437898159,
        0.9216968640685081,
        0.8921053167432547,
        0.9057008177042007,
        0.8910544291138649,
        0.882713757455349,
        0.9041881449520588,
        0.8791216593235731,
        0.9410435408353806,
        0.8922942411154509,
        0.9235347919166088,
        0.8817641548812389,
        0.8775347452610731,
        0.8783016540110111,
        0.8788395635783672
    ],
    "test_accuracy": 0.578,
    "test_class_accuracy": [
        0.8087774294670846,
        0.394856278366112,
        0.5406562054208274
    ],
    "configs": {
        "embedding_dir": "/users/jakhan/scratch/embeddings/",
        "save_dir": "/users/jakhan/scratch/experiments",
        "model": "DINOv3",
        "layer": "6",
        "probe": "MLP",
        "dataset_name": "RAVEN",
        "data_config": "in_center_single_out_center_single",
        "task": "Type_0",
        "seed": "42",
        "lr": "0.001",
        "batch_size": "64",
        "epochs": "45"
    },
    "classes": {
        "0": "Constant",
        "1": "Progression",
        "2": "Distribute_Three"
    }
}