{
    "train_loss": [
        1.1018842889907512,
        1.099681150405965,
        1.0993602199757353,
        1.0988162768648027,
        1.0990529795910449,
        1.099133865630373,
        1.0988731181367914,
        1.0988075783912172,
        1.098890668534218,
        1.0988307354298044,
        1.0988350764234016,
        1.0987134905571634,
        1.0987971234828868,
        1.0987307099585837,
        1.0988448896306626,
        1.098685846683827,
        1.0986909879014848,
        1.0986828258697023,
        1.0986819799910201,
        1.0987305133900744,
        1.0986449819930055,
        1.0987869805478034,
        1.0986897463494159,
        1.098669575883987,
        1.098670301285196,
        1.0986751635023888,
        1.0986165886229657,
        1.0986271107450445,
        1.0986390177239762,
        1.0986004966370604,
        1.0986008441194575,
        1.098601409729491,
        1.0986263866120196,
        1.0986345004528126,
        1.098625583851591,
        1.098625898361206,
        1.0985985017837363,
        1.0986336888150965,
        1.0986890488482537,
        1.0986130288306704,
        1.09862541898768,
        1.0986217247678878,
        1.098618412271459,
        1.098639100155932,
        1.0986369252204895
    ],
    "test_loss": [
        1.1018467880785465,
        1.0986568816006184,
        1.098685022443533,
        1.0986376516520977,
        1.0986231341958046,
        1.098790667951107,
        1.0986733138561249,
        1.098661907017231,
        1.098633136600256,
        1.0986927039921284,
        1.0986130572855473,
        1.0986787639558315,
        1.098626121878624,
        1.0986227914690971,
        1.0986399576067924,
        1.0986328795552254,
        1.0986567288637161,
        1.0986376889050007,
        1.0986140854656696,
        1.0986118465662003,
        1.0986455604434013,
        1.098630242049694,
        1.0986519120633602,
        1.0986452847719193,
        1.0986507087945938,
        1.0986393168568611,
        1.0986476317048073,
        1.0986417718231678,
        1.0986314862966537,
        1.098659124225378,
        1.0986504666507244,
        1.0986407436430454,
        1.098647590726614,
        1.0986438170075417,
        1.0986322723329067,
        1.0986521877348423,
        1.0986358933150768,
        1.098660133779049,
        1.098635271191597,
        1.0986640341579914,
        1.0986530482769012,
        1.098654292523861,
        1.0986619144678116,
        1.0986404120922089,
        1.0986675955355167
    ],
    "test_accuracy": 0.3355,
    "test_class_accuracy": [
        0.0,
        0.0,
        1.0
    ],
    "configs": {
        "embedding_dir": "/users/jakhan/scratch/embeddings/",
        "save_dir": "/users/jakhan/scratch/experiments",
        "model": "CLIP",
        "layer": "0",
        "probe": "MLP",
        "dataset_name": "RAVEN",
        "data_config": "center_single",
        "task": "Type",
        "seed": "42",
        "lr": "0.001",
        "batch_size": "64",
        "epochs": "45"
    },
    "classes": {
        "0": "Constant",
        "1": "Progression",
        "2": "Distribute_Three"
    }
}