{
    "train_loss": [
        1.3869396105725715,
        1.385714774436139,
        1.385868048414271,
        1.383798362092769,
        1.3818360313456108,
        1.380871352997232,
        1.3788679825498702,
        1.3786153121197477,
        1.377262790152367,
        1.3758953327828265,
        1.3754429715744994,
        1.3730851449864976,
        1.3712059551096978,
        1.3703888007935057,
        1.3712785725897931,
        1.3693006190847843,
        1.3669791437209922,
        1.3661814775872738,
        1.365504042899355,
        1.3641624856502452,
        1.3643763166792848,
        1.3620559725355594,
        1.3609627155547446,
        1.3599150218862168,
        1.358686386270726,
        1.357748736726477,
        1.3565306993241006,
        1.354760782515749,
        1.3551031173543726,
        1.3530872299316081,
        1.3539019150936857,
        1.352156790013009,
        1.351343184075457,
        1.3504432832941096,
        1.35013351415066,
        1.348682239968726,
        1.3475518480260322,
        1.3464038904677047,
        1.3456250340380567,
        1.344578059429818,
        1.3446359012989288,
        1.342877299227613,
        1.3430963856108644,
        1.34227458213238,
        1.3413031354863594
    ],
    "test_loss": [
        1.3865466266870499,
        1.3852612562477589,
        1.382709838449955,
        1.3804941475391388,
        1.3799665346741676,
        1.37867172062397,
        1.3787540569901466,
        1.3783934153616428,
        1.3752222768962383,
        1.3753460757434368,
        1.3740530163049698,
        1.3721169270575047,
        1.3714270368218422,
        1.3743807189166546,
        1.3703742250800133,
        1.3701594434678555,
        1.3718033991754055,
        1.3698611557483673,
        1.3670128285884857,
        1.3687949255108833,
        1.3622871972620487,
        1.3671265169978142,
        1.3611004538834095,
        1.3620215691626072,
        1.3593136444687843,
        1.35776699334383,
        1.3595084361732006,
        1.3557935245335102,
        1.3570888042449951,
        1.3587438948452473,
        1.3545120134949684,
        1.3575508147478104,
        1.3531709797680378,
        1.349558349698782,
        1.3525228053331375,
        1.3531975597143173,
        1.3509279824793339,
        1.3489722684025764,
        1.3475863263010979,
        1.3482550047338009,
        1.3449787013232708,
        1.3506670072674751,
        1.3434852212667465,
        1.3478634655475616,
        1.3419391177594662
    ],
    "test_accuracy": 0.3975,
    "test_class_accuracy": [
        0.039525691699604744,
        0.5076628352490421,
        0.5246913580246914,
        0.5246913580246914
    ],
    "configs": {
        "embedding_dir": "/users/jakhan/scratch/embeddings/",
        "save_dir": "/users/jakhan/scratch/experiments",
        "model": "CLIP",
        "layer": "2",
        "probe": "linear",
        "dataset_name": "RAVEN",
        "data_config": "center_single",
        "task": "Size",
        "seed": "42",
        "lr": "0.001",
        "batch_size": "64",
        "epochs": "45"
    },
    "classes": {
        "0": "Constant",
        "1": "Progression",
        "2": "Arithmetic",
        "3": "Distribute_Three"
    }
}