{
    "train_loss": [
        1.101455382844235,
        1.0996174647452983,
        1.099471312888125,
        1.0983224194100563,
        1.0996806329869209,
        1.1000865634451522,
        1.0982346192319343,
        1.097737341485125,
        1.0978133779890993,
        1.0965421313935138,
        1.0964218340021499,
        1.0960029566541631,
        1.0961851464941146,
        1.0963405598985387,
        1.0952833168050076,
        1.0957367242650782,
        1.0946844841571564,
        1.0954649397667418,
        1.0943177342414856,
        1.094516210099484,
        1.0948374981575824,
        1.0938893607322207,
        1.0937696378281776,
        1.0939184160942728,
        1.0930012806932976,
        1.0923277482073357,
        1.0922949225344556,
        1.0928602079127698,
        1.091197725306166,
        1.0924767953284242,
        1.0925426546563493,
        1.091380554310819,
        1.091209499125785,
        1.0913481534795557,
        1.0914761081654976,
        1.090972438771674,
        1.0898414495143485,
        1.0899072175330304,
        1.0915110935556127,
        1.090356338531413,
        1.0897976578550135,
        1.0893326503165224,
        1.0896791321166017,
        1.088654506713786,
        1.0890993640777913
    ],
    "test_loss": [
        1.1006345823407173,
        1.0988473482429981,
        1.0982671417295933,
        1.0995189361274242,
        1.0986541025340557,
        1.0972369089722633,
        1.0980883873999119,
        1.0977232605218887,
        1.0965893007814884,
        1.0967437028884888,
        1.096527211368084,
        1.0965623930096626,
        1.0956635251641273,
        1.0960221104323864,
        1.0978701300919056,
        1.0949637070298195,
        1.0961815118789673,
        1.0953865759074688,
        1.0966693311929703,
        1.0963027700781822,
        1.0955533348023891,
        1.0975229553878307,
        1.0996227413415909,
        1.094061978161335,
        1.0947676189243793,
        1.094249863177538,
        1.0969182401895523,
        1.092819433659315,
        1.0967132896184921,
        1.0926057137548923,
        1.0924664549529552,
        1.092665370553732,
        1.0931337215006351,
        1.092149529606104,
        1.096757996827364,
        1.0917946994304657,
        1.091946266591549,
        1.0940480791032314,
        1.0918795205652714,
        1.0932013653218746,
        1.0925960540771484,
        1.0911222286522388,
        1.0920400694012642,
        1.0904465354979038,
        1.0942119173705578
    ],
    "test_accuracy": 0.338,
    "test_class_accuracy": [
        0.0,
        0.0197869101978691,
        0.9880774962742176
    ],
    "configs": {
        "embedding_dir": "/users/jakhan/scratch/embeddings/",
        "save_dir": "/users/jakhan/scratch/experiments",
        "model": "CLIP",
        "layer": "2",
        "probe": "linear",
        "dataset_name": "RAVEN",
        "data_config": "center_single",
        "task": "Type",
        "seed": "42",
        "lr": "0.001",
        "batch_size": "64",
        "epochs": "45"
    },
    "classes": {
        "0": "Constant",
        "1": "Progression",
        "2": "Distribute_Three"
    }
}