{
    "train_loss": [
        1.393542802080195,
        1.3873878907650075,
        1.3828203779585817,
        1.3816382415751194,
        1.3768075958211372,
        1.3751294422656932,
        1.3681531485090865,
        1.3706615567207336,
        1.3641489731504561,
        1.3616244526619607,
        1.3585193943470082,
        1.357782112791183,
        1.3565076614948028,
        1.3566581175682393,
        1.3568311511202062,
        1.3545983471768968,
        1.3570884098397924,
        1.3545469705094682,
        1.3537999619828893,
        1.353003017445828,
        1.357591025372769,
        1.3575050856204742,
        1.3503948729088966,
        1.3512845673459641,
        1.3463757558071867,
        1.3471684582689976,
        1.352379839471046,
        1.3470425694546801,
        1.3487215511342312,
        1.346327355567445,
        1.3435849116203633,
        1.3450606490703338,
        1.3446014117687306,
        1.3438567734779197,
        1.3457185207529272,
        1.3434790981576799,
        1.3427965323975746,
        1.3380314365346382,
        1.3394721644989989,
        1.3414855878403846,
        1.3368678371957008,
        1.3397716626207878,
        1.3380791697096317,
        1.3377681983278153,
        1.336634415261289
    ],
    "test_loss": [
        1.3905200622975826,
        1.3918523266911507,
        1.3813904710114002,
        1.378985982388258,
        1.3860403783619404,
        1.3724245950579643,
        1.3698504194617271,
        1.369906596839428,
        1.3674467504024506,
        1.3639112412929535,
        1.3688146956264973,
        1.3646746762096882,
        1.3624450340867043,
        1.3649635054171085,
        1.3609625324606895,
        1.3634527698159218,
        1.3635415397584438,
        1.3587561063468456,
        1.3588040173053741,
        1.3631233870983124,
        1.360080063343048,
        1.3618560619652271,
        1.3567680194973946,
        1.3558832444250584,
        1.3600628413259983,
        1.3540061004459858,
        1.359654489904642,
        1.3539112843573093,
        1.3542776554822922,
        1.354212462902069,
        1.356726922094822,
        1.3522753231227398,
        1.354799598455429,
        1.3562206365168095,
        1.3515828885138035,
        1.3498773947358131,
        1.355573195964098,
        1.3553374037146568,
        1.3511220440268517,
        1.3576751053333282,
        1.3628366999328136,
        1.3444640636444092,
        1.3488938845694065,
        1.3481035493314266,
        1.3497693799436092
    ],
    "test_accuracy": 0.334,
    "test_class_accuracy": [
        0.38877755511022044,
        0.5523809523809524,
        0.37782340862423,
        0.0
    ],
    "configs": {
        "embedding_dir": "/users/jakhan/scratch/embeddings/",
        "save_dir": "/users/jakhan/scratch/experiments",
        "model": "DINOv3",
        "layer": "2",
        "probe": "MLP",
        "dataset_name": "RAVEN",
        "data_config": "in_center_single_out_center_single",
        "task": "Color_1",
        "seed": "42",
        "lr": "0.001",
        "batch_size": "64",
        "epochs": "45"
    },
    "classes": {
        "0": "Constant",
        "1": "Progression",
        "2": "Arithmetic",
        "3": "Distribute_Three"
    }
}