{
    "train_loss": [
        1.388353818274559,
        1.38727564380524,
        1.388930912981642,
        1.3875960048208846,
        1.3893802305485339,
        1.3885048640535234,
        1.3886054462574897,
        1.387485223881742,
        1.387689563822239,
        1.3881396892222952,
        1.38779664420067,
        1.3884757655732176,
        1.387814038611473,
        1.3876864859398375,
        1.3890487069779254,
        1.3880137141714706,
        1.388166143539104,
        1.3886528611183167,
        1.3878709065153243,
        1.3884591181227501,
        1.386807158906409,
        1.3886795665355438,
        1.388534280847996,
        1.389116477459035,
        1.3878696725723592,
        1.3882633650556524,
        1.3873895064313362,
        1.3872486086601907,
        1.3880250986586227,
        1.387436441918637,
        1.388527329931868,
        1.3875391736943672,
        1.388534539557518,
        1.3881637733033363,
        1.388456995182849,
        1.387858029375685,
        1.3877667099871533,
        1.3881095368811425,
        1.3885966767656042,
        1.3877912417371223,
        1.3882600170500734,
        1.3884078708100827,
        1.3882681017226361,
        1.3881153882818018,
        1.3877521119219192
    ],
    "test_loss": [
        1.3867345191538334,
        1.3857302144169807,
        1.3882116451859474,
        1.388512909412384,
        1.3885504007339478,
        1.3890100456774235,
        1.3878565691411495,
        1.3864683993160725,
        1.38883838057518,
        1.386030986905098,
        1.3882889226078987,
        1.3856214508414268,
        1.3878799304366112,
        1.38755102455616,
        1.3878212869167328,
        1.3867009580135345,
        1.3874783404171467,
        1.3870230987668037,
        1.3869389556348324,
        1.387860007584095,
        1.3911675438284874,
        1.3894269615411758,
        1.3876188099384308,
        1.3860341347754002,
        1.3871599957346916,
        1.388740185648203,
        1.3875705525279045,
        1.3879643492400646,
        1.3882135711610317,
        1.3893796987831593,
        1.3897218517959118,
        1.3897744975984097,
        1.3864300101995468,
        1.3868700936436653,
        1.38815014436841,
        1.3900979198515415,
        1.3887636065483093,
        1.386692889034748,
        1.3866932056844234,
        1.389360524713993,
        1.387950912117958,
        1.3919400908052921,
        1.3895016871392727,
        1.390245757997036,
        1.3891045227646828
    ],
    "test_accuracy": 0.243,
    "test_class_accuracy": [
        0.0,
        0.0,
        1.0,
        0.0
    ],
    "configs": {
        "embedding_dir": "/users/jakhan/scratch/embeddings/",
        "save_dir": "/users/jakhan/scratch/experiments",
        "model": "DINOv3",
        "layer": "0",
        "probe": "linear",
        "dataset_name": "RAVEN",
        "data_config": "center_single",
        "task": "Size",
        "seed": "42",
        "lr": "0.001",
        "batch_size": "64",
        "epochs": "45"
    },
    "classes": {
        "0": "Constant",
        "1": "Progression",
        "2": "Arithmetic",
        "3": "Distribute_Three"
    }
}