{
    "train_loss": [
        1.0380009520561138,
        0.8562797174808827,
        0.7483039859761583,
        0.6818038447106138,
        0.663193589829384,
        0.6028749270642058,
        0.5667012444836028,
        0.5422460826787543,
        0.5143076701367155,
        0.4972174678077089,
        0.47506989982533965,
        0.45579957327944165,
        0.43889485362996444,
        0.42141403955347995,
        0.4155060220906075,
        0.41779896743754125,
        0.38287005874704805,
        0.38182601570448976,
        0.3614355871017943,
        0.36122706833672014,
        0.3482574834785563,
        0.33948332911476176,
        0.337878498783771,
        0.33668212671863273,
        0.32576835615203736,
        0.3172251079627808,
        0.3093506365697435,
        0.31112743232478485,
        0.31342196607209266,
        0.29796945557315296,
        0.3035034901918249,
        0.2908455452069323,
        0.2935267314314842,
        0.28008174373114364,
        0.2706491706219125,
        0.26847210241124986,
        0.2746440408394692,
        0.26825553432424015,
        0.264268806323092,
        0.2606705736289633,
        0.2622764135928864,
        0.25912958066514197,
        0.2694758397150547,
        0.2509795820459406,
        0.25072108827372813
    ],
    "test_loss": [
        0.9411348607391119,
        0.7852927912026644,
        0.7328728456050158,
        0.6481507737189531,
        0.6165452357381582,
        0.5876059187576175,
        0.5722451908513904,
        0.5392185682430863,
        0.5021731872111559,
        0.5000310074537992,
        0.5010892245918512,
        0.45665638614445925,
        0.43717949464917183,
        0.42514312732964754,
        0.4063126500695944,
        0.41774335969239473,
        0.4136356608942151,
        0.37985455291345716,
        0.36722536804154515,
        0.36150724720209837,
        0.38438015151768923,
        0.3482252135872841,
        0.33640747191384435,
        0.3568180096335709,
        0.3509898716583848,
        0.37577294278889894,
        0.31074623158201575,
        0.3481478583998978,
        0.30075419088825583,
        0.3451616084203124,
        0.30435628490522504,
        0.30695283273234963,
        0.30146488966420293,
        0.30967251770198345,
        0.273466766346246,
        0.2754017189145088,
        0.27274440694600344,
        0.2633809484541416,
        0.26428496977314353,
        0.27398747438564897,
        0.2625192878767848,
        0.2718529347330332,
        0.2837292293552309,
        0.28318405942991376,
        0.2583968392573297
    ],
    "test_accuracy": 0.8955,
    "test_class_accuracy": [
        0.9389880952380952,
        0.9269406392694064,
        0.8211624441132638
    ],
    "configs": {
        "embedding_dir": "/users/jakhan/scratch/embeddings/",
        "save_dir": "/users/jakhan/scratch/experiments",
        "model": "CLIP",
        "layer": "8",
        "probe": "MLP",
        "dataset_name": "RAVEN",
        "data_config": "center_single",
        "task": "Type",
        "seed": "42",
        "lr": "0.001",
        "batch_size": "64",
        "epochs": "45"
    },
    "classes": {
        "0": "Constant",
        "1": "Progression",
        "2": "Distribute_Three"
    }
}