{
    "train_loss": [
        1.104007843961107,
        1.078363445210964,
        1.0665984927339758,
        1.0529324253822894,
        1.0466636780728684,
        1.0421643910255838,
        1.034299258856063,
        1.028801346712924,
        1.020771121091031,
        1.020071529961647,
        1.0195218007615272,
        1.009171648862514,
        1.0091397216979494,
        1.0030502753054842,
        1.0025652653359352,
        0.9974171424165685,
        0.9978809185484623,
        0.9949267474894828,
        0.9905411797635099,
        0.9850889476055794,
        0.9856235435668458,
        0.98173618189832,
        0.982463796722128,
        0.979620081313113,
        0.97789170577171,
        0.9718743068106631,
        0.9706853514022016,
        0.9689684916049877,
        0.9671301188621115,
        0.9663265379185372,
        0.9631269517097067,
        0.9638948275687846,
        0.9618268710501651,
        0.9608860174392132,
        0.9571903544537564,
        0.9536644512034477,
        0.9558768760650715,
        0.9499812836342669,
        0.9487480419747373,
        0.9477464696194263,
        0.9517009410452335,
        0.9472348905624227,
        0.9441942401388859,
        0.9428714697665357,
        0.9448852044470767
    ],
    "test_loss": [
        1.093470361083746,
        1.070904828608036,
        1.0767486840486526,
        1.0770572163164616,
        1.064954001456499,
        1.0526720359921455,
        1.0521949660032988,
        1.03576241992414,
        1.045728338882327,
        1.059579499065876,
        1.0291127115488052,
        1.0198844354599714,
        1.0246364865452051,
        1.0134971048682928,
        1.0121373012661934,
        1.018159555271268,
        1.009773001074791,
        1.0041423421353102,
        1.0003714375197887,
        1.0028054546564817,
        1.0053673926740885,
        1.0071923397481441,
        1.0051009934395552,
        1.000931078568101,
        0.9920435324311256,
        0.9870204702019691,
        0.9880678132176399,
        0.9840055946260691,
        0.9814092144370079,
        0.989098884165287,
        0.9943183604627848,
        0.9763271324336529,
        0.9778193738311529,
        0.9738427791744471,
        0.9738493375480175,
        0.9695295635610819,
        0.9695914462208748,
        0.9663654752075672,
        0.9735456630587578,
        0.9641619212925434,
        0.9740079995244741,
        0.9629222638905048,
        0.9648506883531809,
        0.9680004231631756,
        0.9577673990279436
    ],
    "test_accuracy": 0.536,
    "test_class_accuracy": [
        0.6101190476190477,
        0.5707762557077626,
        0.4277198211624441
    ],
    "configs": {
        "embedding_dir": "/users/jakhan/scratch/embeddings/",
        "save_dir": "/users/jakhan/scratch/experiments",
        "model": "DINOv3",
        "layer": "6",
        "probe": "linear",
        "dataset_name": "RAVEN",
        "data_config": "center_single",
        "task": "Type",
        "seed": "42",
        "lr": "0.001",
        "batch_size": "64",
        "epochs": "45"
    },
    "classes": {
        "0": "Constant",
        "1": "Progression",
        "2": "Distribute_Three"
    }
}