{
    "train_loss": [
        1.3872558423813353,
        1.3795676586475778,
        1.3719679573748975,
        1.3666715888266867,
        1.3608830178037603,
        1.3556303546783772,
        1.3515104347086968,
        1.3456108633508073,
        1.343053936958313,
        1.3381609460140795,
        1.335649123851289,
        1.3314241855702502,
        1.3289049407269091,
        1.3268969794537158,
        1.3238810034508401,
        1.3207886130251782,
        1.3195699174353417,
        1.3152522863225733,
        1.3139494492652568,
        1.3119356695641862,
        1.308199647893297,
        1.3060685053784797,
        1.3039433930782562,
        1.3018349675422018,
        1.300192745442086,
        1.297271118519154,
        1.2971124585638656,
        1.2950604253626885,
        1.292381152193597,
        1.2914557051151356,
        1.2915729753514553,
        1.2890299165502508,
        1.287467951470233,
        1.2868634855493586,
        1.283935917184708,
        1.2827284361453766,
        1.2824442754400538,
        1.279348760209185,
        1.278478575513718,
        1.2763571548969188,
        1.2783415989672884,
        1.2760459362192358,
        1.2728094306397946,
        1.2726049220308344,
        1.2716322198827217
    ],
    "test_loss": [
        1.388168465346098,
        1.3718249052762985,
        1.367123357951641,
        1.3662254512310028,
        1.3546220734715462,
        1.3524129875004292,
        1.349992860108614,
        1.3418127596378326,
        1.3387963064014912,
        1.3444986119866371,
        1.3342535383999348,
        1.3313813842833042,
        1.331139899790287,
        1.3294306509196758,
        1.3211940191686153,
        1.3225016444921494,
        1.3188256956636906,
        1.3180131949484348,
        1.3214517533779144,
        1.313224520534277,
        1.313478596508503,
        1.3089694902300835,
        1.30525404214859,
        1.3083551228046417,
        1.302133809775114,
        1.300978623330593,
        1.3025467693805695,
        1.2965685985982418,
        1.2951623275876045,
        1.3005999699234962,
        1.2987320236861706,
        1.292332872748375,
        1.2888961918652058,
        1.2885201312601566,
        1.2890743352472782,
        1.2880977652966976,
        1.2891977988183498,
        1.2915894128382206,
        1.2887910231947899,
        1.2894228361546993,
        1.2915021479129791,
        1.2822456769645214,
        1.2791766412556171,
        1.2772034667432308,
        1.284742258489132
    ],
    "test_accuracy": 0.4015,
    "test_class_accuracy": [
        0.14519427402862986,
        0.3433395872420263,
        0.7641921397379913,
        0.38269230769230766
    ],
    "configs": {
        "embedding_dir": "/users/jakhan/scratch/embeddings/",
        "save_dir": "/users/jakhan/scratch/experiments",
        "model": "CLIP",
        "layer": "8",
        "probe": "linear",
        "dataset_name": "RAVEN",
        "data_config": "in_center_single_out_center_single",
        "task": "Size_1",
        "seed": "42",
        "lr": "0.001",
        "batch_size": "64",
        "epochs": "45"
    },
    "classes": {
        "0": "Constant",
        "1": "Progression",
        "2": "Arithmetic",
        "3": "Distribute_Three"
    }
}