{
    "train_loss": [
        1.5758188341526276,
        1.3936178760325655,
        1.4091052793441934,
        1.3855922843547577,
        1.3471974451491173,
        1.3444217595648258,
        1.3329622707468398,
        1.3099755708207474,
        1.3208853741909594,
        1.3078859879615459,
        1.294542741268239,
        1.3123341798782349,
        1.3236650291909562,
        1.326230212729028,
        1.295023521210285,
        1.2974570190652888,
        1.3014165226449357,
        1.2797582758233903,
        1.282744585199559,
        1.2785027661222093,
        1.2751631965028478,
        1.2831079059458794,
        1.290752571948031,
        1.2777580111584765,
        1.2651268193062315,
        1.2629213168265971,
        1.2756185328706782,
        1.2902978341630165,
        1.269018850427993,
        1.2676859954570203,
        1.2759938354187823,
        1.2562130778393847,
        1.2538354333410873,
        1.272084191758582,
        1.2658114458652252,
        1.2568492597721992,
        1.239963724258098,
        1.2579790277683989,
        1.242296207458415,
        1.2394958011647488,
        1.2521437343130721,
        1.238763469330808,
        1.229923906478476,
        1.217313345442427,
        1.2220372747867665
    ],
    "test_loss": [
        1.4604484848678112,
        1.3460849411785603,
        1.4209907464683056,
        1.3454703465104103,
        1.3238384388387203,
        1.3382212333381176,
        1.3283176086843014,
        1.298870325088501,
        1.2907751314342022,
        1.288107942789793,
        1.2956266179680824,
        1.3019381128251553,
        1.3142184615135193,
        1.3467788584530354,
        1.293349489569664,
        1.3297128528356552,
        1.296482976526022,
        1.2986822538077831,
        1.2889386489987373,
        1.2778549790382385,
        1.274295698851347,
        1.2766770906746387,
        1.289333425462246,
        1.2799316719174385,
        1.2637399323284626,
        1.2764666564762592,
        1.4236415959894657,
        1.2916474267840385,
        1.2732747495174408,
        1.330273326486349,
        1.27273441106081,
        1.2596375234425068,
        1.2721182443201542,
        1.302755318582058,
        1.260575793683529,
        1.2430020980536938,
        1.2590562589466572,
        1.3000873401761055,
        1.299634713679552,
        1.2541103772819042,
        1.2364458739757538,
        1.240666039288044,
        1.2527031861245632,
        1.2209460735321045,
        1.2674818709492683
    ],
    "test_accuracy": 0.3985,
    "test_class_accuracy": [
        0.7505112474437627,
        0.45778611632270166,
        0.3777292576419214,
        0.025
    ],
    "configs": {
        "embedding_dir": "/users/jakhan/scratch/embeddings/",
        "save_dir": "/users/jakhan/scratch/experiments",
        "model": "DINOv3",
        "layer": "10",
        "probe": "MLP",
        "dataset_name": "RAVEN",
        "data_config": "in_center_single_out_center_single",
        "task": "Size_1",
        "seed": "42",
        "lr": "0.001",
        "batch_size": "64",
        "epochs": "45"
    },
    "classes": {
        "0": "Constant",
        "1": "Progression",
        "2": "Arithmetic",
        "3": "Distribute_Three"
    }
}