{
    "train_loss": [
        0.9750613113667103,
        0.7392574935517413,
        0.6388720210562361,
        0.5861558159615131,
        0.5202166209829614,
        0.4824622580979733,
        0.4482664462733776,
        0.4198240542665441,
        0.4165245118610402,
        0.3843887898516148,
        0.37406188645895494,
        0.36448148970908306,
        0.3390635667329139,
        0.341936837802542,
        0.33320998384597456,
        0.3109008474869931,
        0.3063231053504538,
        0.3262610687537396,
        0.30149229758597434,
        0.2923188658153757,
        0.2840243478087669,
        0.27603011927072035,
        0.2726032144211708,
        0.27126770831168967,
        0.2507619113522641,
        0.25563394349623236,
        0.2579705824560307,
        0.24089041098635247,
        0.24515948729946258,
        0.23769145427232094,
        0.2565413635778934,
        0.22233661438556426,
        0.2413973403262331,
        0.23097098174881428,
        0.22417036008010519,
        0.2235597222250827,
        0.20559289528334396,
        0.22375126951869498,
        0.20233385629476386,
        0.202208779672993,
        0.19281046916829778,
        0.2138716056150325,
        0.20184828483677925,
        0.1826867789347121,
        0.18898266886777065
    ],
    "test_loss": [
        0.8390525858849287,
        0.7296200953423977,
        0.6148091815412045,
        0.5766071369871497,
        0.5359882619231939,
        0.47679411619901657,
        0.4382184036076069,
        0.43178468383848667,
        0.4163374025374651,
        0.3834087778814137,
        0.3866921733133495,
        0.3899630452506244,
        0.3457518592476845,
        0.3357458063401282,
        0.367778648622334,
        0.3329921714030206,
        0.3353045852854848,
        0.3169056363403797,
        0.30118900490924716,
        0.2954574222676456,
        0.2974748467095196,
        0.33650999143719673,
        0.32132029719650745,
        0.36536923702806234,
        0.27272937120869756,
        0.30940568866208196,
        0.2632410656660795,
        0.28168603871017694,
        0.3006101488135755,
        0.2596614761278033,
        0.25040628435090184,
        0.3384135700762272,
        0.2460386622697115,
        0.2667525243014097,
        0.2607380268163979,
        0.22695196839049459,
        0.24086828622967005,
        0.2721914276480675,
        0.23740182584151626,
        0.24824585020542145,
        0.24960328289307654,
        0.2101366186980158,
        0.22350684460252523,
        0.23414626717567444,
        0.25640309089794755
    ],
    "test_accuracy": 0.8995,
    "test_class_accuracy": [
        0.9090909090909091,
        0.9440242057488654,
        0.8487874465049928
    ],
    "configs": {
        "embedding_dir": "/users/jakhan/scratch/embeddings/",
        "save_dir": "/users/jakhan/scratch/experiments",
        "model": "CLIP",
        "layer": "12",
        "probe": "MLP",
        "dataset_name": "RAVEN",
        "data_config": "in_center_single_out_center_single",
        "task": "Type_0",
        "seed": "42",
        "lr": "0.001",
        "batch_size": "64",
        "epochs": "45"
    },
    "classes": {
        "0": "Constant",
        "1": "Progression",
        "2": "Distribute_Three"
    }
}