{
    "train_loss": [
        1.0402364445493577,
        0.951162854407696,
        0.8944580542280319,
        0.8478306271928422,
        0.8130232292286893,
        0.7867058103388929,
        0.7622946450050841,
        0.740580270899103,
        0.7235983419925609,
        0.7052652100299267,
        0.691495934699444,
        0.6759146673882261,
        0.6644581524615593,
        0.652752861697623,
        0.640981581616909,
        0.6286091455753814,
        0.6198922383024338,
        0.6097681186300643,
        0.6022742276496076,
        0.5931075199487361,
        0.5855748758037039,
        0.578742800874913,
        0.5716641798932501,
        0.5643355313767778,
        0.5595990397194599,
        0.5521642879602757,
        0.5445305866763946,
        0.5381462567664207,
        0.5339540404842255,
        0.5280653111478115,
        0.5235373640948153,
        0.520573301518217,
        0.5122758914181527,
        0.5085667447840914,
        0.506367694190208,
        0.499536006691608,
        0.49555196470402657,
        0.49243542773926513,
        0.4885393444527971,
        0.48388275313884654,
        0.4809988905140694,
        0.4772082503805769,
        0.472811629163458,
        0.4683590141382623,
        0.46576532784928665
    ],
    "test_loss": [
        0.9949972610920668,
        0.9340725932270288,
        0.8869668953120708,
        0.8532130792737007,
        0.8207899536937475,
        0.8061332982033491,
        0.7766039092093706,
        0.7702934723347425,
        0.7427407316863537,
        0.7233008593320847,
        0.721438916400075,
        0.6976363305002451,
        0.6897777114063501,
        0.6729954853653908,
        0.6621418576687574,
        0.6505450736731291,
        0.6422558054327965,
        0.6303045935928822,
        0.6253465581685305,
        0.6242298390716314,
        0.6062105055898428,
        0.5981576191261411,
        0.5920966863632202,
        0.5867795376107097,
        0.5807608310133219,
        0.5718490146100521,
        0.5657297112047672,
        0.5665018577128649,
        0.5551519822329283,
        0.548299708403647,
        0.5434440169483423,
        0.5380917992442846,
        0.5338341007009149,
        0.5303068803623319,
        0.5269326148554683,
        0.5217102020978928,
        0.5160224651917815,
        0.5171453161165118,
        0.5082950741052628,
        0.5094634164124727,
        0.502018946222961,
        0.4969452153891325,
        0.4929469330236316,
        0.49065235536545515,
        0.4865482822060585
    ],
    "test_accuracy": 0.833,
    "test_class_accuracy": [
        0.932601880877743,
        0.7549167927382754,
        0.8159771754636234
    ],
    "configs": {
        "embedding_dir": "/users/jakhan/scratch/embeddings/",
        "save_dir": "/users/jakhan/scratch/experiments",
        "model": "CLIP",
        "layer": "12",
        "probe": "linear",
        "dataset_name": "RAVEN",
        "data_config": "in_center_single_out_center_single",
        "task": "Type_0",
        "seed": "42",
        "lr": "0.001",
        "batch_size": "64",
        "epochs": "45"
    },
    "classes": {
        "0": "Constant",
        "1": "Progression",
        "2": "Distribute_Three"
    }
}