{
    "train_loss": [
        1.0606024715494602,
        0.8654001317125686,
        0.6871019081866487,
        0.6005893644500286,
        0.5450370552692008,
        0.5139820474259397,
        0.47866099026608977,
        0.45034983627339625,
        0.4289035483243618,
        0.40477039680836047,
        0.3844541742446575,
        0.37215398965363805,
        0.3454606074919092,
        0.33413700109466593,
        0.33117895034399436,
        0.31447777136209165,
        0.30494476347527605,
        0.31829733464946136,
        0.29482650091039375,
        0.2873132458709656,
        0.27917442312265967,
        0.2758398060785963,
        0.27072933871061244,
        0.2773623250900431,
        0.27606834550487236,
        0.2566639707285039,
        0.24799454830428388,
        0.24268229670347052,
        0.2492925797371154,
        0.24057115963164796,
        0.2375209260177105,
        0.22869962081313133,
        0.2406588115115115,
        0.22299218082681616,
        0.21865613980496185,
        0.22490467670116018,
        0.22493459585499256,
        0.22610181649314595,
        0.21355021649852712,
        0.21611390651223508,
        0.20493669364046543,
        0.2063613066330869,
        0.2131285990806336,
        0.20119426930521397,
        0.21016356880043416
    ],
    "test_loss": [
        0.9937110841274261,
        0.7654960211366415,
        0.647014930844307,
        0.5924352761358023,
        0.5546207195147872,
        0.5226719295606017,
        0.48418343253433704,
        0.46759774070233107,
        0.4381075967103243,
        0.4273760747164488,
        0.3917502900585532,
        0.3890827251598239,
        0.3606127994135022,
        0.3369853417389095,
        0.3468431308865547,
        0.32197630358859897,
        0.3303533839061856,
        0.340350401122123,
        0.29649623297154903,
        0.2977061877027154,
        0.3148174132220447,
        0.3081336007453501,
        0.2899152007885277,
        0.472083886153996,
        0.2700275108218193,
        0.2560882163234055,
        0.2626767926849425,
        0.2655072878114879,
        0.24368542851880193,
        0.2673846981488168,
        0.24258895637467504,
        0.2871885681524873,
        0.2646348213311285,
        0.23250109748914838,
        0.2533032498322427,
        0.2342027393169701,
        0.22475881641730666,
        0.25015987223014235,
        0.2363724324386567,
        0.23036784981377423,
        0.21618164004758,
        0.21513165906071663,
        0.2709049698896706,
        0.24633895186707377,
        0.2139830756932497
    ],
    "test_accuracy": 0.9135,
    "test_class_accuracy": [
        0.9623824451410659,
        0.8940998487140696,
        0.8873038516405135
    ],
    "configs": {
        "embedding_dir": "/users/jakhan/scratch/embeddings/",
        "save_dir": "/users/jakhan/scratch/experiments",
        "model": "CLIP",
        "layer": "8",
        "probe": "MLP",
        "dataset_name": "RAVEN",
        "data_config": "in_center_single_out_center_single",
        "task": "Type_0",
        "seed": "42",
        "lr": "0.001",
        "batch_size": "64",
        "epochs": "45"
    },
    "classes": {
        "0": "Constant",
        "1": "Progression",
        "2": "Distribute_Three"
    }
}