{
    "train_loss": [
        1.3779690861701965,
        1.355461725529204,
        1.3387889595741922,
        1.3237708515309272,
        1.3134149021290717,
        1.3005993594514562,
        1.2918137514844854,
        1.2829381988403645,
        1.2758371563667947,
        1.2711475631023974,
        1.263530411618821,
        1.2599276989064319,
        1.2543162589377546,
        1.2505640260716702,
        1.2470135612690703,
        1.2427797964278688,
        1.2373959510884387,
        1.2333063622738452,
        1.231507879622439,
        1.227634608745575,
        1.2263567041843495,
        1.225333333015442,
        1.2228017614242879,
        1.2178492520717865,
        1.2145280622421426,
        1.2107308798647942,
        1.2106897323689563,
        1.2093787446935127,
        1.207196037820045,
        1.2052153031876747,
        1.2014103481110106,
        1.2008408447529406,
        1.200700729451281,
        1.1984892259252833,
        1.1964532669554366,
        1.1922219306864636,
        1.1926451223961851,
        1.189380870220509,
        1.1900484346328897,
        1.1874159054553255,
        1.1869720207883956,
        1.1827504748993731,
        1.1813523109923019,
        1.1794362524722486,
        1.1784245993228668
    ],
    "test_loss": [
        1.3635363355278969,
        1.353221170604229,
        1.328285001218319,
        1.3260993361473083,
        1.3087602518498898,
        1.2914605475962162,
        1.2856615297496319,
        1.2758998200297356,
        1.2727387472987175,
        1.2670108117163181,
        1.257985208183527,
        1.2555452845990658,
        1.2503262646496296,
        1.24866346642375,
        1.2407302744686604,
        1.2434562593698502,
        1.2328477054834366,
        1.232301026582718,
        1.2309485524892807,
        1.2314610928297043,
        1.2223521769046783,
        1.219067022204399,
        1.2197845317423344,
        1.2143483757972717,
        1.2145432531833649,
        1.2143828943371773,
        1.2120775915682316,
        1.2151412293314934,
        1.216424260288477,
        1.201802734285593,
        1.2090510129928589,
        1.2089215256273746,
        1.2040269188582897,
        1.197190597653389,
        1.2084947228431702,
        1.1968060582876205,
        1.192669652402401,
        1.1946506947278976,
        1.1945731714367867,
        1.1914993971586227,
        1.1916417963802814,
        1.1878384947776794,
        1.1834274902939796,
        1.1826753541827202,
        1.1828643158078194
    ],
    "test_accuracy": 0.4815,
    "test_class_accuracy": [
        0.40080160320641284,
        0.5542857142857143,
        0.6365503080082136,
        0.3312883435582822
    ],
    "configs": {
        "embedding_dir": "/users/jakhan/scratch/embeddings/",
        "save_dir": "/users/jakhan/scratch/experiments",
        "model": "CLIP",
        "layer": "10",
        "probe": "linear",
        "dataset_name": "RAVEN",
        "data_config": "in_center_single_out_center_single",
        "task": "Color_1",
        "seed": "42",
        "lr": "0.001",
        "batch_size": "64",
        "epochs": "45"
    },
    "classes": {
        "0": "Constant",
        "1": "Progression",
        "2": "Arithmetic",
        "3": "Distribute_Three"
    }
}