{
    "train_loss": [
        1.384539153981716,
        1.3637596685835656,
        1.3361810597967594,
        1.3109116249896111,
        1.2997479502190934,
        1.2911838293075562,
        1.275927798545107,
        1.271143303272572,
        1.2668417704866288,
        1.2527043515063347,
        1.2438413526149505,
        1.2386424110290852,
        1.2353594962586747,
        1.2254867807347725,
        1.2181564366563837,
        1.2165178238077368,
        1.2066277354321582,
        1.2020312027728304,
        1.1908912519191175,
        1.182622068739952,
        1.178220383664395,
        1.1772766582509304,
        1.1665351251338392,
        1.1717564482638176,
        1.1643666625022888,
        1.1560876356794478,
        1.14824171078966,
        1.1451524026850437,
        1.1576140992184902,
        1.1399955413442977,
        1.1509152524014736,
        1.1427126298559473,
        1.1406079251715477,
        1.1286274283490283,
        1.1360590889098796,
        1.1262731387260112,
        1.1343769792546616,
        1.1279200296452705,
        1.1207486359362906,
        1.119826281324346,
        1.1229564839221062,
        1.1187045694665705,
        1.1093104741674789,
        1.1075451748168215,
        1.105368877344943
    ],
    "test_loss": [
        1.3988794088363647,
        1.3445922397077084,
        1.3317637480795383,
        1.3040873557329178,
        1.2877907156944275,
        1.29286914691329,
        1.2883030883967876,
        1.2632321827113628,
        1.2718100436031818,
        1.251671478152275,
        1.2427696585655212,
        1.2482852675020695,
        1.243601318448782,
        1.2241471596062183,
        1.221344269812107,
        1.216188631951809,
        1.2207040935754776,
        1.219250749796629,
        1.2232096679508686,
        1.1971634104847908,
        1.1989624127745628,
        1.1864478401839733,
        1.195843793451786,
        1.1869218721985817,
        1.1953100301325321,
        1.1758056208491325,
        1.1918742693960667,
        1.1740791127085686,
        1.2050507850944996,
        1.2098447643220425,
        1.223578780889511,
        1.1833780892193317,
        1.1994371823966503,
        1.1622915603220463,
        1.2108411528170109,
        1.185426827520132,
        1.1580079644918442,
        1.190683737397194,
        1.1559421718120575,
        1.1543875932693481,
        1.1531568765640259,
        1.158037781715393,
        1.1648149602115154,
        1.160479363054037,
        1.1783746853470802
    ],
    "test_accuracy": 0.463,
    "test_class_accuracy": [
        0.6339468302658486,
        0.2776735459662289,
        0.62882096069869,
        0.34615384615384615
    ],
    "configs": {
        "embedding_dir": "/users/jakhan/scratch/embeddings/",
        "save_dir": "/users/jakhan/scratch/experiments",
        "model": "CLIP",
        "layer": "10",
        "probe": "MLP",
        "dataset_name": "RAVEN",
        "data_config": "in_center_single_out_center_single",
        "task": "Size_1",
        "seed": "42",
        "lr": "0.001",
        "batch_size": "64",
        "epochs": "45"
    },
    "classes": {
        "0": "Constant",
        "1": "Progression",
        "2": "Arithmetic",
        "3": "Distribute_Three"
    }
}