{
    "train_loss": [
        1.0954138712680086,
        1.0704992755930474,
        1.0577635688984648,
        1.046830341536948,
        1.0370085188683043,
        1.0304109016631513,
        1.0279428660869598,
        1.0192474298020626,
        1.0145049583404622,
        1.0075687956302724,
        1.0038636364835374,
        0.9980960691228826,
        0.9933086005931205,
        0.9907934240838314,
        0.9853266598062312,
        0.9819305545472085,
        0.9779174892192192,
        0.9760588451902917,
        0.9745029179339714,
        0.9697040008737686,
        0.9680184030786474,
        0.9629478289725932,
        0.9625564718500097,
        0.9581412210109386,
        0.9553011731898531,
        0.9558551260765563,
        0.9503927750790373,
        0.9532884270586865,
        0.9482002150505147,
        0.9471715225818309,
        0.9423256579865801,
        0.9405637243960766,
        0.9388309317700406,
        0.9352119165532132,
        0.9355226742460373,
        0.9321677672102097,
        0.9297171095584301,
        0.930296871890413,
        0.9276940702123845,
        0.924353226702264,
        0.9238474324662634,
        0.9224229182334657,
        0.921417772769928,
        0.9197544899392636,
        0.9162691216519538
    ],
    "test_loss": [
        1.0799197256565094,
        1.0819462314248085,
        1.0555471610277891,
        1.0493832062929869,
        1.0546108428388834,
        1.04365623742342,
        1.0288467276841402,
        1.0284120589494705,
        1.0185750797390938,
        1.0158257279545069,
        1.0232409108430147,
        1.0090820360928774,
        1.0073180366307497,
        1.004496231675148,
        0.9979959167540073,
        0.9953960478305817,
        1.000733034685254,
        0.9895877540111542,
        0.9960425589233637,
        0.9902014099061489,
        0.9845518805086613,
        0.9823914524167776,
        0.9796418342739344,
        0.9779801201075315,
        0.9737580623477697,
        0.9742180667817593,
        0.9777390453964472,
        0.966991163790226,
        0.9643687512725592,
        0.9633212853223085,
        0.9651895426213741,
        0.9794285986572504,
        0.9563982132822275,
        0.9537663478404284,
        0.9529298823326826,
        0.9611398950219154,
        0.951758811250329,
        0.949803089722991,
        0.949813948944211,
        0.964687816798687,
        0.9710040278732777,
        0.967336555942893,
        0.9409887976944447,
        0.9417697042226791,
        0.9394518453627825
    ],
    "test_accuracy": 0.5535,
    "test_class_accuracy": [
        0.6020408163265306,
        0.45662100456621,
        0.5996955859969558
    ],
    "configs": {
        "embedding_dir": "/users/jakhan/scratch/embeddings/",
        "save_dir": "/users/jakhan/scratch/experiments",
        "model": "CLIP",
        "layer": "12",
        "probe": "linear",
        "dataset_name": "RAVEN",
        "data_config": "in_center_single_out_center_single",
        "task": "Type_1",
        "seed": "42",
        "lr": "0.001",
        "batch_size": "64",
        "epochs": "45"
    },
    "classes": {
        "0": "Constant",
        "1": "Progression",
        "2": "Distribute_Three"
    }
}