{
    "train_loss": [
        1.0997449895168872,
        1.0972283292323985,
        1.0958223216077114,
        1.09419129123079,
        1.0922965838554057,
        1.0900658305655135,
        1.0871018475674568,
        1.0861883049315595,
        1.0852920514471986,
        1.0838440466434398,
        1.0817726850509644,
        1.0803198180300124,
        1.0793869672937597,
        1.0780700610039082,
        1.0756332569933953,
        1.0740320568389081,
        1.0735884410269716,
        1.0720235426375206,
        1.070824922399318,
        1.0703589396273836,
        1.0694860169228086,
        1.0688774852042502,
        1.0666860151798168,
        1.064645493284185,
        1.0643188864626782,
        1.0628153897346335,
        1.0613975461493148,
        1.0618314083586349,
        1.0591779503416507,
        1.057885489565261,
        1.0564868576983188,
        1.0563003167192986,
        1.0542505358127838,
        1.0533697858769844,
        1.0526606757590111,
        1.0511285434377955,
        1.050990140184443,
        1.0495957301018086,
        1.0487941909343639,
        1.0479685993904764,
        1.046203556212973,
        1.0457723064625517,
        1.0450739156692586,
        1.0428798084563398,
        1.043673574924469
    ],
    "test_loss": [
        1.0964055806398392,
        1.095216829329729,
        1.0949285477399826,
        1.0935978703200817,
        1.093471746891737,
        1.089712467044592,
        1.0889782309532166,
        1.0866397693753242,
        1.0859851650893688,
        1.086667899042368,
        1.0884074456989765,
        1.0845679715275764,
        1.0816630944609642,
        1.081702496856451,
        1.080651093274355,
        1.0786861255764961,
        1.0769802331924438,
        1.0766846239566803,
        1.074776105582714,
        1.0749623626470566,
        1.075267095118761,
        1.07184374704957,
        1.0719856806099415,
        1.0714453682303429,
        1.0704500898718834,
        1.0686437003314495,
        1.0708075016736984,
        1.0679965652525425,
        1.0686667934060097,
        1.0655885078012943,
        1.0644894428551197,
        1.0640610195696354,
        1.062541875988245,
        1.0622802563011646,
        1.0619253180921078,
        1.0605568960309029,
        1.0590917766094208,
        1.0586861930787563,
        1.0584899820387363,
        1.0573585964739323,
        1.057313621044159,
        1.0567507334053516,
        1.0551856085658073,
        1.0575968474149704,
        1.053733803331852
    ],
    "test_accuracy": 0.48,
    "test_class_accuracy": [
        0.41379310344827586,
        0.529500756429652,
        0.49358059914407987
    ],
    "configs": {
        "embedding_dir": "/users/jakhan/scratch/embeddings/",
        "save_dir": "/users/jakhan/scratch/experiments",
        "model": "CLIP",
        "layer": "4",
        "probe": "linear",
        "dataset_name": "RAVEN",
        "data_config": "in_center_single_out_center_single",
        "task": "Type_0",
        "seed": "42",
        "lr": "0.001",
        "batch_size": "64",
        "epochs": "45"
    },
    "classes": {
        "0": "Constant",
        "1": "Progression",
        "2": "Distribute_Three"
    }
}