{
    "train_loss": [
        1.1995098159668294,
        1.0897839259594044,
        1.050405372330483,
        1.0374348810378542,
        1.0008360724499885,
        0.9738597717690975,
        0.954671229453797,
        0.9124390273652179,
        0.9016024153283302,
        0.8923888301595728,
        0.8681115653920681,
        0.859309287781411,
        0.8572892984177204,
        0.825690414677275,
        0.8242125745783461,
        0.8253109169767258,
        0.7970448244125286,
        0.7970492966631626,
        0.7792315641616253,
        0.7975176268435539,
        0.7906797059038853,
        0.7605122701918825,
        0.7557731397608494,
        0.7749483116129612,
        0.7625512677304288,
        0.745865524449247,
        0.7752253381495781,
        0.7543553881188656,
        0.7561769491814553,
        0.7628727770866232,
        0.7450895651857904,
        0.7326402118865479,
        0.725886694294341,
        0.7075420358079545,
        0.7412894621808478,
        0.7054134753156216,
        0.745574619541777,
        0.6979433539065909,
        0.7151807315172033,
        0.7449076232757974,
        0.7224912928774002,
        0.7194036733596882,
        0.697099673621198,
        0.7017190526140497,
        0.6988492389308646
    ],
    "test_loss": [
        1.0876266472041607,
        1.0825312174856663,
        1.0549736749380827,
        0.9899354372173548,
        0.9632477201521397,
        0.9337211512029171,
        0.9811731483787298,
        1.0260167494416237,
        0.892824076116085,
        0.9136651884764433,
        1.045494381338358,
        0.8537584003061056,
        0.8549587205052376,
        0.9342635739594698,
        0.9672798179090023,
        0.8737331219017506,
        0.8337234109640121,
        0.8113893158733845,
        0.9506228640675545,
        1.0371291153132915,
        0.7748504411429167,
        0.7663699239492416,
        0.7629695907235146,
        0.7679042648524046,
        0.7663771193474531,
        0.8439125157892704,
        0.8985472097992897,
        0.7704923525452614,
        1.0141081921756268,
        0.7417582925409079,
        0.8571887724101543,
        0.7200317662209272,
        0.7436962034553289,
        0.7650536373257637,
        0.7331895809620619,
        0.8198759164661169,
        0.7154160253703594,
        0.8996730763465166,
        0.7484721504151821,
        0.7178251817822456,
        0.7509593870490789,
        0.7430242449045181,
        0.6952331494539976,
        0.7544871866703033,
        0.7831326052546501
    ],
    "test_accuracy": 0.584,
    "test_class_accuracy": [
        0.7053291536050157,
        0.9561270801815431,
        0.12268188302425106
    ],
    "configs": {
        "embedding_dir": "/users/jakhan/scratch/embeddings/",
        "save_dir": "/users/jakhan/scratch/experiments",
        "model": "DINOv3",
        "layer": "8",
        "probe": "MLP",
        "dataset_name": "RAVEN",
        "data_config": "in_center_single_out_center_single",
        "task": "Type_0",
        "seed": "42",
        "lr": "0.001",
        "batch_size": "64",
        "epochs": "45"
    },
    "classes": {
        "0": "Constant",
        "1": "Progression",
        "2": "Distribute_Three"
    }
}