{
    "train_loss": [
        1.3894622693670557,
        1.3885815828404529,
        1.3871333941500237,
        1.3884993335033984,
        1.3875487358012097,
        1.387436329050267,
        1.389539140336057,
        1.3881340229764898,
        1.3883929392124743,
        1.38772137367979,
        1.386926865324061,
        1.3869736245337954,
        1.3878020314460104,
        1.3880287586374487,
        1.3874208736926952,
        1.387097660531389,
        1.3887632514568085,
        1.3876362341515562,
        1.3882228199471818,
        1.3875827573715371,
        1.386974720244712,
        1.3883347917110362,
        1.388528047723973,
        1.3876463593320643,
        1.3878690105803468,
        1.3886254023998341,
        1.3884053839013932,
        1.3877557668280094,
        1.3874865998613073,
        1.3885490222180144,
        1.3873514418906354,
        1.388220948107699,
        1.387725662677846,
        1.3886486165066982,
        1.3883079594754157,
        1.3874375782114394,
        1.387775204283126,
        1.3871079214075779,
        1.388773167386968,
        1.3880240181659131,
        1.3874678725891925,
        1.3889154969377722,
        1.3879925697407824,
        1.387719656558747,
        1.3881862277680255
    ],
    "test_loss": [
        1.3880439102649689,
        1.3871121890842915,
        1.3851149678230286,
        1.3878359533846378,
        1.386008132249117,
        1.3849273137748241,
        1.386428076773882,
        1.387746762484312,
        1.385428722947836,
        1.3846123404800892,
        1.3861424699425697,
        1.3856027983129025,
        1.3857917562127113,
        1.3861813321709633,
        1.384529523551464,
        1.3880412839353085,
        1.3903376311063766,
        1.3865521661937237,
        1.3844868391752243,
        1.3864277750253677,
        1.386606477200985,
        1.3847894631326199,
        1.3863973543047905,
        1.3866911306977272,
        1.3879580199718475,
        1.3860198371112347,
        1.3854213319718838,
        1.386387962847948,
        1.3874766863882542,
        1.3877730667591095,
        1.3873440064489841,
        1.3843923062086105,
        1.3855328485369682,
        1.3854856938123703,
        1.3870191387832165,
        1.3875987455248833,
        1.3852133601903915,
        1.3852024264633656,
        1.385543905198574,
        1.387684352695942,
        1.3874108344316483,
        1.3862314708530903,
        1.3856560103595257,
        1.3864032290875912,
        1.384535063058138
    ],
    "test_accuracy": 0.2665,
    "test_class_accuracy": [
        0.0,
        1.0,
        0.0,
        0.0
    ],
    "configs": {
        "embedding_dir": "/users/jakhan/scratch/embeddings/",
        "save_dir": "/users/jakhan/scratch/experiments",
        "model": "DINOv3",
        "layer": "0",
        "probe": "linear",
        "dataset_name": "RAVEN",
        "data_config": "in_center_single_out_center_single",
        "task": "Size_1",
        "seed": "42",
        "lr": "0.001",
        "batch_size": "64",
        "epochs": "45"
    },
    "classes": {
        "0": "Constant",
        "1": "Progression",
        "2": "Arithmetic",
        "3": "Distribute_Three"
    }
}