{
    "train_loss": [
        1.6094188550685316,
        1.4041666883103392,
        1.3828114917937746,
        1.3785712858463854,
        1.3498158695849967,
        1.347836266172693,
        1.3320829082042613,
        1.3653618109987138,
        1.326894591463373,
        1.3320302937893158,
        1.3363289833068848,
        1.3169842197539958,
        1.2969960063061816,
        1.30055256092802,
        1.3118379509195368,
        1.3071829245445576,
        1.2805633418103481,
        1.2733635750222714,
        1.2907342644447977,
        1.3039648266548807,
        1.274399458093846,
        1.259698399837981,
        1.2791284398829683,
        1.269926516299552,
        1.2735772247010089,
        1.2588532998206767,
        1.2652490988690803,
        1.2611984103283984,
        1.251215007710964,
        1.2719718154440536,
        1.2494307629605557,
        1.246314822359288,
        1.240925740688405,
        1.2490801798536422,
        1.2448218338032986,
        1.2368809035483828,
        1.23115584951766,
        1.2280156105122668,
        1.2593712705246947,
        1.247441606318697,
        1.2343297626109833,
        1.231149563129912,
        1.2226842832058034,
        1.256745897709055,
        1.2397261198530807
    ],
    "test_loss": [
        1.4225234650075436,
        1.4220415689051151,
        1.3673659674823284,
        1.4605966657400131,
        1.367337353527546,
        1.335136391222477,
        1.3415453657507896,
        1.339912187308073,
        1.313484139740467,
        1.3028358034789562,
        1.3607940971851349,
        1.3158307261765003,
        1.3299540095031261,
        1.2923981435596943,
        1.296278778463602,
        1.3542912118136883,
        1.2640328668057919,
        1.3059997744858265,
        1.267524667084217,
        1.2890809774398804,
        1.2661694958806038,
        1.2607426308095455,
        1.289954524487257,
        1.2810669653117657,
        1.2617228962481022,
        1.2855009138584137,
        1.2622094862163067,
        1.2571464367210865,
        1.2397959269583225,
        1.2528624050319195,
        1.3180980011820793,
        1.2631442360579967,
        1.264116857200861,
        1.320226676762104,
        1.2492693923413754,
        1.2375419177114964,
        1.2453655041754246,
        1.2396443411707878,
        1.2923284731805325,
        1.2483604103326797,
        1.2361103855073452,
        1.2291033901274204,
        1.2402837090194225,
        1.3692054003477097,
        1.2221689634025097
    ],
    "test_accuracy": 0.4505,
    "test_class_accuracy": [
        0.5746421267893661,
        0.5666041275797373,
        0.5458515283842795,
        0.13076923076923078
    ],
    "configs": {
        "embedding_dir": "/users/jakhan/scratch/embeddings/",
        "save_dir": "/users/jakhan/scratch/experiments",
        "model": "DINOv3",
        "layer": "10",
        "probe": "linear",
        "dataset_name": "RAVEN",
        "data_config": "in_center_single_out_center_single",
        "task": "Size_1",
        "seed": "42",
        "lr": "0.001",
        "batch_size": "64",
        "epochs": "45"
    },
    "classes": {
        "0": "Constant",
        "1": "Progression",
        "2": "Arithmetic",
        "3": "Distribute_Three"
    }
}