{
    "train_loss": [
        1.3886694958869448,
        1.3869261602137952,
        1.3850144553691783,
        1.3845343057145463,
        1.3833708484122094,
        1.3817915485260335,
        1.3810657110620053,
        1.3790164957655238,
        1.378653550401647,
        1.3768892732072384,
        1.3769240252515103,
        1.37528905969985,
        1.3745926796121801,
        1.3746766980658187,
        1.37359748495386,
        1.371583711593709,
        1.3719795701351571,
        1.36988524680442,
        1.3695359585133005,
        1.3686230702603117,
        1.367025154702207,
        1.3661144553346838,
        1.365103744445963,
        1.3640833040501208,
        1.3633857737196253,
        1.3618373236757644,
        1.3622398186237255,
        1.3610898547984185,
        1.3596577327302162,
        1.359506628614791,
        1.3596901145387204,
        1.3582640835579405,
        1.357343558301317,
        1.3569403113202845,
        1.3552115534214264,
        1.3546171670264386,
        1.3548896490259374,
        1.3528352633435676,
        1.352389746523918,
        1.3511097583364933,
        1.3525926141028708,
        1.3516835088425494,
        1.3487163655301357,
        1.3496443426355402,
        1.3481561452784436
    ],
    "test_loss": [
        1.390089511871338,
        1.383786629885435,
        1.3841121010482311,
        1.3854925967752934,
        1.3799881264567375,
        1.379823986440897,
        1.3820113204419613,
        1.377353947609663,
        1.3768016882240772,
        1.383836541324854,
        1.3795866817235947,
        1.3771152906119823,
        1.3769882544875145,
        1.3755624555051327,
        1.3732365742325783,
        1.3732704892754555,
        1.3724336959421635,
        1.374057948589325,
        1.3718828931450844,
        1.3692048415541649,
        1.371328465640545,
        1.3686370626091957,
        1.367461521178484,
        1.3694915995001793,
        1.365262322127819,
        1.3653015419840813,
        1.3660943806171417,
        1.3622562177479267,
        1.3615327812731266,
        1.3643776215612888,
        1.3667386434972286,
        1.359760232269764,
        1.3583691231906414,
        1.3582561649382114,
        1.3608212284743786,
        1.3586950860917568,
        1.358926247805357,
        1.3635877333581448,
        1.36157738417387,
        1.359762728214264,
        1.360079549252987,
        1.3563654720783234,
        1.3525249809026718,
        1.3512896671891212,
        1.3558205738663673
    ],
    "test_accuracy": 0.3675,
    "test_class_accuracy": [
        0.0,
        0.5309568480300187,
        0.7816593886462883,
        0.18076923076923077
    ],
    "configs": {
        "embedding_dir": "/users/jakhan/scratch/embeddings/",
        "save_dir": "/users/jakhan/scratch/experiments",
        "model": "CLIP",
        "layer": "4",
        "probe": "linear",
        "dataset_name": "RAVEN",
        "data_config": "in_center_single_out_center_single",
        "task": "Size_1",
        "seed": "42",
        "lr": "0.001",
        "batch_size": "64",
        "epochs": "45"
    },
    "classes": {
        "0": "Constant",
        "1": "Progression",
        "2": "Arithmetic",
        "3": "Distribute_Three"
    }
}