{
    "train_loss": [
        1.383608584708356,
        1.3673720372484086,
        1.347052310375457,
        1.3301420858565798,
        1.304601049169581,
        1.283646654575429,
        1.2736413250578211,
        1.2526939726890403,
        1.2438048910587391,
        1.224353939928907,
        1.2145378488175413,
        1.2041186500102916,
        1.19130392150676,
        1.1929139241259148,
        1.1764278957184324,
        1.1670286313016365,
        1.1572372203177594,
        1.1454971629254362,
        1.1444847704248224,
        1.1380206321148163,
        1.1248558024142652,
        1.1220756312634081,
        1.119122383442331,
        1.1006742887040402,
        1.097158428836376,
        1.0889345604054472,
        1.0909745040092063,
        1.0807525667738407,
        1.0778739376271025,
        1.082056852097207,
        1.0766740460345086,
        1.0549637751376375,
        1.0545720990667953,
        1.0625209675190297,
        1.037122203314558,
        1.0458219634725692,
        1.0329069393746397,
        1.028648981388579,
        1.025683564074496,
        1.0190227057071441,
        1.0185741858279451,
        1.001620034588144,
        1.0143944931791185,
        0.9977015085676884,
        1.0086950114432802
    ],
    "test_loss": [
        1.3740974329411983,
        1.3595727123320103,
        1.3341840244829655,
        1.3120118789374828,
        1.2941184304654598,
        1.2794351167976856,
        1.2592566907405853,
        1.248916570097208,
        1.234987534582615,
        1.220137096941471,
        1.2054306380450726,
        1.2148603722453117,
        1.1950826942920685,
        1.1828165538609028,
        1.181269459426403,
        1.1960103996098042,
        1.1518674343824387,
        1.1520317159593105,
        1.1524441316723824,
        1.1501327827572823,
        1.1317013017833233,
        1.122588725760579,
        1.1190838776528835,
        1.1125228013843298,
        1.103848634287715,
        1.1559076271951199,
        1.094041831791401,
        1.088091153651476,
        1.1101439092308283,
        1.1001965496689081,
        1.0868568643927574,
        1.0694350097328424,
        1.0765193160623312,
        1.073680728673935,
        1.0583151746541262,
        1.0642434116452932,
        1.04301343485713,
        1.0544713027775288,
        1.0395404752343893,
        1.049205493181944,
        1.0267693474888802,
        1.035261657088995,
        1.0576368365436792,
        1.017187314108014,
        1.0883975103497505
    ],
    "test_accuracy": 0.5045,
    "test_class_accuracy": [
        0.34363636363636363,
        0.33613445378151263,
        0.8721649484536083,
        0.48466257668711654
    ],
    "configs": {
        "embedding_dir": "/users/jakhan/scratch/embeddings/",
        "save_dir": "/users/jakhan/scratch/experiments",
        "model": "CLIP",
        "layer": "4",
        "probe": "MLP",
        "dataset_name": "RAVEN",
        "data_config": "center_single",
        "task": "Color",
        "seed": "42",
        "lr": "0.001",
        "batch_size": "64",
        "epochs": "45"
    },
    "classes": {
        "0": "Constant",
        "1": "Progression",
        "2": "Arithmetic",
        "3": "Distribute_Three"
    }
}