{
    "train_loss": [
        1.3898409262616584,
        1.3866820741207042,
        1.3863095045089722,
        1.386279875927783,
        1.386349859389853,
        1.3862157514754763,
        1.3862586262378287,
        1.386240320002779,
        1.386193224724303,
        1.386249339326899,
        1.3861813887636711,
        1.3862095158150856,
        1.3861324038911373,
        1.3861425087807027,
        1.3861170956429014,
        1.3861538919996708,
        1.3861668325485068,
        1.3861348730452516,
        1.3861236775175054,
        1.386138879238291,
        1.3861433052002115,
        1.3861258841575461,
        1.3861395374257515,
        1.386202814731192,
        1.3861373662948608,
        1.3861530055391027,
        1.3861442081471707,
        1.386163593606746,
        1.386148528849825,
        1.386145605685863,
        1.3861719509388537,
        1.3861585208710203,
        1.3861264231357169,
        1.3861442385835852,
        1.3861412596195302,
        1.386139765698859,
        1.38618899152634,
        1.3861435639097335,
        1.3861474306025403,
        1.386135940856122,
        1.3861485377271126,
        1.386165314532341,
        1.386135663123841,
        1.3861674615677366,
        1.3860950660198292
    ],
    "test_loss": [
        1.3856843411922455,
        1.3853942826390266,
        1.3848974704742432,
        1.3856210298836231,
        1.3855305016040802,
        1.3854140304028988,
        1.3852890953421593,
        1.385181985795498,
        1.3852780014276505,
        1.3853109031915665,
        1.3854069747030735,
        1.3852873593568802,
        1.3852479606866837,
        1.3851111978292465,
        1.3852653689682484,
        1.3851397633552551,
        1.3852414339780807,
        1.3852457404136658,
        1.3851889856159687,
        1.385169018059969,
        1.3851723931729794,
        1.3851959258317947,
        1.385168831795454,
        1.3852620273828506,
        1.3851547464728355,
        1.3850795105099678,
        1.3851408436894417,
        1.3850626051425934,
        1.3851088359951973,
        1.3852111138403416,
        1.3851598352193832,
        1.3852260448038578,
        1.3851202502846718,
        1.385215386748314,
        1.385237880051136,
        1.3851553685963154,
        1.3851274214684963,
        1.385159894824028,
        1.3851688839495182,
        1.385135430842638,
        1.385123398154974,
        1.3851844407618046,
        1.3851659297943115,
        1.3852200135588646,
        1.3852176889777184
    ],
    "test_accuracy": 0.2665,
    "test_class_accuracy": [
        0.0,
        1.0,
        0.0,
        0.0
    ],
    "configs": {
        "embedding_dir": "/users/jakhan/scratch/embeddings/",
        "save_dir": "/users/jakhan/scratch/experiments",
        "model": "CLIP",
        "layer": "0",
        "probe": "MLP",
        "dataset_name": "RAVEN",
        "data_config": "in_center_single_out_center_single",
        "task": "Size_1",
        "seed": "42",
        "lr": "0.001",
        "batch_size": "64",
        "epochs": "45"
    },
    "classes": {
        "0": "Constant",
        "1": "Progression",
        "2": "Arithmetic",
        "3": "Distribute_Three"
    }
}