{
    "train_loss": [
        1.1672048441907192,
        1.03616002202034,
        1.0071038451600582,
        0.939155972384392,
        0.9357008395042825,
        0.8892932489831397,
        0.8661064378758694,
        0.8414418545175106,
        0.8304560907343601,
        0.8202202377167154,
        0.7865470045424522,
        0.8236496797267426,
        0.7916964381299121,
        0.7721517067006294,
        0.7608049847978227,
        0.7555511505045789,
        0.7615116302003252,
        0.7248903931455409,
        0.7077985260080784,
        0.7059725605426951,
        0.7014752543987112,
        0.7253559580508698,
        0.7230283865269195,
        0.7176750118428088,
        0.7386055338255902,
        0.6712033659853833,
        0.6664206449021685,
        0.6650828547934269,
        0.6475105998997993,
        0.65206201279417,
        0.6409090094743891,
        0.6554480718171343,
        0.6888032143420362,
        0.6181293973263274,
        0.6070100988479371,
        0.6201429154644621,
        0.600223164292092,
        0.6350241043466203,
        0.5787958122314291,
        0.5771170134874101,
        0.6393977318038332,
        0.5758115290961368,
        0.5727568557287784,
        0.5751756436013161,
        0.5558168066942946
    ],
    "test_loss": [
        1.075103733688593,
        1.1749915648251772,
        0.9799427036195993,
        0.918313704431057,
        0.9237219225615263,
        0.8694124817848206,
        0.9642411358654499,
        0.857990263029933,
        0.8052993658930063,
        0.8387511987239122,
        0.7791356593370438,
        0.7713543586432934,
        0.8309428002685308,
        0.8070763032883406,
        0.7626678850501776,
        0.721595598384738,
        0.7758167646825314,
        0.7728350684046745,
        0.7210450433194637,
        0.701554311439395,
        0.7237065229564905,
        0.6866462118923664,
        0.7631133962422609,
        0.6640338618308306,
        0.665006548166275,
        0.6507357098162174,
        0.686195868998766,
        0.6783479377627373,
        0.6311624078080058,
        0.6772535257041454,
        0.7553057968616486,
        0.6559953819960356,
        0.6209275806322694,
        0.6166312545537949,
        0.6178311081603169,
        0.7026209477335215,
        0.6773861106485128,
        0.5997501397505403,
        0.5774285327643156,
        0.6068302541971207,
        0.7131136292591691,
        0.5746490648016334,
        0.5978861954063177,
        0.5574040664359927,
        0.5367056615650654
    ],
    "test_accuracy": 0.7695,
    "test_class_accuracy": [
        0.8809523809523809,
        0.680365296803653,
        0.7451564828614009
    ],
    "configs": {
        "embedding_dir": "/users/jakhan/scratch/embeddings/",
        "save_dir": "/users/jakhan/scratch/experiments",
        "model": "DINOv3",
        "layer": "8",
        "probe": "MLP",
        "dataset_name": "RAVEN",
        "data_config": "center_single",
        "task": "Type",
        "seed": "42",
        "lr": "0.001",
        "batch_size": "64",
        "epochs": "45"
    },
    "classes": {
        "0": "Constant",
        "1": "Progression",
        "2": "Distribute_Three"
    }
}