{
    "train_loss": [
        1.0583387841569616,
        1.0561610948532185,
        1.0560880772610928,
        1.0544097246007715,
        1.0511728677343815,
        1.0527349926055747,
        1.049881082265935,
        1.0491693761754544,
        1.051139750379197,
        1.047207366278831,
        1.0466122906258766,
        1.0439076930918592,
        1.045653875203843,
        1.0402298062405688,
        1.0418252412309037,
        1.0375511804793744,
        1.0342086426755215,
        1.0358280032239062,
        1.0420719220283183,
        1.0347931759154543,
        1.0329298738469468,
        1.0323409507883357,
        1.029673360763712,
        1.0297447848827281,
        1.0328608751296997,
        1.0327407305544996,
        1.0272343253835718,
        1.0265488282163093,
        1.0229325529108657,
        1.030514845188628,
        1.0300033923159255,
        1.028434971545605,
        1.0225662335436394,
        1.020216555037397,
        1.020046794668157,
        1.0241938512376014,
        1.022831917443174,
        1.0273507021843118,
        1.019372877288372,
        1.0177795392401674,
        1.0197844353127987,
        1.0143763188351975,
        1.0155771875635107,
        1.018148589007398,
        1.0138295869877998
    ],
    "test_loss": [
        1.0629941914230585,
        1.0622652750462294,
        1.0649447590112686,
        1.0612592957913876,
        1.0630445051938295,
        1.0595678202807903,
        1.0630749259144068,
        1.0578683707863092,
        1.05813954398036,
        1.0567651838064194,
        1.0578629076480865,
        1.0700769629329443,
        1.0604091063141823,
        1.063697762787342,
        1.052625996991992,
        1.0524163581430912,
        1.074859831482172,
        1.056829821318388,
        1.0545630417764187,
        1.0484621450304985,
        1.0589666571468115,
        1.0470516942441463,
        1.047616483643651,
        1.0477300453931093,
        1.0458345357328653,
        1.0447613708674908,
        1.0468431115150452,
        1.0464829131960869,
        1.0468480195850134,
        1.0498028304427862,
        1.0513106472790241,
        1.0450434293597937,
        1.0413124319165945,
        1.0483034178614616,
        1.0456724241375923,
        1.0542133636772633,
        1.0393890384584665,
        1.04330968670547,
        1.0420086868107319,
        1.042859485372901,
        1.037471003830433,
        1.043299550190568,
        1.0371113512665033,
        1.045159524306655,
        1.0361180510371923
    ],
    "test_accuracy": 0.4095,
    "test_class_accuracy": [
        0.3350125944584383,
        0.24170616113744076,
        0.5752551020408163
    ],
    "configs": {
        "embedding_dir": "/users/jakhan/scratch/embeddings/",
        "save_dir": "/users/jakhan/scratch/experiments",
        "model": "DINOv3",
        "layer": "2",
        "probe": "MLP",
        "dataset_name": "RAVEN",
        "data_config": "in_center_single_out_center_single",
        "task": "Size_0",
        "seed": "42",
        "lr": "0.001",
        "batch_size": "64",
        "epochs": "45"
    },
    "classes": {
        "0": "Constant",
        "1": "Progression",
        "2": "Distribute_Three"
    }
}