{
    "train_loss": [
        1.6169622477064742,
        1.3526437371335132,
        1.3310413639596168,
        1.3176242442841226,
        1.2795765514069415,
        1.3011565322571612,
        1.2731258577488838,
        1.2506683101045324,
        1.2359053632046313,
        1.230183872770756,
        1.2211161864564775,
        1.2058032142355086,
        1.2236719689470656,
        1.1907025093727923,
        1.2172462724624795,
        1.1749716451827517,
        1.1771075091463454,
        1.1715854380993134,
        1.1541759384439347,
        1.1590972549103675,
        1.1431531487627233,
        1.1583649110286793,
        1.132519355479707,
        1.1452545758257522,
        1.1565014859463305,
        1.1288653599455,
        1.119578740698226,
        1.1151061806272953,
        1.1221290015159768,
        1.109083540896152,
        1.114520551042354,
        1.0921643344645804,
        1.1273421347141266,
        1.107194317148087,
        1.1057857972510317,
        1.0840111330468605,
        1.0849952558253675,
        1.0997443585953814,
        1.0912775308527844,
        1.077444981387321,
        1.0752601826444586,
        1.0698379969343226,
        1.0751158341448357,
        1.068286065091478,
        1.0601523309311969
    ],
    "test_loss": [
        1.340060107409954,
        1.3850110657513142,
        1.3120235092937946,
        1.2701616175472736,
        1.3519832901656628,
        1.2599208056926727,
        1.264384426176548,
        1.2720209136605263,
        1.237295065075159,
        1.2047649025917053,
        1.2022745609283447,
        1.2442019283771515,
        1.2412618547677994,
        1.2054704613983631,
        1.1907376758754253,
        1.2039147727191448,
        1.1698017306625843,
        1.239562276750803,
        1.1997285597026348,
        1.1564760208129883,
        1.17718917876482,
        1.1494042202830315,
        1.210086565464735,
        1.1433696392923594,
        1.1371205002069473,
        1.1444675363600254,
        1.1251245476305485,
        1.1395988427102566,
        1.147964596748352,
        1.1130568962544203,
        1.1234964653849602,
        1.1131730731576681,
        1.1242368593811989,
        1.1460188198834658,
        1.1094373036175966,
        1.1032624058425426,
        1.2435839660465717,
        1.0928808823227882,
        1.0976694095879793,
        1.1342575326561928,
        1.093762518838048,
        1.1003804635256529,
        1.1353285126388073,
        1.0865825694054365,
        1.1083063259720802
    ],
    "test_accuracy": 0.5145,
    "test_class_accuracy": [
        0.274703557312253,
        0.5996168582375478,
        0.6481481481481481,
        0.5390946502057613
    ],
    "configs": {
        "embedding_dir": "/users/jakhan/scratch/embeddings/",
        "save_dir": "/users/jakhan/scratch/experiments",
        "model": "DINOv3",
        "layer": "10",
        "probe": "linear",
        "dataset_name": "RAVEN",
        "data_config": "center_single",
        "task": "Size",
        "seed": "42",
        "lr": "0.001",
        "batch_size": "64",
        "epochs": "45"
    },
    "classes": {
        "0": "Constant",
        "1": "Progression",
        "2": "Arithmetic",
        "3": "Distribute_Three"
    }
}