{
    "train_loss": [
        1.359204761525418,
        1.0572082894913695,
        1.0147706282899736,
        0.9902123447428358,
        0.980620525618817,
        0.9557387144007581,
        0.9444226527467687,
        0.9556229475964891,
        0.9094358099267837,
        0.906540461043094,
        0.883120928673034,
        0.8730923565144234,
        0.8807443557901585,
        0.8558961856872478,
        0.8652822051910644,
        0.8431318199380915,
        0.8553965935047637,
        0.8323726146779162,
        0.8292965083680255,
        0.8185933384489505,
        0.8194360993009933,
        0.8132490287435815,
        0.8071228994968089,
        0.8110234585214169,
        0.7951518519127623,
        0.7863756570410221,
        0.7854804206401744,
        0.7762969795693743,
        0.7773275590957479,
        0.7690768977429004,
        0.7737383861491021,
        0.7689015662416498,
        0.7568464399652278,
        0.7712230688713967,
        0.7605520702422933,
        0.7552119043279202,
        0.7619035117169644,
        0.7508755871590148,
        0.7339681437674989,
        0.7455010401441696,
        0.7347344160079956,
        0.736344077485673,
        0.732730525605222,
        0.7323409084309923,
        0.7370588024880024
    ],
    "test_loss": [
        1.05942028388381,
        1.075389500707388,
        0.997892314568162,
        0.9760179053992033,
        0.9674972295761108,
        0.951479772105813,
        0.9500482585281134,
        0.9682304207235575,
        0.9063458032906055,
        0.891561197116971,
        0.8814927358180285,
        0.871422840282321,
        0.8668831437826157,
        0.8605673015117645,
        0.8760898932814598,
        0.8402396142482758,
        0.8399256803095341,
        0.8397796340286732,
        0.8282846678048372,
        0.8481044694781303,
        0.8176200147718191,
        0.8078311681747437,
        0.8243663404136896,
        0.7969100177288055,
        0.8053465839475393,
        0.796769255772233,
        0.8028878830373287,
        0.7841797564178705,
        0.7935291063040495,
        0.7883360348641872,
        0.8041991144418716,
        0.7835941985249519,
        0.783000648021698,
        0.7891348134726286,
        0.7837245110422373,
        0.766598530113697,
        0.7588145062327385,
        0.7756743803620338,
        0.7562725301831961,
        0.7458469104021788,
        0.7461959663778543,
        0.7365982793271542,
        0.7368953954428434,
        0.7682301364839077,
        0.7296585086733103
    ],
    "test_accuracy": 0.682,
    "test_class_accuracy": [
        0.8065476190476191,
        0.7275494672754946,
        0.5126676602086438
    ],
    "configs": {
        "embedding_dir": "/users/jakhan/scratch/embeddings/",
        "save_dir": "/users/jakhan/scratch/experiments",
        "model": "DINOv3",
        "layer": "8",
        "probe": "linear",
        "dataset_name": "RAVEN",
        "data_config": "center_single",
        "task": "Type",
        "seed": "42",
        "lr": "0.001",
        "batch_size": "64",
        "epochs": "45"
    },
    "classes": {
        "0": "Constant",
        "1": "Progression",
        "2": "Distribute_Three"
    }
}