{
    "train_loss": [
        1.3956387157135821,
        1.389031079221279,
        1.3872345812777256,
        1.3829303333099852,
        1.3792982875032629,
        1.3776926170004176,
        1.3733266401798168,
        1.372097630450066,
        1.3707670341146754,
        1.370444361199724,
        1.3620928703470434,
        1.3579314198899777,
        1.3600019571628976,
        1.35606690163308,
        1.3507397073380492,
        1.3493991215178307,
        1.3452943588824982,
        1.3456372504538678,
        1.3398823890280216,
        1.3390876523991848,
        1.3412929545057581,
        1.3380888573666836,
        1.337693433812324,
        1.3358244629616434,
        1.329953263414667,
        1.3327030894604135,
        1.327687089747571,
        1.3348017385665407,
        1.328334056316538,
        1.3306231498718262,
        1.3248235494532483,
        1.3196111270721922,
        1.3177331521155986,
        1.3278149036650961,
        1.3350941564174408,
        1.327958457013394,
        1.3139382676875337,
        1.3155059040860926,
        1.3197495442755678,
        1.3116456625309396,
        1.3141749108091314,
        1.3122171594741496,
        1.3163280144650886,
        1.3173940803142303,
        1.311439334078038
    ],
    "test_loss": [
        1.392104361206293,
        1.3817613273859024,
        1.3839087188243866,
        1.3775652796030045,
        1.3773657865822315,
        1.4064009375870228,
        1.3853844664990902,
        1.3736656457185745,
        1.4004128277301788,
        1.3625029660761356,
        1.3608307801187038,
        1.4215658977627754,
        1.3558299280703068,
        1.3684802986681461,
        1.3490058109164238,
        1.3509548231959343,
        1.3462179154157639,
        1.3710766583681107,
        1.341652262955904,
        1.3426546975970268,
        1.3675419241189957,
        1.3372879177331924,
        1.3432012163102627,
        1.3853988721966743,
        1.393002025783062,
        1.3393184579908848,
        1.4022356532514095,
        1.3355047591030598,
        1.3486440256237984,
        1.330918736755848,
        1.326758161187172,
        1.3261701092123985,
        1.3225507214665413,
        1.347694106400013,
        1.3422422409057617,
        1.3419492542743683,
        1.328371312469244,
        1.3200791515409946,
        1.3185563907027245,
        1.3175126910209656,
        1.3196007534861565,
        1.315903838723898,
        1.325120322406292,
        1.3252144195139408,
        1.328803300857544
    ],
    "test_accuracy": 0.3025,
    "test_class_accuracy": [
        0.3660531697341513,
        0.001876172607879925,
        0.40829694323144106,
        0.4576923076923077
    ],
    "configs": {
        "embedding_dir": "/users/jakhan/scratch/embeddings/",
        "save_dir": "/users/jakhan/scratch/experiments",
        "model": "DINOv3",
        "layer": "4",
        "probe": "MLP",
        "dataset_name": "RAVEN",
        "data_config": "in_center_single_out_center_single",
        "task": "Size_1",
        "seed": "42",
        "lr": "0.001",
        "batch_size": "64",
        "epochs": "45"
    },
    "classes": {
        "0": "Constant",
        "1": "Progression",
        "2": "Arithmetic",
        "3": "Distribute_Three"
    }
}