{
    "train_loss": [
        1.3957172340535102,
        1.3807154107601085,
        1.3741758199448282,
        1.3750815974905135,
        1.3698772318819736,
        1.3699488728604419,
        1.3623021600094247,
        1.3635830574847283,
        1.35509884230634,
        1.3501019477844238,
        1.3423395702179441,
        1.339351032642608,
        1.3352915429054422,
        1.3338814466557605,
        1.3279133971701278,
        1.328051062340432,
        1.326629490294355,
        1.3194885203178892,
        1.318772480842915,
        1.3138018592875054,
        1.3228103531167863,
        1.3136698692402942,
        1.3102175669467195,
        1.3044322386701057,
        1.3009756004556696,
        1.3043894323896854,
        1.312092070883893,
        1.2982212064114023,
        1.3105517803354467,
        1.3023020041749833,
        1.2963435142598254,
        1.2932569295802014,
        1.2962781305008746,
        1.292979694427328,
        1.2913844699555255,
        1.2937097067528582,
        1.2878964936479609,
        1.283166433902497,
        1.2822226133752377,
        1.2840281002064968,
        1.2822338012938803,
        1.2899230604476117,
        1.2885481233292437,
        1.2766083986201184,
        1.28462208839173
    ],
    "test_loss": [
        1.3885471895337105,
        1.387668401002884,
        1.3675738163292408,
        1.3770843707025051,
        1.387954443693161,
        1.364501379430294,
        1.363438654690981,
        1.35794697701931,
        1.3588333390653133,
        1.3515695445239544,
        1.3458068817853928,
        1.343703679740429,
        1.338633831590414,
        1.3519058674573898,
        1.3632822185754776,
        1.3427392803132534,
        1.381048634648323,
        1.3323017545044422,
        1.3393970616161823,
        1.3442929163575172,
        1.3563720993697643,
        1.3343279138207436,
        1.3233037516474724,
        1.32918880879879,
        1.321890041232109,
        1.3193660005927086,
        1.3255752138793468,
        1.3622237406671047,
        1.322088684886694,
        1.3161487504839897,
        1.32508534938097,
        1.318833652883768,
        1.3450140617787838,
        1.3088648431003094,
        1.3221281692385674,
        1.3042665012180805,
        1.3054537735879421,
        1.3122426718473434,
        1.3245471380650997,
        1.3118155524134636,
        1.340584747493267,
        1.3035591654479504,
        1.3019143305718899,
        1.3072333075106144,
        1.2970125414431095
    ],
    "test_accuracy": 0.3835,
    "test_class_accuracy": [
        0.5450901803607214,
        0.5238095238095238,
        0.3798767967145791,
        0.07157464212678936
    ],
    "configs": {
        "embedding_dir": "/users/jakhan/scratch/embeddings/",
        "save_dir": "/users/jakhan/scratch/experiments",
        "model": "DINOv3",
        "layer": "4",
        "probe": "MLP",
        "dataset_name": "RAVEN",
        "data_config": "in_center_single_out_center_single",
        "task": "Color_1",
        "seed": "42",
        "lr": "0.001",
        "batch_size": "64",
        "epochs": "45"
    },
    "classes": {
        "0": "Constant",
        "1": "Progression",
        "2": "Arithmetic",
        "3": "Distribute_Three"
    }
}