{
    "train_loss": [
        1.3907834367549166,
        1.3902502326255148,
        1.388764870927689,
        1.3892077042701396,
        1.3889067337868062,
        1.3886568901386667,
        1.3891807934071154,
        1.3872323784422367,
        1.3888844936452014,
        1.3878226407030796,
        1.388961317691397,
        1.38792728870473,
        1.3885470616056563,
        1.3901576311030286,
        1.3899374870543784,
        1.3897897994264643,
        1.3907673790099773,
        1.3890974115818104,
        1.3904829633996842,
        1.3906257558376232,
        1.3890270806373435,
        1.3891059489960367,
        1.3889932657809967,
        1.3886246427576592,
        1.3888676508944084,
        1.3879681331046083,
        1.389525462972357,
        1.3896126810540543,
        1.3882912803203502,
        1.3888926924543177,
        1.391044814535912,
        1.3898854927813753,
        1.3897192414770736,
        1.3913221967981217,
        1.3890793399607881,
        1.3901937515177625,
        1.3907232208454863,
        1.388812872957676,
        1.3892029041939593,
        1.3888030889186453,
        1.3921263725199597,
        1.3909570815715384,
        1.3889712564488674,
        1.3906838995345094,
        1.390670726908014
    ],
    "test_loss": [
        1.3967054672539234,
        1.3849049620330334,
        1.386413674801588,
        1.3916385620832443,
        1.3844545371830463,
        1.3876708410680294,
        1.3885527998209,
        1.3843188732862473,
        1.3849803544580936,
        1.3946634158492088,
        1.386113177984953,
        1.3862297795712948,
        1.3902897648513317,
        1.3913314454257488,
        1.3842425644397736,
        1.3881137371063232,
        1.386480264365673,
        1.3883547894656658,
        1.3979758992791176,
        1.388298474252224,
        1.3905336931347847,
        1.3865855671465397,
        1.3851650208234787,
        1.3897214382886887,
        1.3855834677815437,
        1.3867959007620811,
        1.3921086639165878,
        1.3847450390458107,
        1.385343387722969,
        1.391463715583086,
        1.3912963345646858,
        1.3864778652787209,
        1.3847688883543015,
        1.3847142420709133,
        1.387145720422268,
        1.3869632184505463,
        1.3887961730360985,
        1.3920894004404545,
        1.390693686902523,
        1.3949607610702515,
        1.3991148062050343,
        1.3887448459863663,
        1.3868099637329578,
        1.3852930702269077,
        1.3935121670365334
    ],
    "test_accuracy": 0.229,
    "test_class_accuracy": [
        0.0,
        0.0,
        1.0,
        0.0
    ],
    "configs": {
        "embedding_dir": "/users/jakhan/scratch/embeddings/",
        "save_dir": "/users/jakhan/scratch/experiments",
        "model": "CLIP",
        "layer": "0",
        "probe": "linear",
        "dataset_name": "RAVEN",
        "data_config": "in_center_single_out_center_single",
        "task": "Size_1",
        "seed": "42",
        "lr": "0.001",
        "batch_size": "64",
        "epochs": "45"
    },
    "classes": {
        "0": "Constant",
        "1": "Progression",
        "2": "Arithmetic",
        "3": "Distribute_Three"
    }
}