{
    "train_loss": [
        1.099725399879699,
        1.0997339170029823,
        1.098815254708554,
        1.0981886044461677,
        1.098431500982731,
        1.09793983875437,
        1.0981410234532458,
        1.0981184041246455,
        1.0979279786982434,
        1.0977331120917138,
        1.0973205515678892,
        1.0971898981865416,
        1.097327799239057,
        1.096729522055768,
        1.0965374479902552,
        1.097135693468946,
        1.0958598814112075,
        1.0953839471999636,
        1.0967905026801088,
        1.0954102265073897,
        1.0941983233106898,
        1.0961367589362123,
        1.094441663711629,
        1.0938935406664585,
        1.0941537365000298,
        1.0931813729570268,
        1.092063955804135,
        1.0921569174908576,
        1.0913748880650134,
        1.0906935270796432,
        1.090250682323537,
        1.0894914865493774,
        1.088834209645048,
        1.0888796753071723,
        1.089922324140021,
        1.087443194490798,
        1.0875007738458349,
        1.086700846540167,
        1.0854884030971121,
        1.0848872319180916,
        1.0888102498460324,
        1.0852482090605067,
        1.085287310975663,
        1.0836806449484317,
        1.0833064355748765
    ],
    "test_loss": [
        1.1010088957846165,
        1.0985669866204262,
        1.0982709154486656,
        1.0988661423325539,
        1.098650585860014,
        1.0992695800960064,
        1.0981788486242294,
        1.0982042141258717,
        1.0981872752308846,
        1.098213229328394,
        1.0986880660057068,
        1.098263319581747,
        1.0983186140656471,
        1.0994870513677597,
        1.0978796854615211,
        1.0977746658027172,
        1.0982359312474728,
        1.0978327430784702,
        1.0976324379444122,
        1.097598746418953,
        1.097573395818472,
        1.0992696210741997,
        1.0973470881581306,
        1.0973221249878407,
        1.0973704122006893,
        1.0989051647484303,
        1.0974743627011776,
        1.0970689617097378,
        1.0970516130328178,
        1.0969129130244255,
        1.0972893238067627,
        1.0969703271985054,
        1.09647586196661,
        1.0965126790106297,
        1.0988052189350128,
        1.0966007485985756,
        1.0968693308532238,
        1.0962864682078362,
        1.095748696476221,
        1.0980536565184593,
        1.095275867730379,
        1.097189623862505,
        1.095537193119526,
        1.0945143066346645,
        1.0975002720952034
    ],
    "test_accuracy": 0.3235,
    "test_class_accuracy": [
        0.36005830903790087,
        0.2085235920852359,
        0.4003044140030441
    ],
    "configs": {
        "embedding_dir": "/users/jakhan/scratch/embeddings/",
        "save_dir": "/users/jakhan/scratch/experiments",
        "model": "CLIP",
        "layer": "4",
        "probe": "MLP",
        "dataset_name": "RAVEN",
        "data_config": "in_center_single_out_center_single",
        "task": "Type_1",
        "seed": "42",
        "lr": "0.001",
        "batch_size": "64",
        "epochs": "45"
    },
    "classes": {
        "0": "Constant",
        "1": "Progression",
        "2": "Distribute_Three"
    }
}