{
    "train_loss": [
        1.3878824051390304,
        1.3831336282669229,
        1.382316252018543,
        1.3801608123677842,
        1.3781715948530968,
        1.375499853428374,
        1.3740207502182493,
        1.371479277915143,
        1.3707752341919757,
        1.3689457419070792,
        1.3669975843835385,
        1.3657051705299539,
        1.3636998724430165,
        1.3623662134434313,
        1.3617718067575009,
        1.3598123826879136,
        1.3581009925679957,
        1.356186534496064,
        1.3557016063243785,
        1.3536959341231813,
        1.3537243300295891,
        1.352697860687337,
        1.3520144376348942,
        1.3509349620088618,
        1.3491636514663696,
        1.3473809399503343,
        1.3467703055828175,
        1.3464882285036939,
        1.344417115475269,
        1.3444885446670207,
        1.3424226299245308,
        1.3424971953351448,
        1.3423804019359833,
        1.3406229856166434,
        1.3406144938570388,
        1.3386392847020576,
        1.3382781769366974,
        1.3374011326343456,
        1.338718225347235,
        1.3363467556364992,
        1.3362463763419619,
        1.333478996094237,
        1.3327832792667633,
        1.3325660913548572,
        1.3316304620276107
    ],
    "test_loss": [
        1.3880155645310879,
        1.3880314230918884,
        1.382849421352148,
        1.3808912262320518,
        1.3790040090680122,
        1.3775060400366783,
        1.3729554191231728,
        1.3710583671927452,
        1.370912577956915,
        1.3722940422594547,
        1.3666088953614235,
        1.366178572177887,
        1.3652557246387005,
        1.362612720578909,
        1.3622933775186539,
        1.367296002805233,
        1.3599527068436146,
        1.358697209507227,
        1.3602778017520905,
        1.3583708554506302,
        1.3563686162233353,
        1.35558070987463,
        1.3541075624525547,
        1.3525417558848858,
        1.3521746434271336,
        1.3557335548102856,
        1.3509692251682281,
        1.3515757471323013,
        1.3553172759711742,
        1.3483722731471062,
        1.348058756440878,
        1.3521177843213081,
        1.3480138517916203,
        1.3449035435914993,
        1.3494358994066715,
        1.3442875407636166,
        1.343170676380396,
        1.3475735560059547,
        1.3424988240003586,
        1.347276981920004,
        1.3408917486667633,
        1.3405898176133633,
        1.3398455008864403,
        1.3407494351267815,
        1.337923415005207
    ],
    "test_accuracy": 0.36,
    "test_class_accuracy": [
        0.056112224448897796,
        0.45714285714285713,
        0.4989733059548255,
        0.4274028629856851
    ],
    "configs": {
        "embedding_dir": "/users/jakhan/scratch/embeddings/",
        "save_dir": "/users/jakhan/scratch/experiments",
        "model": "CLIP",
        "layer": "4",
        "probe": "linear",
        "dataset_name": "RAVEN",
        "data_config": "in_center_single_out_center_single",
        "task": "Color_1",
        "seed": "42",
        "lr": "0.001",
        "batch_size": "64",
        "epochs": "45"
    },
    "classes": {
        "0": "Constant",
        "1": "Progression",
        "2": "Arithmetic",
        "3": "Distribute_Three"
    }
}