{
    "train_loss": [
        1.575086069867966,
        1.273248384607599,
        1.218874398698198,
        1.1950049653966377,
        1.1509284859007978,
        1.1221463230062039,
        1.0926198832532192,
        1.0822136573334957,
        1.0643532491744834,
        1.0406786666271535,
        1.029029428324801,
        1.0182661173191476,
        1.0007584164751337,
        0.9900197659401183,
        0.9873944343404567,
        0.9856964939452232,
        0.9760641848787348,
        0.9647019251864007,
        0.9626668869180882,
        0.9524176019303342,
        0.9387949121759293,
        0.9389303072969964,
        0.9347185625674876,
        0.913423016984412,
        0.909200721598686,
        0.9153608083724976,
        0.9029577292026357,
        0.8954483879373428,
        0.901164580532845,
        0.9083735714567468,
        0.8887678112121339,
        0.8861353993415833,
        0.8843943470336021,
        0.8709845003929544,
        0.8692494979564179,
        0.8665416386533291,
        0.8575035504838253,
        0.8620163658831982,
        0.8679771315544209,
        0.8628168055351745,
        0.8552462756633759,
        0.8559021575653807,
        0.8588615548103413,
        0.8366697259405826,
        0.8376314614681487
    ],
    "test_loss": [
        1.2977638356387615,
        1.22572972625494,
        1.2334349639713764,
        1.2348070405423641,
        1.1147164851427078,
        1.1191266309469938,
        1.074131952598691,
        1.0665676966309547,
        1.0309801436960697,
        1.0725940484553576,
        1.006126644089818,
        1.0180396735668182,
        0.9840386491268873,
        0.9854228999465704,
        1.0024561751633883,
        0.9585175234824419,
        0.9774680379778147,
        0.9432955328375101,
        0.9711353667080402,
        0.9850444719195366,
        0.9303288534283638,
        0.9314142353832722,
        0.9134433381259441,
        0.9111745916306973,
        0.9311363156884909,
        0.9204194378107786,
        0.8934532236307859,
        0.893701484426856,
        0.9734778292477131,
        0.8975448235869408,
        0.8894492704421282,
        0.8962737862020731,
        0.8699554391205311,
        0.9234451707452536,
        0.9282599929720163,
        0.8787559624761343,
        0.8823188785463572,
        0.8593596685677767,
        0.8584742527455091,
        0.8583464380353689,
        0.8534727729856968,
        0.8501730319112539,
        0.8609312046319246,
        0.8759092688560486,
        0.8910854049026966
    ],
    "test_accuracy": 0.616,
    "test_class_accuracy": [
        0.7581818181818182,
        0.3025210084033613,
        0.6164948453608248,
        0.7607361963190185
    ],
    "configs": {
        "embedding_dir": "/users/jakhan/scratch/embeddings/",
        "save_dir": "/users/jakhan/scratch/experiments",
        "model": "DINOv3",
        "layer": "8",
        "probe": "linear",
        "dataset_name": "RAVEN",
        "data_config": "center_single",
        "task": "Color",
        "seed": "42",
        "lr": "0.001",
        "batch_size": "64",
        "epochs": "45"
    },
    "classes": {
        "0": "Constant",
        "1": "Progression",
        "2": "Arithmetic",
        "3": "Distribute_Three"
    }
}