{
    "train_loss": [
        1.090271126716695,
        1.073984830937487,
        1.058295008984018,
        1.046113889902196,
        1.0224035927589903,
        1.0159496722069192,
        1.0017780097241098,
        0.9840478066434252,
        0.9870100160862537,
        0.9640008337954258,
        0.9610914391406039,
        0.9463130926832239,
        0.9587548153197512,
        0.9391110812095885,
        0.92858028982548,
        0.9223535479383266,
        0.913293516382258,
        0.8931094858240574,
        0.8880875744718186,
        0.8737792822908848,
        0.8687008860263419,
        0.8647396405960651,
        0.8753157828716521,
        0.8513619912431595,
        0.8345327814842792,
        0.8382533744294592,
        0.8340727249358563,
        0.820383924119016,
        0.8325728729684302,
        0.8233917755015353,
        0.8126658822627778,
        0.7960830089893747,
        0.7865215267272706,
        0.7839354581021248,
        0.7860676075549836,
        0.7663943482206222,
        0.7686780101441323,
        0.780804712721642,
        0.7673992419496496,
        0.7647117122690729,
        0.7516615403459427,
        0.7494096641844892,
        0.7490037273853383,
        0.7505293811889405,
        0.7369099050126178
    ],
    "test_loss": [
        1.1206950917840004,
        1.0694481786340475,
        1.0687755346298218,
        1.0310550555586815,
        1.036735000088811,
        1.0394072365015745,
        0.9954074397683144,
        1.0243951473385096,
        0.9884595591574907,
        1.0200024861842394,
        0.973863922059536,
        0.9512420147657394,
        1.002586243674159,
        0.9641572926193476,
        0.9947888888418674,
        0.9395234547555447,
        0.9416266679763794,
        0.9338436517864466,
        0.908979581668973,
        0.9091270696371794,
        0.9120211489498615,
        0.9292205069214106,
        0.9438126720488071,
        0.8921608123928308,
        0.8676050156354904,
        0.9026763588190079,
        0.8661996014416218,
        0.9063782729208469,
        0.9768361821770668,
        0.8702221047133207,
        0.839582109823823,
        0.8561818040907383,
        0.8408460766077042,
        0.8384610172361135,
        0.8384332712739706,
        0.8379800971597433,
        0.8571753297001123,
        0.8517821356654167,
        0.8401991333812475,
        0.8403942063450813,
        0.8360772766172886,
        0.863964082673192,
        0.8382258862257004,
        0.8166989982128143,
        0.8114101532846689
    ],
    "test_accuracy": 0.6195,
    "test_class_accuracy": [
        0.5699708454810496,
        0.7351598173515982,
        0.5555555555555556
    ],
    "configs": {
        "embedding_dir": "/users/jakhan/scratch/embeddings/",
        "save_dir": "/users/jakhan/scratch/experiments",
        "model": "CLIP",
        "layer": "10",
        "probe": "MLP",
        "dataset_name": "RAVEN",
        "data_config": "in_center_single_out_center_single",
        "task": "Type_1",
        "seed": "42",
        "lr": "0.001",
        "batch_size": "64",
        "epochs": "45"
    },
    "classes": {
        "0": "Constant",
        "1": "Progression",
        "2": "Distribute_Three"
    }
}