{
    "train_loss": [
        1.3946954411395052,
        0.6517135434328242,
        0.5365530988003345,
        0.47726445534127826,
        0.4560748297483363,
        0.42323103864142236,
        0.3608812954514585,
        0.35009350770331443,
        0.3420444885466961,
        0.33227226344194816,
        0.3064680525914152,
        0.3124113942080356,
        0.2962871574340983,
        0.3188870744185245,
        0.3128552441584303,
        0.28335502981505495,
        0.2860105613127668,
        0.25370783723415213,
        0.2690394265537566,
        0.276923767429717,
        0.25992384251761946,
        0.27795345399608,
        0.2602942420288603,
        0.2740585759599158,
        0.2710514820002495,
        0.23824553762344605,
        0.2597340205089843,
        0.23617287114896673,
        0.22044169728426224,
        0.2345330371977167,
        0.2284770316265999,
        0.2272410104249386,
        0.24867329976343094,
        0.23195958922201015,
        0.25346137250357487,
        0.22552656453657657,
        0.24118986868477882,
        0.20914166610925755,
        0.2298680771380029,
        0.20476718920659512,
        0.21139709116455088,
        0.2144595672317008,
        0.19829584039906237,
        0.1957240435988345,
        0.2182779554673966
    ],
    "test_loss": [
        0.8448567856103182,
        0.6348427571356297,
        0.5340141002088785,
        0.44673091918230057,
        0.4332942692562938,
        0.3833524025976658,
        0.36837381683290005,
        0.3778420081362128,
        0.3468664977699518,
        0.3377405796200037,
        0.3536485633812845,
        0.3507596915587783,
        0.3945386540144682,
        0.32477798825129867,
        0.4681099122390151,
        0.2859193445183337,
        0.2910654628649354,
        0.3013989911414683,
        0.28730923403054476,
        0.26485025603324175,
        0.44817949971184134,
        0.4001412894576788,
        0.3355490225367248,
        0.3369471300393343,
        0.25044597079977393,
        0.24256443930789828,
        0.25064621306955814,
        0.32105018105357885,
        0.3069751444272697,
        0.28168858867138624,
        0.26679893396794796,
        0.2985233748331666,
        0.23431260092183948,
        0.2504691369831562,
        0.33701840648427606,
        0.2641166956163943,
        0.2382275997661054,
        0.29876892594620585,
        0.2615500558167696,
        0.33629482612013817,
        0.27632115175947547,
        0.2469520284794271,
        0.23693698458373547,
        0.3002541526220739,
        0.2582357465289533
    ],
    "test_accuracy": 0.8935,
    "test_class_accuracy": [
        0.9655172413793104,
        0.9576399394856279,
        0.7674750356633381
    ],
    "configs": {
        "embedding_dir": "/users/jakhan/scratch/embeddings/",
        "save_dir": "/users/jakhan/scratch/experiments",
        "model": "DINOv3",
        "layer": "12",
        "probe": "linear",
        "dataset_name": "RAVEN",
        "data_config": "in_center_single_out_center_single",
        "task": "Type_0",
        "seed": "42",
        "lr": "0.001",
        "batch_size": "64",
        "epochs": "45"
    },
    "classes": {
        "0": "Constant",
        "1": "Progression",
        "2": "Distribute_Three"
    }
}