{
    "train_loss": [
        1.104188634994182,
        1.1012050268497873,
        1.1015546689642237,
        1.1006922861363024,
        1.1011216589745054,
        1.1035382544740717,
        1.1013621104524491,
        1.1021368376752163,
        1.101065010466474,
        1.1004303845953434,
        1.1008986437574346,
        1.1008771061897278,
        1.1021691979245936,
        1.1017932980618579,
        1.1009209739400985,
        1.1020257815401604,
        1.1008107510018856,
        1.1027176988885758,
        1.100451724326357,
        1.101225677956926,
        1.1024731980993392,
        1.1006903673740143,
        1.101677249086664,
        1.1014492942931804,
        1.1002493805073676,
        1.1002709345614656,
        1.100366749662034,
        1.1017090969897332,
        1.0999289446688714,
        1.1018725024892928,
        1.1012035418064037,
        1.1008767625118823,
        1.1010894014480266,
        1.1019018279745223,
        1.1011030230116337,
        1.1010228940781126,
        1.1005264634781695,
        1.100931168870723,
        1.1053164144779772,
        1.101410468842121,
        1.1016494707858309,
        1.1014857571175758,
        1.10298290531686,
        1.100452887251022,
        1.1021882815563933
    ],
    "test_loss": [
        1.1028411760926247,
        1.1018031314015388,
        1.0996116511523724,
        1.106104053556919,
        1.1025067083537579,
        1.1027390696108341,
        1.099297285079956,
        1.099003154784441,
        1.0987281389534473,
        1.0988167338073254,
        1.1005070507526398,
        1.0990896746516228,
        1.098882619291544,
        1.1006295755505562,
        1.1059199124574661,
        1.0991481207311153,
        1.101363155990839,
        1.0995695479214191,
        1.1017799638211727,
        1.1041873283684254,
        1.099898461252451,
        1.107285749167204,
        1.101442527025938,
        1.0995986722409725,
        1.100343745201826,
        1.0991412997245789,
        1.0997894816100597,
        1.0988305993378162,
        1.1020319648087025,
        1.1001615636050701,
        1.100762814283371,
        1.1009282879531384,
        1.099089715629816,
        1.1000207737088203,
        1.116698995232582,
        1.10028787702322,
        1.0994048193097115,
        1.1078521199524403,
        1.0990867391228676,
        1.1025019139051437,
        1.1018909066915512,
        1.1007033847272396,
        1.102551519870758,
        1.0991472788155079,
        1.1131161116063595
    ],
    "test_accuracy": 0.3355,
    "test_class_accuracy": [
        0.0,
        0.0,
        1.0
    ],
    "configs": {
        "embedding_dir": "/users/jakhan/scratch/embeddings/",
        "save_dir": "/users/jakhan/scratch/experiments",
        "model": "CLIP",
        "layer": "0",
        "probe": "linear",
        "dataset_name": "RAVEN",
        "data_config": "center_single",
        "task": "Type",
        "seed": "42",
        "lr": "0.001",
        "batch_size": "64",
        "epochs": "45"
    },
    "classes": {
        "0": "Constant",
        "1": "Progression",
        "2": "Distribute_Three"
    }
}