{
    "train_loss": [
        1.3850991345466452,
        1.3795977818205,
        1.3761712059061577,
        1.370655379396804,
        1.365188125600206,
        1.3614263306272791,
        1.3564819034109725,
        1.3536081149223003,
        1.3498726550568925,
        1.346093920951194,
        1.3432642804815413,
        1.3386185055083417,
        1.3347198126163888,
        1.3318312611985714,
        1.330736777883895,
        1.3269452084886266,
        1.3229961877173566,
        1.3203362962032885,
        1.3180987238883972,
        1.314952530759446,
        1.3138869747202446,
        1.310014783067906,
        1.307263250046588,
        1.3047543358295521,
        1.3019251417606434,
        1.299721785048221,
        1.2971076648286048,
        1.293986070663371,
        1.2930498681169875,
        1.2895952222195077,
        1.2893757376265018,
        1.2862758458928858,
        1.2840538430721202,
        1.2819500172391851,
        1.2805628865323169,
        1.277882478338607,
        1.2758156086536163,
        1.2733565645014986,
        1.2714355156776753,
        1.2693609214843589,
        1.2684920316046857,
        1.2655177649031295,
        1.2648196626216808,
        1.2629745995744746,
        1.2606946940117694
    ],
    "test_loss": [
        1.3825081661343575,
        1.377591609954834,
        1.3715305738151073,
        1.3659847117960453,
        1.3627792559564114,
        1.358467623591423,
        1.3565397150814533,
        1.352913361042738,
        1.347590059041977,
        1.3457009382545948,
        1.3425983861088753,
        1.3380357846617699,
        1.3358326740562916,
        1.337362714111805,
        1.331894151866436,
        1.3286265693604946,
        1.3285362534224987,
        1.3260433301329613,
        1.3215619288384914,
        1.321812141686678,
        1.3134562261402607,
        1.3171135857701302,
        1.3099371492862701,
        1.3089543916285038,
        1.304746974259615,
        1.3018569350242615,
        1.3028121329843998,
        1.297490306198597,
        1.297513011842966,
        1.2980380170047283,
        1.2928084880113602,
        1.29442398250103,
        1.289165984839201,
        1.2837535552680492,
        1.2859803698956966,
        1.2866869270801544,
        1.2818093411624432,
        1.2789898291230202,
        1.276965193450451,
        1.2763336189091206,
        1.2719327360391617,
        1.276703268289566,
        1.2678426951169968,
        1.2720402404665947,
        1.2648987732827663
    ],
    "test_accuracy": 0.4715,
    "test_class_accuracy": [
        0.18181818181818182,
        0.4904214559386973,
        0.7345679012345679,
        0.4897119341563786
    ],
    "configs": {
        "embedding_dir": "/users/jakhan/scratch/embeddings/",
        "save_dir": "/users/jakhan/scratch/experiments",
        "model": "CLIP",
        "layer": "4",
        "probe": "linear",
        "dataset_name": "RAVEN",
        "data_config": "center_single",
        "task": "Size",
        "seed": "42",
        "lr": "0.001",
        "batch_size": "64",
        "epochs": "45"
    },
    "classes": {
        "0": "Constant",
        "1": "Progression",
        "2": "Arithmetic",
        "3": "Distribute_Three"
    }
}