{
    "train_loss": [
        1.9590946030109486,
        1.3559791483777635,
        1.3473073485049796,
        1.3144032080122765,
        1.293500598440779,
        1.2791992514691455,
        1.2694362845826657,
        1.2389998220382852,
        1.2455115774844556,
        1.231695425003133,
        1.2270784834597974,
        1.2379113714745704,
        1.246197208445123,
        1.2073271337975846,
        1.2002147448823808,
        1.2052755381198639,
        1.21481044368541,
        1.2044946373777186,
        1.1880992181757664,
        1.1786770452844335,
        1.1776118506776525,
        1.1981861147474735,
        1.179869717739998,
        1.163600279295698,
        1.1560930914067207,
        1.1588444456141045,
        1.1838200288884184,
        1.1716201419525958,
        1.1702809726938288,
        1.1511629965711148,
        1.1570425008205658,
        1.152865746553908,
        1.1482750836839066,
        1.1497586382196305,
        1.1485543809038528,
        1.157195731680444,
        1.1369251684939607,
        1.137607530710545,
        1.1254211372517524,
        1.1153216311272154,
        1.1269586029204917,
        1.1227904589886362,
        1.133730724770972,
        1.1221193246384884,
        1.1185451276758884
    ],
    "test_loss": [
        1.3863914124667645,
        1.3940745629370213,
        1.3287413492798805,
        1.2822958007454872,
        1.273438386619091,
        1.2551645301282406,
        1.2700318433344364,
        1.219320211559534,
        1.2250155881047249,
        1.239705990999937,
        1.2486283481121063,
        1.2398452833294868,
        1.2180253230035305,
        1.2445679679512978,
        1.233527585864067,
        1.256488673388958,
        1.2052462324500084,
        1.2546674273908138,
        1.1789738163352013,
        1.1936036013066769,
        1.1781425140798092,
        1.1992865018546581,
        1.1709318943321705,
        1.19922249391675,
        1.2250703237950802,
        1.2731543183326721,
        1.23905423656106,
        1.1694006882607937,
        1.2064844891428947,
        1.1744181774556637,
        1.1995425447821617,
        1.1863727942109108,
        1.1987488456070423,
        1.1754070706665516,
        1.1633817106485367,
        1.1639890298247337,
        1.1459373235702515,
        1.1787807270884514,
        1.1782201863825321,
        1.1528714671730995,
        1.159869521856308,
        1.1487874500453472,
        1.1736397072672844,
        1.1744574904441833,
        1.2862230874598026
    ],
    "test_accuracy": 0.414,
    "test_class_accuracy": [
        0.7730061349693251,
        0.45778611632270166,
        0.12663755458515283,
        0.2846153846153846
    ],
    "configs": {
        "embedding_dir": "/users/jakhan/scratch/embeddings/",
        "save_dir": "/users/jakhan/scratch/experiments",
        "model": "DINOv3",
        "layer": "12",
        "probe": "MLP",
        "dataset_name": "RAVEN",
        "data_config": "in_center_single_out_center_single",
        "task": "Size_1",
        "seed": "42",
        "lr": "0.001",
        "batch_size": "64",
        "epochs": "45"
    },
    "classes": {
        "0": "Constant",
        "1": "Progression",
        "2": "Arithmetic",
        "3": "Distribute_Three"
    }
}