{
    "train_loss": [
        1.1006825059018237,
        1.0993672102055652,
        1.0994001614286544,
        1.0985304992249671,
        1.0987236994378111,
        1.0991674801136584,
        1.0986091672105993,
        1.0985832125582593,
        1.098723755237904,
        1.0985153190633083,
        1.0986864668257692,
        1.0981788698663102,
        1.0983029274230307,
        1.0979549986250856,
        1.0977912608613358,
        1.0972496195042387,
        1.097188302811156,
        1.0968290681534625,
        1.0958267767378624,
        1.0956706392004134,
        1.0948692382650171,
        1.093978741067521,
        1.0954394137605707,
        1.0924948999222288,
        1.0917865278873038,
        1.0900653499238036,
        1.0909377691593576,
        1.0883774237429842,
        1.0876664037400103,
        1.0863131474941334,
        1.085831530550693,
        1.08553738923783,
        1.0835218011064733,
        1.0835407820153744,
        1.0813210606575012,
        1.0835127538823066,
        1.0787672476565584,
        1.0791769813983998,
        1.0788366223903412,
        1.0769333306779252,
        1.075269619201092,
        1.0751099979623835,
        1.0759538982776886,
        1.0732700139918225,
        1.0695980508276757
    ],
    "test_loss": [
        1.1015558689832687,
        1.098588965833187,
        1.098566934466362,
        1.0983889810740948,
        1.098331119865179,
        1.0985735394060612,
        1.0984029695391655,
        1.0984052196145058,
        1.0983209013938904,
        1.098995678126812,
        1.0982149206101894,
        1.0983570292592049,
        1.0980292074382305,
        1.0977315828204155,
        1.0975173078477383,
        1.097219791263342,
        1.0969439819455147,
        1.0965682156383991,
        1.0960613787174225,
        1.0965177193284035,
        1.0964133962988853,
        1.0976514220237732,
        1.0936536751687527,
        1.0938365012407303,
        1.0921635702252388,
        1.0923570841550827,
        1.0905963480472565,
        1.0899705402553082,
        1.0883485563099384,
        1.0886801145970821,
        1.0883553549647331,
        1.0881877541542053,
        1.0861314535140991,
        1.0894125550985336,
        1.0836003199219704,
        1.082738734781742,
        1.0850787572562695,
        1.0835938304662704,
        1.0872799083590508,
        1.0795575864613056,
        1.0785576403141022,
        1.0919028408825397,
        1.0787159577012062,
        1.0775372125208378,
        1.0764538384974003
    ],
    "test_accuracy": 0.412,
    "test_class_accuracy": [
        0.20089285714285715,
        0.5342465753424658,
        0.503725782414307
    ],
    "configs": {
        "embedding_dir": "/users/jakhan/scratch/embeddings/",
        "save_dir": "/users/jakhan/scratch/experiments",
        "model": "CLIP",
        "layer": "2",
        "probe": "MLP",
        "dataset_name": "RAVEN",
        "data_config": "center_single",
        "task": "Type",
        "seed": "42",
        "lr": "0.001",
        "batch_size": "64",
        "epochs": "45"
    },
    "classes": {
        "0": "Constant",
        "1": "Progression",
        "2": "Distribute_Three"
    }
}