{
    "train_loss": [
        1.3794493802050327,
        1.361735128341837,
        1.3485216029146885,
        1.3343731634160305,
        1.3204628558869058,
        1.3097764329707369,
        1.2982664184367403,
        1.2896246326730607,
        1.2807529720854252,
        1.2716937027078994,
        1.2641704285398443,
        1.2551081459572975,
        1.2477005314319691,
        1.2408653713287192,
        1.2362772797016388,
        1.2293539973015482,
        1.2227218569593226,
        1.216909923452012,
        1.2118071089399622,
        1.2063982968634748,
        1.2028240903894951,
        1.1969007570692833,
        1.1918617715226842,
        1.1875722522431231,
        1.1826029293080593,
        1.178541399062948,
        1.1738790159529828,
        1.1696870238222974,
        1.1666793962742419,
        1.1616065083666052,
        1.1601816529923297,
        1.155259297249165,
        1.1516145581894732,
        1.1484058562745438,
        1.1455906299834555,
        1.1416576111570318,
        1.1384781890727105,
        1.1351637345679262,
        1.1314095740622663,
        1.1283503624987095,
        1.126349577244292,
        1.1226549649492223,
        1.1214083204878138,
        1.1186726930293631,
        1.1150671725577497
    ],
    "test_loss": [
        1.3703724518418312,
        1.3548151142895222,
        1.3386475034058094,
        1.3247173801064491,
        1.3144408501684666,
        1.3025026433169842,
        1.2947305776178837,
        1.2845069840550423,
        1.2742078974843025,
        1.2677814289927483,
        1.2603176608681679,
        1.2508723586797714,
        1.2447798289358616,
        1.2427947893738747,
        1.2351218648254871,
        1.226467076689005,
        1.2223007753491402,
        1.218824665993452,
        1.212715957313776,
        1.2088849283754826,
        1.199527032673359,
        1.2003591358661652,
        1.1920615397393703,
        1.1875616163015366,
        1.181936826556921,
        1.1775669045746326,
        1.1764370575547218,
        1.1699635200202465,
        1.1669474802911282,
        1.1651294231414795,
        1.1612212136387825,
        1.1600136160850525,
        1.155073706060648,
        1.147393461316824,
        1.1473547108471394,
        1.1471718288958073,
        1.1406471654772758,
        1.1378844268620014,
        1.1344343237578869,
        1.132623016834259,
        1.1280603855848312,
        1.1308638639748096,
        1.1209702417254448,
        1.125784493982792,
        1.1170684061944485
    ],
    "test_accuracy": 0.5485,
    "test_class_accuracy": [
        0.5138339920948617,
        0.5210727969348659,
        0.6954732510288066,
        0.4670781893004115
    ],
    "configs": {
        "embedding_dir": "/users/jakhan/scratch/embeddings/",
        "save_dir": "/users/jakhan/scratch/experiments",
        "model": "CLIP",
        "layer": "6",
        "probe": "linear",
        "dataset_name": "RAVEN",
        "data_config": "center_single",
        "task": "Size",
        "seed": "42",
        "lr": "0.001",
        "batch_size": "64",
        "epochs": "45"
    },
    "classes": {
        "0": "Constant",
        "1": "Progression",
        "2": "Arithmetic",
        "3": "Distribute_Three"
    }
}