{
    "train_loss": [
        1.1093103479831776,
        1.1002077790016824,
        1.098893642425537,
        1.0994060014156586,
        1.0985756427683728,
        1.0972543168575206,
        1.0965202869252955,
        1.0959199324567268,
        1.0962414893698185,
        1.0946437120437622,
        1.094153660408994,
        1.0948719318876876,
        1.0930159041222105,
        1.093052015659657,
        1.092482622633589,
        1.0916838772753452,
        1.0901315174204238,
        1.090636947053544,
        1.0899713952490624,
        1.090164121161116,
        1.0895206116615457,
        1.0885829291445144,
        1.0879583675810631,
        1.0880029112734693,
        1.0887072162425264,
        1.0874692987888417,
        1.0871540675771998,
        1.0858951502657952,
        1.0844332144615498,
        1.085291457937119,
        1.0867591195918145,
        1.084280106615513,
        1.0833889448896368,
        1.0844598577377644,
        1.0842883827838492,
        1.0821592262450686,
        1.082915262973055,
        1.0820955329752984,
        1.08211450120236,
        1.0820423846549176,
        1.0811229259409803,
        1.0815686012836212,
        1.0817678228337715,
        1.0804429345942559,
        1.0799591262289818
    ],
    "test_loss": [
        1.0976573899388313,
        1.0995341464877129,
        1.097248800098896,
        1.097241748124361,
        1.0955052562057972,
        1.101044874638319,
        1.0944721400737762,
        1.0946890823543072,
        1.0940295904874802,
        1.092376958578825,
        1.0923447832465172,
        1.0926136188209057,
        1.0931746177375317,
        1.0909169279038906,
        1.0959997288882732,
        1.089880060404539,
        1.0903106816112995,
        1.089340202510357,
        1.0890404470264912,
        1.088114932179451,
        1.0885165557265282,
        1.0892848782241344,
        1.091972529888153,
        1.0923919901251793,
        1.088217854499817,
        1.0881785489618778,
        1.0858201272785664,
        1.0868128426373005,
        1.08719015493989,
        1.0856516771018505,
        1.0861949771642685,
        1.0840610153973103,
        1.0836869291961193,
        1.0840316154062748,
        1.084911946207285,
        1.0887483209371567,
        1.0839271396398544,
        1.0839753299951553,
        1.0838311798870564,
        1.0815246403217316,
        1.0822610072791576,
        1.0812933817505836,
        1.081820022314787,
        1.08131954818964,
        1.0807810835540295
    ],
    "test_accuracy": 0.407,
    "test_class_accuracy": [
        0.12539184952978055,
        0.27987897125567324,
        0.7831669044222539
    ],
    "configs": {
        "embedding_dir": "/users/jakhan/scratch/embeddings/",
        "save_dir": "/users/jakhan/scratch/experiments",
        "model": "DINOv3",
        "layer": "2",
        "probe": "linear",
        "dataset_name": "RAVEN",
        "data_config": "in_center_single_out_center_single",
        "task": "Type_0",
        "seed": "42",
        "lr": "0.001",
        "batch_size": "64",
        "epochs": "45"
    },
    "classes": {
        "0": "Constant",
        "1": "Progression",
        "2": "Distribute_Three"
    }
}