{
    "train_loss": [
        1.6015002917736134,
        1.3698644067378754,
        1.3491683462832837,
        1.342830255944678,
        1.3231132284123848,
        1.3296161801257032,
        1.3184016258158582,
        1.30251078910016,
        1.298475869158481,
        1.2846789867319959,
        1.2775702514546983,
        1.2827637639451535,
        1.2881960450334753,
        1.2604435187705019,
        1.2594651097946978,
        1.2476729496996453,
        1.2564832454032087,
        1.2517937650071813,
        1.2471725192475827,
        1.2312093795614039,
        1.2238490302511986,
        1.2198250128867778,
        1.22875618173721,
        1.2347970769760457,
        1.2163558995470087,
        1.2199934847811436,
        1.217571127921977,
        1.221062681776412,
        1.2114662857765848,
        1.2038104711694921,
        1.194356603825346,
        1.2239396508703841,
        1.2146276425808034,
        1.1967829782912072,
        1.1977714262110122,
        1.1954903627963775,
        1.1882732218884406,
        1.1933263654404498,
        1.1926615935690859,
        1.178895980753797,
        1.185014526894752,
        1.1824009913079283,
        1.189521052735917,
        1.1736402904733698,
        1.180807943039752
    ],
    "test_loss": [
        1.3706000670790672,
        1.3872478641569614,
        1.4051691330969334,
        1.3563361316919327,
        1.3307104036211967,
        1.3485356457531452,
        1.344496600329876,
        1.3609039895236492,
        1.336848072707653,
        1.353362139314413,
        1.29642229154706,
        1.314598448574543,
        1.27027103677392,
        1.2725594826042652,
        1.269796922802925,
        1.2600663267076015,
        1.2800123132765293,
        1.3208987340331078,
        1.2425062023103237,
        1.2495343759655952,
        1.2412489019334316,
        1.2699802480638027,
        1.2464161738753319,
        1.270311951637268,
        1.2318440303206444,
        1.2236196622252464,
        1.2270403169095516,
        1.2355968207120895,
        1.2208842784166336,
        1.2194615676999092,
        1.2228336371481419,
        1.3982490599155426,
        1.2487072944641113,
        1.2608110681176186,
        1.2280212454497814,
        1.255074143409729,
        1.238753292709589,
        1.2565786875784397,
        1.2311628609895706,
        1.2221197336912155,
        1.2979664094746113,
        1.2133999578654766,
        1.2070236504077911,
        1.2203819639980793,
        1.2126981243491173
    ],
    "test_accuracy": 0.458,
    "test_class_accuracy": [
        0.5390781563126252,
        0.6457142857142857,
        0.3839835728952772,
        0.2474437627811861
    ],
    "configs": {
        "embedding_dir": "/users/jakhan/scratch/embeddings/",
        "save_dir": "/users/jakhan/scratch/experiments",
        "model": "DINOv3",
        "layer": "8",
        "probe": "linear",
        "dataset_name": "RAVEN",
        "data_config": "in_center_single_out_center_single",
        "task": "Color_1",
        "seed": "42",
        "lr": "0.001",
        "batch_size": "64",
        "epochs": "45"
    },
    "classes": {
        "0": "Constant",
        "1": "Progression",
        "2": "Arithmetic",
        "3": "Distribute_Three"
    }
}