{
    "train_loss": [
        1.0772787484716861,
        0.9913551927881038,
        0.9082164123971411,
        0.8682819446350666,
        0.8410666673741443,
        0.8077915272814162,
        0.7817344247026646,
        0.7595501973273906,
        0.73490446488908,
        0.7136729302558493,
        0.70009398079933,
        0.6751659525201675,
        0.6599042206368548,
        0.6360311390871697,
        0.6296523368739068,
        0.6152443508518503,
        0.5846138044874719,
        0.5778978673067499,
        0.5640479174066098,
        0.5567782232736019,
        0.5344884011973726,
        0.5353500874752694,
        0.5180987389163768,
        0.5195847886039856,
        0.5091567572126997,
        0.5109025525285843,
        0.4884533533390532,
        0.47873428527345047,
        0.4875599317094113,
        0.47114456397421817,
        0.46798961720568066,
        0.4650954759501396,
        0.4536431206667677,
        0.4466961102282747,
        0.4425913247656315,
        0.43959266010751114,
        0.4325929128743233,
        0.4298627219618635,
        0.41734688205921905,
        0.4186438171470419,
        0.413948396418957,
        0.4173685166429966,
        0.41491235000021914,
        0.407230406682542,
        0.39816486803775136
    ],
    "test_loss": [
        1.0523952841758728,
        0.9460165444761515,
        0.9000308830291033,
        0.8585656471550465,
        0.8266279380768538,
        0.8080014027655125,
        0.7990649919956923,
        0.7616793215274811,
        0.7314065415412188,
        0.7090770974755287,
        0.7340964414179325,
        0.6887901946902275,
        0.6618308741599321,
        0.6486941035836935,
        0.6685610981658101,
        0.6331899333745241,
        0.6074288757517934,
        0.59989358112216,
        0.5745126763358712,
        0.56571623403579,
        0.5600923486053944,
        0.546624998562038,
        0.5351735567674041,
        0.5275350641459227,
        0.530775043182075,
        0.5598839716985822,
        0.511278523132205,
        0.5107997450977564,
        0.5028620334342122,
        0.5226867636665702,
        0.49706327449530363,
        0.47945160139352083,
        0.4838173780590296,
        0.4782015588134527,
        0.4859432587400079,
        0.48393654450774193,
        0.4476654687896371,
        0.444426191970706,
        0.4443221325054765,
        0.4437208641320467,
        0.43889905977994204,
        0.44622564129531384,
        0.4372622286900878,
        0.4258550927042961,
        0.44642086513340473
    ],
    "test_accuracy": 0.8125,
    "test_class_accuracy": [
        0.8541666666666666,
        0.928462709284627,
        0.6572280178837556
    ],
    "configs": {
        "embedding_dir": "/users/jakhan/scratch/embeddings/",
        "save_dir": "/users/jakhan/scratch/experiments",
        "model": "CLIP",
        "layer": "6",
        "probe": "MLP",
        "dataset_name": "RAVEN",
        "data_config": "center_single",
        "task": "Type",
        "seed": "42",
        "lr": "0.001",
        "batch_size": "64",
        "epochs": "45"
    },
    "classes": {
        "0": "Constant",
        "1": "Progression",
        "2": "Distribute_Three"
    }
}