{
    "train_loss": [
        1.4038230193422196,
        1.1694531890940159,
        1.0566033460992448,
        0.9882097263285454,
        0.9681863810153718,
        0.9127659391849599,
        0.9125465497057489,
        0.8575593879882325,
        0.8695035659252329,
        0.8260514247924724,
        0.792341134649642,
        0.7773630035684463,
        0.8050401832195039,
        0.7928061193608223,
        0.8025400771739635,
        0.7743231444916827,
        0.7608157821158146,
        0.7374323283104186,
        0.7358698194965403,
        0.7503571110837003,
        0.7179081928222737,
        0.7007973295577029,
        0.7433267673279377,
        0.7013783191746854,
        0.716409553872778,
        0.6965030869270893,
        0.6977688131180215,
        0.6947298462086535,
        0.6996997515571878,
        0.6700946032366855,
        0.7045259015991333,
        0.6750798041516162,
        0.6705729974077103,
        0.6896798290470814,
        0.6503951736587159,
        0.6417064273611028,
        0.6708288915613865,
        0.6333700187028722,
        0.663846326952285,
        0.6681709612937684,
        0.6345354797358208,
        0.6294465749821765,
        0.6329738003142337,
        0.6433548689522641,
        0.6082725192004061
    ],
    "test_loss": [
        1.2415170595049858,
        1.0519784484058619,
        0.9898661728948355,
        0.9728049114346504,
        0.971501300111413,
        0.8738695085048676,
        0.8481199629604816,
        0.9349205922335386,
        0.9697354044765234,
        0.8004240561276674,
        0.7838519364595413,
        0.8471681419759989,
        0.736964475363493,
        0.8028934467583895,
        0.7739767953753471,
        0.7319128308445215,
        0.7732069622725248,
        0.801403870806098,
        0.8199799209833145,
        0.7096194792538881,
        0.7668100446462631,
        0.7402479946613312,
        0.8493995405733585,
        0.7230264861136675,
        0.7404710575938225,
        0.7387402299791574,
        0.7866302896291018,
        0.8623287789523602,
        0.6670759916305542,
        0.8301202487200499,
        0.6439141221344471,
        0.6391631690785289,
        0.6892385855317116,
        0.6476328000426292,
        0.7866418082267046,
        0.6609912663698196,
        0.6998343672603369,
        0.721818657591939,
        1.079023102298379,
        0.7498913183808327,
        0.7721928209066391,
        0.6442489111796021,
        0.7180102653801441,
        0.6677787434309721,
        0.6919803563505411
    ],
    "test_accuracy": 0.708,
    "test_class_accuracy": [
        0.9690909090909091,
        0.5672268907563025,
        0.6371134020618556,
        0.621676891615542
    ],
    "configs": {
        "embedding_dir": "/users/jakhan/scratch/embeddings/",
        "save_dir": "/users/jakhan/scratch/experiments",
        "model": "DINOv3",
        "layer": "10",
        "probe": "MLP",
        "dataset_name": "RAVEN",
        "data_config": "center_single",
        "task": "Color",
        "seed": "42",
        "lr": "0.001",
        "batch_size": "64",
        "epochs": "45"
    },
    "classes": {
        "0": "Constant",
        "1": "Progression",
        "2": "Arithmetic",
        "3": "Distribute_Three"
    }
}