{
    "train_loss": [
        1.0566924214363098,
        1.053357906798099,
        1.053525150456327,
        1.0518283552311836,
        1.0516457862042365,
        1.0514888909268887,
        1.0517434661692762,
        1.051650881767273,
        1.0500202134568641,
        1.0497317523398297,
        1.050114357091011,
        1.0484996926277241,
        1.0495966336828597,
        1.0497893297925909,
        1.0489762983423598,
        1.048943652117506,
        1.0475963094133012,
        1.0466365509844842,
        1.046135757197725,
        1.0470770217002707,
        1.0464491330562753,
        1.0456494593873937,
        1.044354422929439,
        1.0452620158804224,
        1.0459899775525356,
        1.0434863592715973,
        1.0438971259492509,
        1.0426215852828735,
        1.0432828322370002,
        1.0421714078872761,
        1.042276289868862,
        1.0418703315105844,
        1.0414093086060057,
        1.0410685050994792,
        1.0395404639396262,
        1.041421983470308,
        1.0406522693786215,
        1.0392200724875673,
        1.0393418790178095,
        1.038785768950239,
        1.0392133200422247,
        1.0385488734600392,
        1.0382661014161212,
        1.0372016734265266,
        1.0370323486784672
    ],
    "test_loss": [
        1.0637208316475153,
        1.064022146165371,
        1.0621795505285263,
        1.061750303953886,
        1.0624610595405102,
        1.0609232913702726,
        1.0597575455904007,
        1.0599202942103148,
        1.0594022013247013,
        1.0676424764096737,
        1.0585496723651886,
        1.0593241844326258,
        1.0581967942416668,
        1.0573661290109158,
        1.0621572062373161,
        1.0596195850521326,
        1.056806892156601,
        1.0591040421277285,
        1.056892054155469,
        1.0569217298179865,
        1.0552168395370245,
        1.0550593435764313,
        1.0560316909104586,
        1.0547036342322826,
        1.0558593161404133,
        1.0602193232625723,
        1.0540743134915829,
        1.060498571023345,
        1.0537571925669909,
        1.0526527967303991,
        1.0548401046544313,
        1.052717186510563,
        1.0523918755352497,
        1.0535728596150875,
        1.0553366430103779,
        1.0529940631240606,
        1.0529147293418646,
        1.051905568689108,
        1.0542598627507687,
        1.0516694579273462,
        1.051769370213151,
        1.053435007110238,
        1.0549391563981771,
        1.0484655387699604,
        1.048406932502985
    ],
    "test_accuracy": 0.4305,
    "test_class_accuracy": [
        0.22040302267002518,
        0.0,
        0.875
    ],
    "configs": {
        "embedding_dir": "/users/jakhan/scratch/embeddings/",
        "save_dir": "/users/jakhan/scratch/experiments",
        "model": "CLIP",
        "layer": "4",
        "probe": "linear",
        "dataset_name": "RAVEN",
        "data_config": "in_center_single_out_center_single",
        "task": "Size_0",
        "seed": "42",
        "lr": "0.001",
        "batch_size": "64",
        "epochs": "45"
    },
    "classes": {
        "0": "Constant",
        "1": "Progression",
        "2": "Distribute_Three"
    }
}