{
    "train_loss": [
        1.0995018659754003,
        1.0952781299327283,
        1.09430926150464,
        1.0900911866350378,
        1.0876701740508383,
        1.0861504712003343,
        1.084997759220448,
        1.0815082154375442,
        1.0807066876837548,
        1.0799038816005626,
        1.0764904212444386,
        1.074183073449642,
        1.073024536700959,
        1.0715557362170929,
        1.069310466025738,
        1.0681416379644515,
        1.0678563739391083,
        1.0650373887508473,
        1.0639228364254565,
        1.0625438931140494,
        1.0628921909535185,
        1.0597263549236542,
        1.0601805448532104,
        1.0577433477056788,
        1.0566468099330335,
        1.0560204919348373,
        1.0549457022484312,
        1.054399276033361,
        1.0535794883332354,
        1.0531121238749077,
        1.051634576726467,
        1.0494339199776346,
        1.0482814831936613,
        1.0472398229101871,
        1.046817293192478,
        1.0466289957787127,
        1.045880135703594,
        1.0442334692528907,
        1.0439843586150637,
        1.0428974996221827,
        1.042404516580257,
        1.0417353948380084,
        1.0401492759268334,
        1.0397554046296058,
        1.0383439501549334
    ],
    "test_loss": [
        1.0965207144618034,
        1.1005521081387997,
        1.0917017795145512,
        1.0897750034928322,
        1.0940341539680958,
        1.0918987803161144,
        1.0842762775719166,
        1.083358995616436,
        1.081547923386097,
        1.0797087773680687,
        1.078465547412634,
        1.077080201357603,
        1.0784816853702068,
        1.0753100998699665,
        1.0744279585778713,
        1.0752934478223324,
        1.0713408254086971,
        1.0692757405340672,
        1.068745482712984,
        1.0720550641417503,
        1.0686173029243946,
        1.0678902342915535,
        1.0675522685050964,
        1.064914532005787,
        1.0641654059290886,
        1.064182460308075,
        1.064035814255476,
        1.0600785426795483,
        1.0676129460334778,
        1.0597197152674198,
        1.0576192289590836,
        1.0588533282279968,
        1.0605114810168743,
        1.0569129958748817,
        1.0548294335603714,
        1.0569024831056595,
        1.053496029227972,
        1.0532956756651402,
        1.0547206029295921,
        1.0527892708778381,
        1.0532698333263397,
        1.0551270246505737,
        1.053355224430561,
        1.0499620083719492,
        1.0499062109738588
    ],
    "test_accuracy": 0.4555,
    "test_class_accuracy": [
        0.6122448979591837,
        0.4246575342465753,
        0.3226788432267884
    ],
    "configs": {
        "embedding_dir": "/users/jakhan/scratch/embeddings/",
        "save_dir": "/users/jakhan/scratch/experiments",
        "model": "CLIP",
        "layer": "6",
        "probe": "linear",
        "dataset_name": "RAVEN",
        "data_config": "in_center_single_out_center_single",
        "task": "Type_1",
        "seed": "42",
        "lr": "0.001",
        "batch_size": "64",
        "epochs": "45"
    },
    "classes": {
        "0": "Constant",
        "1": "Progression",
        "2": "Distribute_Three"
    }
}