{
    "train_loss": [
        1.393626017773405,
        1.3845988372538953,
        1.3810735116613673,
        1.3775286915454459,
        1.371748775877851,
        1.3677651121261272,
        1.3561128022822928,
        1.3499571731750002,
        1.3413945804251002,
        1.341476469597918,
        1.3261628835759265,
        1.3201432786089309,
        1.3177559058716957,
        1.3033877864797065,
        1.2937456420127382,
        1.2901268690190417,
        1.2829407643764577,
        1.2789890778825639,
        1.272096778484101,
        1.2799630608964474,
        1.2740924599322867,
        1.2652662371067291,
        1.2552829359440094,
        1.2530626324897116,
        1.257431390437674,
        1.251338020284125,
        1.2493456297732415,
        1.2467904636200438,
        1.2418908793875512,
        1.2384531941819699,
        1.2427170492233115,
        1.2493970368770844,
        1.246371459453664,
        1.2369815884752478,
        1.2297559076167168,
        1.2335096914717492,
        1.2298007544050826,
        1.2266778502058475,
        1.2313096459875716,
        1.2277204571886267,
        1.232467383780378,
        1.23231644326068,
        1.2213035403413977,
        1.2240421011092815,
        1.229340304719641
    ],
    "test_loss": [
        1.39917017146945,
        1.3872087895870209,
        1.375251516699791,
        1.381753884255886,
        1.3697855696082115,
        1.3719394207000732,
        1.358094036579132,
        1.3429366201162338,
        1.3683606386184692,
        1.3366259671747684,
        1.319178432226181,
        1.3386744037270546,
        1.3085918575525284,
        1.299045529216528,
        1.285772267729044,
        1.306715153157711,
        1.318485900759697,
        1.2801037393510342,
        1.2745945528149605,
        1.3930007182061672,
        1.3037082254886627,
        1.2583228535950184,
        1.2548526376485825,
        1.2675041519105434,
        1.2566006146371365,
        1.2605334557592869,
        1.2460822202265263,
        1.2596524134278297,
        1.2415678724646568,
        1.2416755929589272,
        1.2464247234165668,
        1.2745348513126373,
        1.2365610674023628,
        1.2360138781368732,
        1.2313338741660118,
        1.2332611493766308,
        1.2301010303199291,
        1.2301310263574123,
        1.272334810346365,
        1.2295094393193722,
        1.2445151954889297,
        1.2305273599922657,
        1.2278280071914196,
        1.26112574711442,
        1.2361035905778408
    ],
    "test_accuracy": 0.4205,
    "test_class_accuracy": [
        0.10869565217391304,
        0.40229885057471265,
        0.7325102880658436,
        0.45267489711934156
    ],
    "configs": {
        "embedding_dir": "/users/jakhan/scratch/embeddings/",
        "save_dir": "/users/jakhan/scratch/experiments",
        "model": "DINOv3",
        "layer": "2",
        "probe": "MLP",
        "dataset_name": "RAVEN",
        "data_config": "center_single",
        "task": "Size",
        "seed": "42",
        "lr": "0.001",
        "batch_size": "64",
        "epochs": "45"
    },
    "classes": {
        "0": "Constant",
        "1": "Progression",
        "2": "Arithmetic",
        "3": "Distribute_Three"
    }
}