{
    "train_loss": [
        1.3936161589115224,
        1.3680821276725608,
        1.355758768446902,
        1.3465347911449188,
        1.345836563313261,
        1.3341480201863227,
        1.3233277480652992,
        1.3225045965072957,
        1.3144230766499296,
        1.3171881830438654,
        1.308659665128018,
        1.3058788738352187,
        1.2994543745162639,
        1.2931045154307752,
        1.2963917027128504,
        1.2909644778738631,
        1.2866479373992759,
        1.2861439509594694,
        1.2777753485010026,
        1.2810668590221,
        1.2735652048537072,
        1.2746710764600875,
        1.2735183949166156,
        1.2717039978250544,
        1.2692059532124946,
        1.2671433420891458,
        1.2588097567253924,
        1.2581931137024087,
        1.2549186868870512,
        1.2521602549451463,
        1.2520106916731977,
        1.251107706668529,
        1.2526048789633082,
        1.2527381739717849,
        1.245979201286397,
        1.242799161596501,
        1.246503066509328,
        1.241401308394493,
        1.2398392279097374,
        1.2422434865160192,
        1.2339728056116308,
        1.2330641924066748,
        1.2334318351238331,
        1.2295231324561098,
        1.2290509951875566
    ],
    "test_loss": [
        1.3746344521641731,
        1.3549573384225368,
        1.3474647924304008,
        1.3553294241428375,
        1.3368776924908161,
        1.328205645084381,
        1.325106579810381,
        1.3211308009922504,
        1.313656747341156,
        1.3301460668444633,
        1.333061046898365,
        1.307117611169815,
        1.2975211665034294,
        1.2983256615698338,
        1.3152267150580883,
        1.2930318713188171,
        1.2926821261644363,
        1.2853410094976425,
        1.2936767041683197,
        1.2809791713953018,
        1.2789027206599712,
        1.281609196215868,
        1.2776117995381355,
        1.2714038714766502,
        1.2696764692664146,
        1.2649023868143559,
        1.2651432678103447,
        1.2619077749550343,
        1.2665663734078407,
        1.2675294317305088,
        1.2582180351018906,
        1.25657432153821,
        1.2556787841022015,
        1.251460112631321,
        1.2505373768508434,
        1.2581419087946415,
        1.2475035078823566,
        1.2547668144106865,
        1.2697730474174023,
        1.2485134489834309,
        1.2601177245378494,
        1.2454404383897781,
        1.2390629164874554,
        1.2344439812004566,
        1.231860712170601
    ],
    "test_accuracy": 0.444,
    "test_class_accuracy": [
        0.424901185770751,
        0.5708812260536399,
        0.5596707818930041,
        0.21193415637860083
    ],
    "configs": {
        "embedding_dir": "/users/jakhan/scratch/embeddings/",
        "save_dir": "/users/jakhan/scratch/experiments",
        "model": "DINOv3",
        "layer": "6",
        "probe": "linear",
        "dataset_name": "RAVEN",
        "data_config": "center_single",
        "task": "Size",
        "seed": "42",
        "lr": "0.001",
        "batch_size": "64",
        "epochs": "45"
    },
    "classes": {
        "0": "Constant",
        "1": "Progression",
        "2": "Arithmetic",
        "3": "Distribute_Three"
    }
}