{
    "train_loss": [
        1.388424537283309,
        1.3856367278606334,
        1.384829320806138,
        1.3819267242512805,
        1.3777051669486025,
        1.3719670328688114,
        1.3675946314284142,
        1.3639943751883,
        1.3582712361153135,
        1.3537197518855968,
        1.3473092698036355,
        1.3406227192980178,
        1.3388089119119848,
        1.3329012939270506,
        1.3265776355215844,
        1.3230084142786391,
        1.3253952125285535,
        1.3175914731431515,
        1.3111892925932052,
        1.3070325242712142,
        1.303869532777908,
        1.3006697500005682,
        1.2996647738395852,
        1.2935089836729334,
        1.2906736807620272,
        1.2874885378999914,
        1.2861160902266806,
        1.2863187041688473,
        1.2781847804150683,
        1.2785244850402182,
        1.2778170818978167,
        1.2721908713908905,
        1.2710301571703972,
        1.2679444373922144,
        1.2680091350636584,
        1.2637366893443656,
        1.2637422186263063,
        1.2584623428101236,
        1.261382130866355,
        1.2609654322583626,
        1.2559157838212682,
        1.2523788086911465,
        1.252530463198398,
        1.2520504390939753,
        1.2490957277886412
    ],
    "test_loss": [
        1.3890809826552868,
        1.3872923702001572,
        1.382869929075241,
        1.3866611495614052,
        1.3763454668223858,
        1.3765921965241432,
        1.3692896999418736,
        1.3702827021479607,
        1.3578011505305767,
        1.3530762940645218,
        1.3510345555841923,
        1.3648661673069,
        1.3444380424916744,
        1.335831642150879,
        1.3328655511140823,
        1.3438878171145916,
        1.3455724976956844,
        1.3217757157981396,
        1.3232997432351112,
        1.3177850022912025,
        1.3120933547616005,
        1.3113083951175213,
        1.3050163239240646,
        1.303282704204321,
        1.296007089316845,
        1.3033065535128117,
        1.2943237014114857,
        1.2909985892474651,
        1.2913758009672165,
        1.2953087724745274,
        1.2998198792338371,
        1.2945169545710087,
        1.2871808633208275,
        1.282910868525505,
        1.2860567010939121,
        1.2819366939365864,
        1.2804761491715908,
        1.279541578143835,
        1.2894487828016281,
        1.274468693882227,
        1.2769537344574928,
        1.268713440746069,
        1.2745448648929596,
        1.266571793705225,
        1.2853238955140114
    ],
    "test_accuracy": 0.402,
    "test_class_accuracy": [
        0.09218436873747494,
        0.45904761904761904,
        0.8603696098562629,
        0.20040899795501022
    ],
    "configs": {
        "embedding_dir": "/users/jakhan/scratch/embeddings/",
        "save_dir": "/users/jakhan/scratch/experiments",
        "model": "CLIP",
        "layer": "4",
        "probe": "MLP",
        "dataset_name": "RAVEN",
        "data_config": "in_center_single_out_center_single",
        "task": "Color_1",
        "seed": "42",
        "lr": "0.001",
        "batch_size": "64",
        "epochs": "45"
    },
    "classes": {
        "0": "Constant",
        "1": "Progression",
        "2": "Arithmetic",
        "3": "Distribute_Three"
    }
}