{
    "train_loss": [
        1.0562516330404486,
        1.051079528762939,
        1.0497792521689802,
        1.046744187461569,
        1.0452877403573786,
        1.0437721965160776,
        1.0431700716627406,
        1.0417827938465363,
        1.0391719417369112,
        1.0378994174460148,
        1.0374928268980472,
        1.034801185131073,
        1.0350794411720114,
        1.034722644597926,
        1.0330287573185373,
        1.0325933701180396,
        1.030507117509842,
        1.028472641681103,
        1.0274543483206566,
        1.0277502048522869,
        1.0268164169281087,
        1.0250402815798496,
        1.023291660116074,
        1.0238056848657893,
        1.0240298338392948,
        1.0207807282184034,
        1.021001620495573,
        1.0190368643466463,
        1.019240104771675,
        1.0175829580489626,
        1.0172977694805632,
        1.016142760185485,
        1.0153392166533368,
        1.0146886446374528,
        1.012637402783049,
        1.0138402048577653,
        1.0130012980166903,
        1.0110703915991681,
        1.0106672847524603,
        1.009611429686242,
        1.0100368755929015,
        1.0090832539061283,
        1.0080181144653482,
        1.006557913536721,
        1.0061470878885148
    ],
    "test_loss": [
        1.0624596886336803,
        1.061847910284996,
        1.0583519376814365,
        1.056592283770442,
        1.056390332058072,
        1.053800992667675,
        1.0519222132861614,
        1.0507543589919806,
        1.0497037209570408,
        1.0586085356771946,
        1.0474859029054642,
        1.0472224280238152,
        1.0458377953618765,
        1.0441854503005743,
        1.0495173819363117,
        1.0456239525228739,
        1.0417218394577503,
        1.043310523033142,
        1.0407078880816698,
        1.0403217654675245,
        1.0381810795515776,
        1.037740422412753,
        1.0383886266499758,
        1.0363070350140333,
        1.0365004055202007,
        1.0415816996246576,
        1.0343842934817076,
        1.0404025726020336,
        1.0329967513680458,
        1.0315796378999949,
        1.0334480255842209,
        1.0309267714619637,
        1.0300287120044231,
        1.0312311109155416,
        1.032446289435029,
        1.0300978776067495,
        1.0296831130981445,
        1.0282931588590145,
        1.0294709280133247,
        1.027929151430726,
        1.0275696720927954,
        1.0281941294670105,
        1.0296504981815815,
        1.0227676257491112,
        1.0229588188230991
    ],
    "test_accuracy": 0.4455,
    "test_class_accuracy": [
        0.3702770780856423,
        0.0,
        0.7614795918367347
    ],
    "configs": {
        "embedding_dir": "/users/jakhan/scratch/embeddings/",
        "save_dir": "/users/jakhan/scratch/experiments",
        "model": "CLIP",
        "layer": "6",
        "probe": "linear",
        "dataset_name": "RAVEN",
        "data_config": "in_center_single_out_center_single",
        "task": "Size_0",
        "seed": "42",
        "lr": "0.001",
        "batch_size": "64",
        "epochs": "45"
    },
    "classes": {
        "0": "Constant",
        "1": "Progression",
        "2": "Distribute_Three"
    }
}