{
    "train_loss": [
        2.1813619694811233,
        1.5458330372546583,
        1.481380395432736,
        1.4756081992007317,
        1.4256718551858942,
        1.400551383799695,
        1.3602662682533264,
        1.3569392802867484,
        1.3316181885435225,
        1.3528881478816905,
        1.322216181044883,
        1.3188142573579829,
        1.3062796237620902,
        1.330938436883561,
        1.282364235279408,
        1.265117494349784,
        1.2739283797588754,
        1.2968353476930172,
        1.250718020378275,
        1.3164496675450752,
        1.2606496836276764,
        1.2969060362653528,
        1.2733136060390067,
        1.2391907509337081,
        1.3127755028136232,
        1.253181238123711,
        1.2606624314125547,
        1.2359962063900969,
        1.2601850425943415,
        1.2256211625768783,
        1.323540690731495,
        1.2416948758541269,
        1.2852732076289806,
        1.2188777188037305,
        1.199230415389893,
        1.3017281737733395,
        1.2455984734474344,
        1.1892332555131708,
        1.264516439843685,
        1.2602066067939108,
        1.1827842225419714,
        1.2217729015553251,
        1.2904889811860754,
        1.3186648519749338,
        1.2075217816423862
    ],
    "test_loss": [
        1.7597393728792667,
        1.4514447338879108,
        1.829057402908802,
        1.3332748413085938,
        1.6291339434683323,
        1.3822023682296276,
        1.2796783111989498,
        1.32876755297184,
        1.245477482676506,
        1.3709322065114975,
        1.512774407863617,
        1.270175278186798,
        1.3142669051885605,
        1.5530876480042934,
        1.3732255324721336,
        1.2379627749323845,
        1.3328910544514656,
        1.2497790809720755,
        1.2377206049859524,
        1.2751774452626705,
        1.2308493070304394,
        1.5992498993873596,
        1.4503501653671265,
        1.3422234132885933,
        1.3617828600108624,
        1.2911011017858982,
        1.2900142222642899,
        1.3550118133425713,
        1.2565281614661217,
        1.4949008338153362,
        1.311356883496046,
        1.1972760073840618,
        1.1931153498589993,
        1.3079187460243702,
        1.2214848659932613,
        1.3095584511756897,
        1.165799105539918,
        1.2469616048038006,
        1.3646608889102936,
        1.2324749324470758,
        1.1818654499948025,
        1.216554258018732,
        1.3284848928451538,
        1.3513378165662289,
        1.1796157620847225
    ],
    "test_accuracy": 0.478,
    "test_class_accuracy": [
        0.5766871165644172,
        0.4277673545966229,
        0.4432314410480349,
        0.4673076923076923
    ],
    "configs": {
        "embedding_dir": "/users/jakhan/scratch/embeddings/",
        "save_dir": "/users/jakhan/scratch/experiments",
        "model": "DINOv3",
        "layer": "12",
        "probe": "linear",
        "dataset_name": "RAVEN",
        "data_config": "in_center_single_out_center_single",
        "task": "Size_1",
        "seed": "42",
        "lr": "0.001",
        "batch_size": "64",
        "epochs": "45"
    },
    "classes": {
        "0": "Constant",
        "1": "Progression",
        "2": "Arithmetic",
        "3": "Distribute_Three"
    }
}