{
    "train_loss": [
        1.393513744181775,
        1.3844386072868997,
        1.3829279846333442,
        1.3791996456207114,
        1.3797482061893382,
        1.3772937198902697,
        1.3698193735264717,
        1.3699998462453802,
        1.3664337421985382,
        1.3664678969281785,
        1.3628768553125097,
        1.3633256770194846,
        1.3583014949839165,
        1.3563193716901414,
        1.3590210321101737,
        1.3554632283271628,
        1.3529323060461815,
        1.351213682205119,
        1.3478051500117525,
        1.3495470158597256,
        1.3443037423681705,
        1.3454287724292024,
        1.3451930982001283,
        1.3455294586242514,
        1.343501350981124,
        1.3413838376390173,
        1.3361833831097216,
        1.3356537400407995,
        1.334469903022685,
        1.332911672744345,
        1.3334375695979341,
        1.330672374431123,
        1.3337327153124707,
        1.33251953125,
        1.3305711467215355,
        1.3272753370569108,
        1.3287203654329827,
        1.327219419022824,
        1.3260787573266537,
        1.3262109959379156,
        1.3222807201933353,
        1.3211570077754082,
        1.3221830789079057,
        1.3196650426438514,
        1.3190015833428566
    ],
    "test_loss": [
        1.383982926607132,
        1.3793047592043877,
        1.3824492655694485,
        1.3827799446880817,
        1.3763709142804146,
        1.3732050731778145,
        1.3698044084012508,
        1.368624810129404,
        1.3641557954251766,
        1.369467832148075,
        1.3727830909192562,
        1.3628092259168625,
        1.357286598533392,
        1.359991054981947,
        1.3625033050775528,
        1.3545777350664139,
        1.355013895779848,
        1.3568265996873379,
        1.3591303117573261,
        1.3491523750126362,
        1.3510579019784927,
        1.3542968668043613,
        1.345939315855503,
        1.349079418927431,
        1.3398053385317326,
        1.3474698476493359,
        1.3399415574967861,
        1.3370267637073994,
        1.3447098396718502,
        1.3463135324418545,
        1.333274282515049,
        1.342197373509407,
        1.3315185531973839,
        1.341676514595747,
        1.3297968432307243,
        1.3414853923022747,
        1.3312926143407822,
        1.3296274542808533,
        1.3427098169922829,
        1.3312082588672638,
        1.3394149616360664,
        1.3252339363098145,
        1.3222053237259388,
        1.3290108777582645,
        1.3195539116859436
    ],
    "test_accuracy": 0.388,
    "test_class_accuracy": [
        0.2707509881422925,
        0.5363984674329502,
        0.5288065843621399,
        0.20987654320987653
    ],
    "configs": {
        "embedding_dir": "/users/jakhan/scratch/embeddings/",
        "save_dir": "/users/jakhan/scratch/experiments",
        "model": "DINOv3",
        "layer": "4",
        "probe": "linear",
        "dataset_name": "RAVEN",
        "data_config": "center_single",
        "task": "Size",
        "seed": "42",
        "lr": "0.001",
        "batch_size": "64",
        "epochs": "45"
    },
    "classes": {
        "0": "Constant",
        "1": "Progression",
        "2": "Arithmetic",
        "3": "Distribute_Three"
    }
}