{
    "train_loss": [
        1.1023694948947176,
        1.099743846883165,
        1.1020454485365685,
        1.1002965747041906,
        1.1002986291621595,
        1.101301023300658,
        1.1025034506270226,
        1.100696199751915,
        1.102521630043679,
        1.1045914190880797,
        1.1015207425076912,
        1.1002455582009985,
        1.1009596256499594,
        1.1013208488200574,
        1.1003375611406692,
        1.1006663898204236,
        1.1021008770516578,
        1.1010247253357095,
        1.100991739871654,
        1.1007036313097527,
        1.1030754611847249,
        1.0999673351328423,
        1.1019572006895186,
        1.1006151627986989,
        1.1004017870476905,
        1.1012099917898788,
        1.1003447098934904,
        1.102618932723999,
        1.1017792415111622,
        1.1026126070225493,
        1.10200793311951,
        1.1002115886262123,
        1.1006106087502012,
        1.09996297638467,
        1.1008156487282286,
        1.1011289928821808,
        1.1014965899447178,
        1.100562871770656,
        1.1007460165531078,
        1.100843586820237,
        1.101408324343093,
        1.1015554666519165,
        1.1010329571176083,
        1.1009429312766867,
        1.1002695902864983
    ],
    "test_loss": [
        1.0991493538022041,
        1.1102152615785599,
        1.0989168882369995,
        1.0983176305890083,
        1.1085192002356052,
        1.1041621267795563,
        1.0986298881471157,
        1.1015110462903976,
        1.1005422845482826,
        1.0986154042184353,
        1.0991327948868275,
        1.1017995849251747,
        1.1020823754370213,
        1.0987372286617756,
        1.0992522686719894,
        1.102916568517685,
        1.0990905947983265,
        1.0983267650008202,
        1.100681234151125,
        1.1074070483446121,
        1.101268794387579,
        1.1009907983243465,
        1.0996104329824448,
        1.1012291386723518,
        1.1002044454216957,
        1.1038415879011154,
        1.1044842526316643,
        1.0987736769020557,
        1.112465474754572,
        1.1002217270433903,
        1.0992903597652912,
        1.1046084202826023,
        1.103863462805748,
        1.0991895832121372,
        1.0985540971159935,
        1.0987109132111073,
        1.099057875573635,
        1.0983659327030182,
        1.1037931516766548,
        1.0998872891068459,
        1.104742869734764,
        1.1104379557073116,
        1.1016707979142666,
        1.0993437394499779,
        1.0985217839479446
    ],
    "test_accuracy": 0.343,
    "test_class_accuracy": [
        1.0,
        0.0,
        0.0
    ],
    "configs": {
        "embedding_dir": "/users/jakhan/scratch/embeddings/",
        "save_dir": "/users/jakhan/scratch/experiments",
        "model": "CLIP",
        "layer": "0",
        "probe": "linear",
        "dataset_name": "RAVEN",
        "data_config": "in_center_single_out_center_single",
        "task": "Type_1",
        "seed": "42",
        "lr": "0.001",
        "batch_size": "64",
        "epochs": "45"
    },
    "classes": {
        "0": "Constant",
        "1": "Progression",
        "2": "Distribute_Three"
    }
}