{
    "train_loss": [
        1.2819465005651434,
        1.0661301917218147,
        1.0542320786638464,
        1.06135242226276,
        1.0102350921072858,
        1.0245990854628542,
        0.989196129301761,
        0.9670832410771796,
        0.9348537351222749,
        0.9616796285548108,
        0.9389046804702028,
        0.9275458772131737,
        0.9175344775331781,
        0.9524180121878361,
        0.9583586016868023,
        0.9001910255310384,
        0.8996276094558391,
        0.9117120459992835,
        0.9111240379353787,
        0.9001520041455614,
        0.9106409739940724,
        0.8648072905997013,
        0.9238337918798974,
        0.8847938237038064,
        0.8909887436856615,
        0.8788455680329749,
        0.8945019644625644,
        0.8920857861955115,
        0.866285022902996,
        0.860684482975209,
        0.870410570438872,
        0.9205041603839144,
        0.8681963802652156,
        0.8559661862698007,
        0.8461133349449077,
        0.8600962834155306,
        0.8423987348028954,
        0.8499887940731454,
        0.8974565533881492,
        0.8387916500264025,
        0.8836131539750607,
        0.8281365556919829,
        0.8459665103161589,
        0.8314176892980616,
        0.8360701495028556
    ],
    "test_loss": [
        1.0699919909238815,
        1.126346020027995,
        1.0711453258991241,
        1.0834429822862148,
        1.2657514289021492,
        1.0048843082040548,
        0.9505064003169537,
        1.0392035692930222,
        0.9582588002085686,
        1.012857647612691,
        0.9659868124872446,
        0.9059379864484072,
        0.9062152411788702,
        0.9668917115777731,
        0.9138603173196316,
        0.9010883253067732,
        0.8796386886388063,
        0.8815827202051878,
        0.8908133413642645,
        1.0054556149989367,
        0.8666943181306124,
        0.9558039475232363,
        1.119956722483039,
        0.9037418272346258,
        0.8757207654416561,
        0.8577158357948065,
        0.8844185005873442,
        0.8524858597666025,
        0.8733718767762184,
        0.9439201131463051,
        0.844181464985013,
        0.9041652418673038,
        0.8514242675155401,
        0.8651240486651659,
        0.8343008067458868,
        0.853408332914114,
        0.8545845169574022,
        0.9090531226247549,
        0.9160800091922283,
        0.8671664670109749,
        0.842661103233695,
        0.8885203320533037,
        0.8295020554214716,
        0.814220791682601,
        0.8258961606770754
    ],
    "test_accuracy": 0.611,
    "test_class_accuracy": [
        0.7448979591836735,
        0.7792998477929984,
        0.3028919330289193
    ],
    "configs": {
        "embedding_dir": "/users/jakhan/scratch/embeddings/",
        "save_dir": "/users/jakhan/scratch/experiments",
        "model": "DINOv3",
        "layer": "10",
        "probe": "MLP",
        "dataset_name": "RAVEN",
        "data_config": "in_center_single_out_center_single",
        "task": "Type_1",
        "seed": "42",
        "lr": "0.001",
        "batch_size": "64",
        "epochs": "45"
    },
    "classes": {
        "0": "Constant",
        "1": "Progression",
        "2": "Distribute_Three"
    }
}