{
    "train_loss": [
        1.0583210181682667,
        1.0547794325554625,
        1.0554332175153367,
        1.0545817664329042,
        1.0546018367118024,
        1.0546559615338102,
        1.0565947497144659,
        1.055728945326298,
        1.0546843720243333,
        1.0542782741658232,
        1.0567380056736317,
        1.0541936387407018,
        1.0559317843711122,
        1.0575636098993586,
        1.0562663224149258,
        1.0572399439963889,
        1.0561827605075025,
        1.0544376404995615,
        1.0548611670098407,
        1.0562758693035612,
        1.0562245167316275,
        1.0553313487387719,
        1.054014117159742,
        1.056010366754329,
        1.0573471112454191,
        1.0547189725206254,
        1.0557729012154518,
        1.0544395288254351,
        1.0558492940791109,
        1.0546589145000944,
        1.055794911815765,
        1.0548947567635394,
        1.0552773012759837,
        1.0556087005645671,
        1.053713378754068,
        1.0558159693758538,
        1.0562339304609503,
        1.0547401347058885,
        1.055172085127932,
        1.05408306451554,
        1.0553544017862766,
        1.055918016332261,
        1.0552522356205798,
        1.0542850278793496,
        1.0548175503598882
    ],
    "test_loss": [
        1.0635223425924778,
        1.0660258792340755,
        1.0645854994654655,
        1.062621645629406,
        1.0644351672381163,
        1.0629335790872574,
        1.0650316402316093,
        1.0629379227757454,
        1.0633177775889635,
        1.0756019707769156,
        1.0626756697893143,
        1.0655476432293653,
        1.064477888867259,
        1.0628853999078274,
        1.0669075958430767,
        1.0706994496285915,
        1.0623932145535946,
        1.063839040696621,
        1.0622556433081627,
        1.062687162309885,
        1.0621575023978949,
        1.0661616809666157,
        1.0643830355256796,
        1.0629936959594488,
        1.0632516369223595,
        1.0724994409829378,
        1.0618240162730217,
        1.0760981794446707,
        1.0647289864718914,
        1.0621357858181,
        1.0629849676042795,
        1.0620696693658829,
        1.062188696116209,
        1.063983904197812,
        1.0661685056984425,
        1.0649226158857346,
        1.0651452541351318,
        1.0669822040945292,
        1.0633764881640673,
        1.069270795211196,
        1.0685815457254648,
        1.0709192715585232,
        1.06826676055789,
        1.0627027619630098,
        1.064236143603921
    ],
    "test_accuracy": 0.392,
    "test_class_accuracy": [
        0.0,
        0.0,
        1.0
    ],
    "configs": {
        "embedding_dir": "/users/jakhan/scratch/embeddings/",
        "save_dir": "/users/jakhan/scratch/experiments",
        "model": "CLIP",
        "layer": "0",
        "probe": "linear",
        "dataset_name": "RAVEN",
        "data_config": "in_center_single_out_center_single",
        "task": "Size_0",
        "seed": "42",
        "lr": "0.001",
        "batch_size": "64",
        "epochs": "45"
    },
    "classes": {
        "0": "Constant",
        "1": "Progression",
        "2": "Distribute_Three"
    }
}