{
    "train_loss": [
        1.3202782615702202,
        0.9708540604469624,
        0.8785439235098819,
        0.8174843724737776,
        0.7841609418392181,
        0.7303345184376899,
        0.7019411965887598,
        0.6975336987921532,
        0.6455991230112441,
        0.6278281313307742,
        0.6051023196666798,
        0.5807797141531681,
        0.5907998760329917,
        0.5596198775666825,
        0.5540912969315306,
        0.5271520072475393,
        0.5338823960182515,
        0.5174070504751611,
        0.5042303486707362,
        0.4968591440231242,
        0.5053611895505418,
        0.4838570771699256,
        0.4750227354308392,
        0.4733214755641653,
        0.4709859607701606,
        0.4532485708911368,
        0.45344247653129255,
        0.4481899192992677,
        0.4494235724844831,
        0.44139065894674745,
        0.4423381140891542,
        0.4389826940729263,
        0.42354980237940526,
        0.4247551249696853,
        0.42912761645114167,
        0.4166001499967372,
        0.41497735615740433,
        0.41537944116490955,
        0.40253817464442965,
        0.40530589539954004,
        0.3997165305500335,
        0.40170047559002614,
        0.3995423358171544,
        0.40819846696042,
        0.4025045279809769
    ],
    "test_loss": [
        1.0171718839555979,
        0.9466501455754042,
        0.8408937901258469,
        0.8098102286458015,
        0.7495165728032589,
        0.7230835445225239,
        0.7642446998506784,
        0.6692931968718767,
        0.6267605870962143,
        0.6545193381607533,
        0.588793070986867,
        0.5947389109060168,
        0.5656148279085755,
        0.5661759935319424,
        0.5357523215934634,
        0.5289068687707186,
        0.5166094824671745,
        0.5249054040759802,
        0.501922850497067,
        0.5452372841536999,
        0.4992637922987342,
        0.4905370734632015,
        0.5335897104814649,
        0.4792198333889246,
        0.47685352712869644,
        0.4672931944951415,
        0.48545689322054386,
        0.4624845152720809,
        0.4622477609664202,
        0.48981180414557457,
        0.4443392613902688,
        0.4401111276820302,
        0.4347678245976567,
        0.4373274929821491,
        0.42101697996258736,
        0.4454915029928088,
        0.41477022133767605,
        0.42255363147705793,
        0.41810688748955727,
        0.41169198509305716,
        0.417676349170506,
        0.41989067010581493,
        0.400186306796968,
        0.4016894791275263,
        0.4123581228777766
    ],
    "test_accuracy": 0.833,
    "test_class_accuracy": [
        0.9181547619047619,
        0.700152207001522,
        0.8777943368107303
    ],
    "configs": {
        "embedding_dir": "/users/jakhan/scratch/embeddings/",
        "save_dir": "/users/jakhan/scratch/experiments",
        "model": "DINOv3",
        "layer": "10",
        "probe": "linear",
        "dataset_name": "RAVEN",
        "data_config": "center_single",
        "task": "Type",
        "seed": "42",
        "lr": "0.001",
        "batch_size": "64",
        "epochs": "45"
    },
    "classes": {
        "0": "Constant",
        "1": "Progression",
        "2": "Distribute_Three"
    }
}