{
    "train_loss": [
        1.672278753620513,
        1.2228255994776462,
        1.1650672225241965,
        1.099275089324789,
        1.1133670337656711,
        1.1365154734317293,
        1.1408196491129854,
        1.0628626803134351,
        1.0740487778440435,
        1.1030285428179072,
        1.0290325074753863,
        1.0069631693211007,
        1.0263937565874546,
        1.0677849815246907,
        1.0050104989650401,
        1.0887024611868756,
        1.0016466689870713,
        1.0624925227875406,
        1.084394728249692,
        0.9825263587718315,
        1.0126051718884326,
        0.9756147500048292,
        0.9985134861570724,
        0.951717234672384,
        0.9721349287540355,
        1.0089043454920992,
        1.0033756830590836,
        1.0122100387481934,
        0.9619941495834513,
        0.9999546402312339,
        1.0119236910596807,
        0.990053228241332,
        0.9987009833467767,
        0.9547960415799567,
        1.0132386082030358,
        0.9814505177609464,
        0.9688205985312767,
        0.9478691651466045,
        0.9383394597692692,
        0.9732173015462592,
        0.950310450285039,
        1.0062503985902096,
        0.9658175085453277,
        0.9222936116634531,
        0.9380541418461089
    ],
    "test_loss": [
        1.4223471693694592,
        1.1381055694073439,
        1.0953960847109556,
        1.0665982458740473,
        1.1778361275792122,
        1.5191737040877342,
        1.1852597296237946,
        1.0974054727703333,
        1.057414075359702,
        1.024711824953556,
        1.0930964276194572,
        1.1218651067465544,
        1.0808300264179707,
        1.0201125983148813,
        1.247513622045517,
        1.0304851550608873,
        1.0302354376763105,
        1.0914427805691957,
        1.1110260616987944,
        0.9580995962023735,
        1.1150656752288342,
        1.0182785838842392,
        0.9804173819720745,
        0.9919968135654926,
        0.994552930817008,
        1.0535998102277517,
        0.9747741408646107,
        1.1636381261050701,
        1.0414516348391771,
        1.0294480714946985,
        1.2398959565907717,
        0.9703935272991657,
        0.9721796773374081,
        1.1475796326994896,
        0.9788103308528662,
        0.9741358924657106,
        1.067887218669057,
        0.9970644135028124,
        1.00721575319767,
        1.197807727381587,
        0.9554031286388636,
        1.1002853121608496,
        0.9908069334924221,
        0.9514600858092308,
        1.0063189007341862
    ],
    "test_accuracy": 0.5345,
    "test_class_accuracy": [
        0.5327455919395466,
        0.06635071090047394,
        0.7882653061224489
    ],
    "configs": {
        "embedding_dir": "/users/jakhan/scratch/embeddings/",
        "save_dir": "/users/jakhan/scratch/experiments",
        "model": "DINOv3",
        "layer": "12",
        "probe": "linear",
        "dataset_name": "RAVEN",
        "data_config": "in_center_single_out_center_single",
        "task": "Size_0",
        "seed": "42",
        "lr": "0.001",
        "batch_size": "64",
        "epochs": "45"
    },
    "classes": {
        "0": "Constant",
        "1": "Progression",
        "2": "Distribute_Three"
    }
}