{
    "train_loss": [
        1.528550350919683,
        1.3482469218842528,
        1.3332315340955208,
        1.3358025373296534,
        1.31864296375437,
        1.2763533046905031,
        1.2741724683883342,
        1.2572555275673563,
        1.258592595445349,
        1.2369646924607298,
        1.2371636958832437,
        1.2264136608610763,
        1.236892284230983,
        1.2102758301065324,
        1.1973407116342099,
        1.2030903253149479,
        1.2059389986890428,
        1.2000824783710724,
        1.1890994297697188,
        1.2048568180266848,
        1.1799743885689593,
        1.2060595142080428,
        1.214678390229002,
        1.1664982361996428,
        1.1711379803241568,
        1.1637038131977648,
        1.1562958924060172,
        1.168948770837581,
        1.1548413057276543,
        1.1536193268096193,
        1.1481335733799225,
        1.1326682700755748,
        1.157514529025301,
        1.1266664792882635,
        1.1233197495024254,
        1.1446787397912208,
        1.1261681660692742,
        1.1247180548120053,
        1.1196202153855181,
        1.127215100729719,
        1.1184239495307842,
        1.1062690672722268,
        1.1158456421912986,
        1.114724265134081,
        1.1649753559142986
    ],
    "test_loss": [
        1.3439117893576622,
        1.3226698637008667,
        1.2982795983552933,
        1.401149831712246,
        1.315190527588129,
        1.2956035770475864,
        1.2472544349730015,
        1.2419383451342583,
        1.2432218864560127,
        1.2324327267706394,
        1.2295692637562752,
        1.258857686072588,
        1.2466775067150593,
        1.2966964431107044,
        1.2001995407044888,
        1.2122390642762184,
        1.3255135007202625,
        1.2034837752580643,
        1.1972832083702087,
        1.200009509921074,
        1.2147417441010475,
        1.2757417596876621,
        1.1963363252580166,
        1.2145885676145554,
        1.2165034003555775,
        1.2568172216415405,
        1.1788082420825958,
        1.1805902495980263,
        1.2315968535840511,
        1.1805764473974705,
        1.167168751358986,
        1.1737893149256706,
        1.1972690150141716,
        1.2080640345811844,
        1.157113827764988,
        1.1730919294059277,
        1.164087824523449,
        1.1899803392589092,
        1.1705155558884144,
        1.1645726226270199,
        1.2131178677082062,
        1.1385727152228355,
        1.1597637683153152,
        1.4718207903206348,
        1.1624752767384052
    ],
    "test_accuracy": 0.492,
    "test_class_accuracy": [
        0.374749498997996,
        0.6761904761904762,
        0.62217659137577,
        0.2842535787321063
    ],
    "configs": {
        "embedding_dir": "/users/jakhan/scratch/embeddings/",
        "save_dir": "/users/jakhan/scratch/experiments",
        "model": "DINOv3",
        "layer": "10",
        "probe": "MLP",
        "dataset_name": "RAVEN",
        "data_config": "in_center_single_out_center_single",
        "task": "Color_1",
        "seed": "42",
        "lr": "0.001",
        "batch_size": "64",
        "epochs": "45"
    },
    "classes": {
        "0": "Constant",
        "1": "Progression",
        "2": "Arithmetic",
        "3": "Distribute_Three"
    }
}