{
    "train_loss": [
        1.38838392496109,
        1.3869374115416344,
        1.386544610591645,
        1.3865973492886157,
        1.38673335313797,
        1.386625164366783,
        1.3864771089655288,
        1.3864320503904464,
        1.3864335430429338,
        1.3864523096287504,
        1.3864052904413102,
        1.3863623281742663,
        1.3863509576371376,
        1.3862851579138573,
        1.3863098710141284,
        1.3863188878018806,
        1.3863420854223536,
        1.3863330787800727,
        1.3863022936151383,
        1.386349116234069,
        1.3863372346188159,
        1.3862644712975685,
        1.3863055629933134,
        1.3863087004803596,
        1.38631786184108,
        1.3862547519359183,
        1.3862909218098254,
        1.386265050857625,
        1.3862632715955694,
        1.3862780979339113,
        1.3862974466161524,
        1.3862662239277617,
        1.386295421326414,
        1.3862923117394144,
        1.386313036401221,
        1.3862641428379303,
        1.3862391253735156,
        1.3862721450785374,
        1.3862890689931018,
        1.386290247135974,
        1.386329063709746,
        1.3862823590319207,
        1.3862642823381628,
        1.386300265789032,
        1.386274664960009
    ],
    "test_loss": [
        1.3864731416106224,
        1.3860561028122902,
        1.3859241642057896,
        1.3862180896103382,
        1.3864840753376484,
        1.3860859759151936,
        1.386537216603756,
        1.3862736150622368,
        1.3864617124199867,
        1.3861571252346039,
        1.3862740397453308,
        1.3864830359816551,
        1.3868310265243053,
        1.3866319097578526,
        1.3864986449480057,
        1.3866090141236782,
        1.3866461180150509,
        1.3865879625082016,
        1.3865471556782722,
        1.386728197336197,
        1.386681154370308,
        1.3866215609014034,
        1.386603455990553,
        1.386578544974327,
        1.3866643942892551,
        1.3866260834038258,
        1.386673603206873,
        1.3866209499537945,
        1.3866710774600506,
        1.3866580054163933,
        1.386708527803421,
        1.3866472877562046,
        1.3867185898125172,
        1.3867542259395123,
        1.386713296175003,
        1.3866872899234295,
        1.386693224310875,
        1.3868216164410114,
        1.3868957348167896,
        1.3868068605661392,
        1.386648677289486,
        1.386753287166357,
        1.386784128844738,
        1.386793114244938,
        1.3867010474205017
    ],
    "test_accuracy": 0.253,
    "test_class_accuracy": [
        1.0,
        0.0,
        0.0,
        0.0
    ],
    "configs": {
        "embedding_dir": "/users/jakhan/scratch/embeddings/",
        "save_dir": "/users/jakhan/scratch/experiments",
        "model": "DINOv3",
        "layer": "0",
        "probe": "MLP",
        "dataset_name": "RAVEN",
        "data_config": "center_single",
        "task": "Size",
        "seed": "42",
        "lr": "0.001",
        "batch_size": "64",
        "epochs": "45"
    },
    "classes": {
        "0": "Constant",
        "1": "Progression",
        "2": "Arithmetic",
        "3": "Distribute_Three"
    }
}