{
    "train_loss": [
        1.1013876694314024,
        1.099589872867503,
        1.0987519571121702,
        1.0983152414890045,
        1.0987684105304962,
        1.098667601321606,
        1.0983312561156902,
        1.0982634171526482,
        1.097955472925876,
        1.0977420007928889,
        1.0969608273911984,
        1.0967033048893542,
        1.0960696415698274,
        1.0950275164969423,
        1.0942611529472026,
        1.092773731718672,
        1.0908803635455193,
        1.0896509847742446,
        1.086039587538293,
        1.0847524848390133,
        1.0806064516940015,
        1.0795447851749176,
        1.0763593379487382,
        1.0710497181466285,
        1.071202631960524,
        1.065461927271904,
        1.061921256653806,
        1.0606217143383432,
        1.0562583093947553,
        1.0531950428130779,
        1.051785744251089,
        1.0513599280347214,
        1.043915481643474,
        1.0394449322781665,
        1.0390895890428664,
        1.0372898065029306,
        1.0386859660452985,
        1.0305070477597258,
        1.0272926929149222,
        1.0272380525761462,
        1.0242040005136044,
        1.024537279884866,
        1.0281621737683073,
        1.015943651503705,
        1.0158103317656415
    ],
    "test_loss": [
        1.0978497862815857,
        1.097881305962801,
        1.0979279093444347,
        1.0978597104549408,
        1.0983441397547722,
        1.0977078452706337,
        1.09764064848423,
        1.0979427099227905,
        1.0979264937341213,
        1.097502440214157,
        1.0976815819740295,
        1.097813330590725,
        1.0953284837305546,
        1.094735499471426,
        1.0942886620759964,
        1.0928240939974785,
        1.090605691075325,
        1.089407704770565,
        1.0868103057146072,
        1.0851534307003021,
        1.0851417146623135,
        1.0805993527173996,
        1.0787381269037724,
        1.0791271179914474,
        1.0747052729129791,
        1.0688938163220882,
        1.066847663372755,
        1.063615307211876,
        1.0614142715930939,
        1.0582027211785316,
        1.0654391683638096,
        1.053553007543087,
        1.0514176059514284,
        1.0502462163567543,
        1.0498604290187359,
        1.0460772905498743,
        1.0436324495822191,
        1.0426481440663338,
        1.0396522767841816,
        1.0419344771653414,
        1.0360343661159277,
        1.0549526009708643,
        1.0377431847155094,
        1.0307898446917534,
        1.0296695362776518
    ],
    "test_accuracy": 0.458,
    "test_class_accuracy": [
        0.0,
        0.6656580937972768,
        0.6790299572039943
    ],
    "configs": {
        "embedding_dir": "/users/jakhan/scratch/embeddings/",
        "save_dir": "/users/jakhan/scratch/experiments",
        "model": "CLIP",
        "layer": "2",
        "probe": "MLP",
        "dataset_name": "RAVEN",
        "data_config": "in_center_single_out_center_single",
        "task": "Type_0",
        "seed": "42",
        "lr": "0.001",
        "batch_size": "64",
        "epochs": "45"
    },
    "classes": {
        "0": "Constant",
        "1": "Progression",
        "2": "Distribute_Three"
    }
}