{
    "train_loss": [
        1.3770040768258116,
        1.3531866276517828,
        1.3369780157474762,
        1.320657785902632,
        1.304170773384419,
        1.2921441742714415,
        1.2796901033279744,
        1.2701519245797015,
        1.2619493667115556,
        1.2519619502919785,
        1.2439836910430422,
        1.2351133087848096,
        1.2277674966670098,
        1.220761796261402,
        1.215740737762857,
        1.209632621166554,
        1.2028087656548683,
        1.1974905729293823,
        1.1925489281086212,
        1.1872610982428207,
        1.1845464389374916,
        1.1779176706963397,
        1.1733442126436437,
        1.1689625433150759,
        1.1641453060698002,
        1.1601042627020086,
        1.1554600266700095,
        1.1516805392630556,
        1.148999148226799,
        1.1436526141268142,
        1.142665925178122,
        1.1372089943987258,
        1.1338241785130603,
        1.1305493674379714,
        1.1279825213107657,
        1.1235160751545683,
        1.121531698932039,
        1.1178768048895167,
        1.1137101586828841,
        1.1109522993260241,
        1.1086090968010274,
        1.1053560858077192,
        1.1036527676785246,
        1.1012946696991617,
        1.0970592581211251
    ],
    "test_loss": [
        1.3645280934870243,
        1.3452946580946445,
        1.324879053980112,
        1.3084943033754826,
        1.2974877208471298,
        1.2829457260668278,
        1.2751484774053097,
        1.263413667678833,
        1.253180406987667,
        1.2464798279106617,
        1.23829385638237,
        1.2294740080833435,
        1.2233621664345264,
        1.2226632572710514,
        1.2179424203932285,
        1.2050821520388126,
        1.199577260762453,
        1.1984627395868301,
        1.1932973936200142,
        1.189844198524952,
        1.179669987410307,
        1.1841841265559196,
        1.1754220761358738,
        1.1680623218417168,
        1.1630101017653942,
        1.158657442778349,
        1.1581665612757206,
        1.1519132107496262,
        1.1489759907126427,
        1.1470318734645844,
        1.1434930488467216,
        1.142017401754856,
        1.136982075870037,
        1.1287139393389225,
        1.1311700567603111,
        1.1312416344881058,
        1.122186966240406,
        1.119891781359911,
        1.118780218064785,
        1.1148876585066319,
        1.1114179454743862,
        1.1126121282577515,
        1.102821920067072,
        1.111872598528862,
        1.099044967442751
    ],
    "test_accuracy": 0.54,
    "test_class_accuracy": [
        0.4901185770750988,
        0.45977011494252873,
        0.7386831275720165,
        0.4794238683127572
    ],
    "configs": {
        "embedding_dir": "/users/jakhan/scratch/embeddings/",
        "save_dir": "/users/jakhan/scratch/experiments",
        "model": "CLIP",
        "layer": "8",
        "probe": "linear",
        "dataset_name": "RAVEN",
        "data_config": "center_single",
        "task": "Size",
        "seed": "42",
        "lr": "0.001",
        "batch_size": "64",
        "epochs": "45"
    },
    "classes": {
        "0": "Constant",
        "1": "Progression",
        "2": "Arithmetic",
        "3": "Distribute_Three"
    }
}