{
    "train_loss": [
        1.1004953612672521,
        1.099718046949265,
        1.0987347288334623,
        1.0984941302461828,
        1.098737435137972,
        1.098455899573387,
        1.098510447968828,
        1.0984493215033349,
        1.098422144321685,
        1.098463772459233,
        1.0984147229093186,
        1.0984677634340652,
        1.0984678179659741,
        1.0985347476411373,
        1.0984310875547694,
        1.0984106621843703,
        1.0983839681807985,
        1.0984353841619288,
        1.098442515160175,
        1.0983716224102265,
        1.0983612144247015,
        1.098407173410375,
        1.0983869446084855,
        1.0983919108167608,
        1.0983747408745137,
        1.0983640830567543,
        1.098415272032961,
        1.098399540211292,
        1.098426363569625,
        1.098364345570828,
        1.0983983088046947,
        1.0983851615418778,
        1.0984285511869065,
        1.0984112518898985,
        1.098394751548767,
        1.098408804294911,
        1.0983843359541385,
        1.0984011761685635,
        1.0983940083929833,
        1.0984152834466163,
        1.0983888684435095,
        1.0984421930414565,
        1.0983641172977203,
        1.098417174308858,
        1.0983928911229397
    ],
    "test_loss": [
        1.100544959306717,
        1.0986748412251472,
        1.0983616560697556,
        1.0989214219152927,
        1.098726648837328,
        1.0987414382398129,
        1.0985905602574348,
        1.098412211984396,
        1.098503153771162,
        1.0985362492501736,
        1.098526507616043,
        1.0984696559607983,
        1.0984000079333782,
        1.0985666550695896,
        1.098591923713684,
        1.098499495536089,
        1.0984805673360825,
        1.0984953418374062,
        1.0984666049480438,
        1.0984666757285595,
        1.0984690189361572,
        1.098445862531662,
        1.0984747968614101,
        1.098449531942606,
        1.0984398238360882,
        1.098450269550085,
        1.0984289720654488,
        1.0984961539506912,
        1.098448894917965,
        1.0984594747424126,
        1.0984658002853394,
        1.0984230749309063,
        1.0984574928879738,
        1.0983980484306812,
        1.0984365195035934,
        1.0984372347593307,
        1.0984266214072704,
        1.0984578169882298,
        1.0984256528317928,
        1.0984130501747131,
        1.0984865948557854,
        1.0984719134867191,
        1.098444625735283,
        1.0984619855880737,
        1.0984628647565842
    ],
    "test_accuracy": 0.343,
    "test_class_accuracy": [
        1.0,
        0.0,
        0.0
    ],
    "configs": {
        "embedding_dir": "/users/jakhan/scratch/embeddings/",
        "save_dir": "/users/jakhan/scratch/experiments",
        "model": "CLIP",
        "layer": "0",
        "probe": "MLP",
        "dataset_name": "RAVEN",
        "data_config": "in_center_single_out_center_single",
        "task": "Type_1",
        "seed": "42",
        "lr": "0.001",
        "batch_size": "64",
        "epochs": "45"
    },
    "classes": {
        "0": "Constant",
        "1": "Progression",
        "2": "Distribute_Three"
    }
}