{
    "train_loss": [
        1.3889713655126856,
        1.208245722537345,
        1.1333533798126465,
        1.089254322204184,
        1.0703164408815669,
        1.018018109367249,
        1.020800566419642,
        0.9826796454318026,
        0.9864319848253372,
        0.954376663933409,
        0.9152124397298123,
        0.9007497284006565,
        0.9192404620190884,
        0.8862550493250502,
        0.8875682702723969,
        0.8708362649095819,
        0.8620503170693175,
        0.8617705512554088,
        0.8411312147657922,
        0.8560278276179699,
        0.8148648751542923,
        0.8104723856804219,
        0.8467031552436504,
        0.8166591835782883,
        0.8182496479217042,
        0.7944690274431351,
        0.8046615992454772,
        0.795416293626136,
        0.8244452679410894,
        0.789096714334285,
        0.7724583098228942,
        0.7670059559193063,
        0.7502238528525575,
        0.7810127804888055,
        0.7496843192171543,
        0.7468074572847244,
        0.7498570325526785,
        0.7278173324909616,
        0.76097793623488,
        0.7497492261389469,
        0.7416587231007028,
        0.7497976536446429,
        0.7409487347653572,
        0.7242824688870856,
        0.7300821349341818
    ],
    "test_loss": [
        1.268136765807867,
        1.1664958745241165,
        1.1327023394405842,
        1.1042851619422436,
        1.0206020772457123,
        1.0867568626999855,
        1.0069728828966618,
        1.0013958290219307,
        1.0435484014451504,
        0.9522699844092131,
        0.8936235010623932,
        0.8862977288663387,
        0.9931498114019632,
        0.8691133596003056,
        0.8443327732384205,
        0.863460211083293,
        0.8499672636389732,
        1.0080481134355068,
        0.8497010320425034,
        0.8377769477665424,
        0.8352751079946756,
        0.7898294050246477,
        0.9228124301880598,
        0.8288180269300938,
        0.8200578205287457,
        0.8115089610219002,
        0.8132024016231298,
        1.1304564997553825,
        0.8743789251893759,
        0.8590280935168266,
        0.7398834228515625,
        0.7467176504433155,
        0.7753907926380634,
        0.8078597020357847,
        0.9125017654150724,
        0.7312061637639999,
        0.7710184883326292,
        0.7791115511208773,
        0.9400250278413296,
        0.7949595488607883,
        0.8410313259810209,
        0.7368369940668344,
        0.9207669254392385,
        0.7152393348515034,
        0.8209309261292219
    ],
    "test_accuracy": 0.6715,
    "test_class_accuracy": [
        0.9836363636363636,
        0.6323529411764706,
        0.4927835051546392,
        0.5357873210633947
    ],
    "configs": {
        "embedding_dir": "/users/jakhan/scratch/embeddings/",
        "save_dir": "/users/jakhan/scratch/experiments",
        "model": "DINOv3",
        "layer": "8",
        "probe": "MLP",
        "dataset_name": "RAVEN",
        "data_config": "center_single",
        "task": "Color",
        "seed": "42",
        "lr": "0.001",
        "batch_size": "64",
        "epochs": "45"
    },
    "classes": {
        "0": "Constant",
        "1": "Progression",
        "2": "Arithmetic",
        "3": "Distribute_Three"
    }
}