{
    "train_loss": [
        1.1049505193182763,
        1.1035442263522046,
        1.099045657097025,
        1.098909876448043,
        1.0969022322208324,
        1.097715289034742,
        1.0959561454488875,
        1.0956318885722058,
        1.096591500525779,
        1.0949661668310775,
        1.0936321108899218,
        1.0981994753188276,
        1.0921181732035699,
        1.0905050394382882,
        1.090075672941005,
        1.0887729677748172,
        1.0848546484683423,
        1.0813444041191262,
        1.0801371475483508,
        1.0764154880604846,
        1.0732967498454642,
        1.0716198150147782,
        1.0724023301550683,
        1.068390819620579,
        1.0694292162327057,
        1.0662752389907837,
        1.0611923730119746,
        1.0660065590067114,
        1.0613440211783065,
        1.0602356816859955,
        1.0595981935237317,
        1.0597613136819068,
        1.051746534540298,
        1.0487952302110957,
        1.0482387390542538,
        1.049150508769015,
        1.0484840470425627,
        1.0455847680568695,
        1.0498101153272263,
        1.0490409040704687,
        1.0422144918999774,
        1.0422697840852941,
        1.0443000108637708,
        1.0402162068701806,
        1.0359181108626914
    ],
    "test_loss": [
        1.099340382963419,
        1.0977053828537464,
        1.097431305795908,
        1.095374457538128,
        1.1015609093010426,
        1.094772569835186,
        1.0955183021724224,
        1.0959586054086685,
        1.093407217413187,
        1.0930146761238575,
        1.1000500097870827,
        1.093060128390789,
        1.091675940901041,
        1.093722190707922,
        1.08838552236557,
        1.0845972560346127,
        1.0819384679198265,
        1.0805662348866463,
        1.079599380493164,
        1.07408307492733,
        1.0721259489655495,
        1.0758372470736504,
        1.0839887894690037,
        1.0746949091553688,
        1.064142070710659,
        1.0635783709585667,
        1.0637953914701939,
        1.0780339948832989,
        1.0593268685042858,
        1.0579637698829174,
        1.060032393783331,
        1.0557186640799046,
        1.0621435288339853,
        1.0566070936620235,
        1.065343465656042,
        1.0504346545785666,
        1.0620256289839745,
        1.0644821356981993,
        1.0535887088626623,
        1.089684471487999,
        1.0802445132285357,
        1.0458265021443367,
        1.0545120276510715,
        1.0445280093699694,
        1.04456802085042
    ],
    "test_accuracy": 0.434,
    "test_class_accuracy": [
        0.0,
        0.5612708018154312,
        0.7089871611982882
    ],
    "configs": {
        "embedding_dir": "/users/jakhan/scratch/embeddings/",
        "save_dir": "/users/jakhan/scratch/experiments",
        "model": "DINOv3",
        "layer": "2",
        "probe": "MLP",
        "dataset_name": "RAVEN",
        "data_config": "in_center_single_out_center_single",
        "task": "Type_0",
        "seed": "42",
        "lr": "0.001",
        "batch_size": "64",
        "epochs": "45"
    },
    "classes": {
        "0": "Constant",
        "1": "Progression",
        "2": "Distribute_Three"
    }
}