{
    "train_loss": [
        1.3666198393131823,
        1.3219222122050347,
        1.2841848540813365,
        1.2545859864417543,
        1.2261446917310674,
        1.2023184489696583,
        1.1814810024931075,
        1.15988223857068,
        1.1431081586695733,
        1.1268910283737994,
        1.1113912234915064,
        1.0990576205101419,
        1.0839437588732292,
        1.0710459472017084,
        1.0599560147904334,
        1.048354573706363,
        1.041292628709306,
        1.029026817768178,
        1.0187410579082814,
        1.0105372109311692,
        1.0024733346827486,
        0.9946146899081291,
        0.9864982702630631,
        0.9811621168826489,
        0.9717549307549254,
        0.9639029128754393,
        0.9592991547381624,
        0.9521204753124968,
        0.9453164839998205,
        0.9395698099694354,
        0.9332838667199966,
        0.9275226852995284,
        0.9225964210134872,
        0.9164090556033114,
        0.9106189037891145,
        0.9067495351142072,
        0.9029835868389049,
        0.896065096271799,
        0.8925301996951408,
        0.8866922208603393,
        0.8846341542741085,
        0.8787574045201565,
        0.8743725222475985,
        0.8710551705766232,
        0.8659853795741467
    ],
    "test_loss": [
        1.338872354477644,
        1.3024790436029434,
        1.2728339321911335,
        1.2392811886966228,
        1.2168241031467915,
        1.1915304437279701,
        1.175662636756897,
        1.153938826173544,
        1.139300312846899,
        1.1222444735467434,
        1.1169426515698433,
        1.0945667792111635,
        1.0876772738993168,
        1.073318725451827,
        1.0591535847634077,
        1.0516955759376287,
        1.0423347260802984,
        1.0317205227911472,
        1.0218032822012901,
        1.0141854397952557,
        1.0036329235881567,
        1.000240819528699,
        0.9918959122151136,
        0.984256848692894,
        0.9759919047355652,
        0.9718053303658962,
        0.9622978996485472,
        0.9583731610327959,
        0.9512790460139513,
        0.9433577582240105,
        0.9381671231240034,
        0.9372779428958893,
        0.9296276234090328,
        0.9227428138256073,
        0.9233800712972879,
        0.9139195755124092,
        0.9100656900554895,
        0.9049964845180511,
        0.9014724232256413,
        0.8978988621383905,
        0.894587405025959,
        0.8865839261561632,
        0.8880365695804358,
        0.8843414541333914,
        0.8821209855377674
    ],
    "test_accuracy": 0.665,
    "test_class_accuracy": [
        0.7363636363636363,
        0.7205882352941176,
        0.6515463917525773,
        0.5439672801635992
    ],
    "configs": {
        "embedding_dir": "/users/jakhan/scratch/embeddings/",
        "save_dir": "/users/jakhan/scratch/experiments",
        "model": "CLIP",
        "layer": "8",
        "probe": "linear",
        "dataset_name": "RAVEN",
        "data_config": "center_single",
        "task": "Color",
        "seed": "42",
        "lr": "0.001",
        "batch_size": "64",
        "epochs": "45"
    },
    "classes": {
        "0": "Constant",
        "1": "Progression",
        "2": "Arithmetic",
        "3": "Distribute_Three"
    }
}