{
    "train_loss": [
        1.4133082032203674,
        1.084884875632347,
        1.074630930702737,
        1.0492537573296974,
        1.0281831254350378,
        1.0320111582887934,
        1.008639265248116,
        1.0131379156670672,
        0.9820661582845323,
        0.9723979545400497,
        0.9552949812818081,
        0.9588084392091061,
        0.9439774098548483,
        0.9427910852939525,
        0.953802301528606,
        0.968091257075046,
        0.9418832317311713,
        0.9166610843323647,
        0.9249549533458467,
        0.9133250015847226,
        0.9073195628663326,
        0.9076001377815895,
        0.9070930417547834,
        0.8973099304006454,
        0.8862013100309575,
        0.8944261454521342,
        0.8785832283344674,
        0.877839946366371,
        0.8821076046913228,
        0.8780105240801548,
        0.8837240858280913,
        0.8682789656710117,
        0.8801529268000988,
        0.8686489843307658,
        0.8588250120903583,
        0.8546564667782885,
        0.8897154134638766,
        0.8817146838979518,
        0.8539005479914077,
        0.858341801039716,
        0.8608690899737338,
        0.8503832341508663,
        0.8509623623908834,
        0.8441045975431483,
        0.8375035961891742
    ],
    "test_loss": [
        1.1144031174480915,
        1.0811646953225136,
        1.0384308733046055,
        1.024214981123805,
        1.015391830354929,
        1.0431409813463688,
        1.031868590041995,
        0.9767964277416468,
        1.024836702272296,
        1.0063610319048166,
        0.9707958847284317,
        0.9641732554882765,
        0.9361718855798244,
        0.9323110692203045,
        0.9942876938730478,
        0.9885906744748354,
        0.9498341958969831,
        0.9214024301618338,
        0.9031565692275763,
        0.9276319798082113,
        0.8989545162767172,
        0.9816336613148451,
        0.8868239540606737,
        0.8913376778364182,
        0.9568933453410864,
        0.9298323914408684,
        0.8923060204833746,
        0.8989196382462978,
        0.8771513570100069,
        0.8709822483360767,
        0.8741086535155773,
        0.8926084209233522,
        0.8687433395534754,
        1.0311648212373257,
        0.8568453174084425,
        0.8627013973891735,
        0.9989051669836044,
        0.8622108474373817,
        0.866055253893137,
        0.891498202458024,
        0.8612721804529428,
        0.8682024236768484,
        0.885847631841898,
        0.8436781670898199,
        0.8556977212429047
    ],
    "test_accuracy": 0.614,
    "test_class_accuracy": [
        0.532069970845481,
        0.5266362252663622,
        0.786910197869102
    ],
    "configs": {
        "embedding_dir": "/users/jakhan/scratch/embeddings/",
        "save_dir": "/users/jakhan/scratch/experiments",
        "model": "DINOv3",
        "layer": "10",
        "probe": "linear",
        "dataset_name": "RAVEN",
        "data_config": "in_center_single_out_center_single",
        "task": "Type_1",
        "seed": "42",
        "lr": "0.001",
        "batch_size": "64",
        "epochs": "45"
    },
    "classes": {
        "0": "Constant",
        "1": "Progression",
        "2": "Distribute_Three"
    }
}