{
    "train_loss": [
        1.3708103159640699,
        1.3009951621928113,
        1.2335073199677975,
        1.1878209139438385,
        1.1450890556294868,
        1.1064658881501948,
        1.0833286205504804,
        1.0437917855191738,
        1.025866188267444,
        0.9974310062033065,
        0.9741354223261488,
        0.9620515564654736,
        0.9333315840426911,
        0.9230059696004745,
        0.9017777208318102,
        0.8935944850140429,
        0.8811542620050147,
        0.8654750674328906,
        0.8646844688882219,
        0.854813777385874,
        0.8366610173215258,
        0.8225206187430848,
        0.822119745802372,
        0.8063340237800111,
        0.805869275585134,
        0.8012329263890043,
        0.7877864514259582,
        0.7798682451248169,
        0.7821865538333325,
        0.7709320675819478,
        0.7581143055824523,
        0.7563244827250217,
        0.7481888615070506,
        0.7459046403144268,
        0.7346564734235723,
        0.7273980306184038,
        0.7280372178300898,
        0.7425465881824493,
        0.7220726894571426,
        0.7290360401285455,
        0.7085813391715923,
        0.7115569304912648,
        0.7121334291519003,
        0.6935315896221932,
        0.711875930111459
    ],
    "test_loss": [
        1.342643890529871,
        1.2633087299764156,
        1.2027879543602467,
        1.1793052852153778,
        1.1168032549321651,
        1.0940064210444689,
        1.056779595091939,
        1.0253605544567108,
        1.003106500953436,
        0.9845814760774374,
        0.9888199046254158,
        0.9688723515719175,
        0.9310411009937525,
        0.9374006316065788,
        0.9102970790117979,
        0.907765332609415,
        0.8761085905134678,
        0.8712456356734037,
        0.9469454474747181,
        0.8480273485183716,
        0.8635544553399086,
        0.8335108701139688,
        0.8442246038466692,
        0.8158817421644926,
        0.8438741955906153,
        0.8215396758168936,
        0.8131404612213373,
        0.8206494115293026,
        0.7967167794704437,
        0.7846080623567104,
        0.7943365965038538,
        0.7995067704468966,
        0.7715321332216263,
        0.8129297439008951,
        0.7728670686483383,
        0.7951191533356905,
        0.7699638232588768,
        0.7586035504937172,
        0.7624159920960665,
        0.816366920247674,
        0.8105863258242607,
        0.7738006450235844,
        0.7828333750367165,
        0.7693826109170914,
        0.7712875306606293
    ],
    "test_accuracy": 0.6865,
    "test_class_accuracy": [
        0.6600790513833992,
        0.814176245210728,
        0.8518518518518519,
        0.411522633744856
    ],
    "configs": {
        "embedding_dir": "/users/jakhan/scratch/embeddings/",
        "save_dir": "/users/jakhan/scratch/experiments",
        "model": "CLIP",
        "layer": "8",
        "probe": "MLP",
        "dataset_name": "RAVEN",
        "data_config": "center_single",
        "task": "Size",
        "seed": "42",
        "lr": "0.001",
        "batch_size": "64",
        "epochs": "45"
    },
    "classes": {
        "0": "Constant",
        "1": "Progression",
        "2": "Arithmetic",
        "3": "Distribute_Three"
    }
}