{
    "train_loss": [
        1.1000747224117846,
        1.09986201879826,
        1.099685843954695,
        1.100386641126998,
        1.0999189425022045,
        1.099903720490476,
        1.0994235835176833,
        1.1001986442728247,
        1.0999948623332572,
        1.0995517563312611,
        1.0997066269529627,
        1.100255808931716,
        1.0997751951217651,
        1.0997526036932113,
        1.1006577395378274,
        1.0997028464966632,
        1.0990767288715282,
        1.1005166857800586,
        1.0999706019746496,
        1.1000466321377045,
        1.0999258249364001,
        1.0991699784360034,
        1.0996335491221,
        1.0996919299693817,
        1.1009040956801557,
        1.0995998205022608,
        1.0999816605385313,
        1.099349633176276,
        1.0993636225132233,
        1.0993796992809215,
        1.1001396635745435,
        1.0993501379134807,
        1.0997944233265329,
        1.0995243787765503,
        1.0995566477166845,
        1.098622462850936,
        1.0999667809364644,
        1.1000446816708178,
        1.0998010724148852,
        1.09980046749115,
        1.0992628944681047,
        1.1002597047927531,
        1.0998932034411328,
        1.0997633959384674,
        1.099525328646315
    ],
    "test_loss": [
        1.0978147238492966,
        1.0993362367153168,
        1.099452804774046,
        1.0993747748434544,
        1.0983769856393337,
        1.099044419825077,
        1.0982369743287563,
        1.0984324924647808,
        1.0979671888053417,
        1.099003680050373,
        1.0982228964567184,
        1.0990230701863766,
        1.098438486456871,
        1.0979196727275848,
        1.1021640598773956,
        1.0980074107646942,
        1.103540938347578,
        1.0986269637942314,
        1.0978709869086742,
        1.0986806005239487,
        1.0981427915394306,
        1.098621018230915,
        1.100541666150093,
        1.1033080145716667,
        1.0989220887422562,
        1.1006104797124863,
        1.0988301262259483,
        1.099527109414339,
        1.0984784550964832,
        1.0978884845972061,
        1.100249245762825,
        1.0981959626078606,
        1.0981872864067554,
        1.0978328995406628,
        1.0986604057252407,
        1.104687549173832,
        1.097863506525755,
        1.0978794805705547,
        1.0984140001237392,
        1.098067730665207,
        1.1001922264695168,
        1.0978610999882221,
        1.0984633304178715,
        1.0990519970655441,
        1.09816450253129
    ],
    "test_accuracy": 0.3505,
    "test_class_accuracy": [
        0.0,
        0.0,
        1.0
    ],
    "configs": {
        "embedding_dir": "/users/jakhan/scratch/embeddings/",
        "save_dir": "/users/jakhan/scratch/experiments",
        "model": "DINOv3",
        "layer": "0",
        "probe": "linear",
        "dataset_name": "RAVEN",
        "data_config": "in_center_single_out_center_single",
        "task": "Type_0",
        "seed": "42",
        "lr": "0.001",
        "batch_size": "64",
        "epochs": "45"
    },
    "classes": {
        "0": "Constant",
        "1": "Progression",
        "2": "Distribute_Three"
    }
}