{
    "train_loss": [
        2.0516424800487276,
        1.503302552598588,
        1.394621784382678,
        1.4025193807926584,
        1.3344671225294154,
        1.344270850749726,
        1.3230594472682222,
        1.3345050545448953,
        1.259617360348397,
        1.2802338765022603,
        1.2139638383337792,
        1.2229990578712302,
        1.18018791016112,
        1.210780033405791,
        1.2393834946003366,
        1.196562741031038,
        1.2369156790540574,
        1.173832301129686,
        1.2022145751942979,
        1.1894455507714699,
        1.1800062218879133,
        1.1480477699574003,
        1.1729413010972611,
        1.157559800021192,
        1.1763706676503445,
        1.1717391470645337,
        1.141298234462738,
        1.185539095959765,
        1.1466591840094709,
        1.147770199369877,
        1.1905480832495587,
        1.1914312503439315,
        1.2004890543349245,
        1.156373532528573,
        1.1623583239443758,
        1.2002886058168207,
        1.1148021271888247,
        1.2130440555988473,
        1.1412735441897779,
        1.1124113309890666,
        1.1087769143124844,
        1.1313386217076729,
        1.0970396963839835,
        1.1468783534587699,
        1.115973229737992
    ],
    "test_loss": [
        1.592979833483696,
        1.5980323143303394,
        1.5096023045480251,
        1.2849507369101048,
        1.4491047039628029,
        1.3096739389002323,
        1.4563902281224728,
        1.3554958924651146,
        1.3767458125948906,
        1.3317867927253246,
        1.261859366670251,
        1.276358436793089,
        1.1720251627266407,
        1.5153659358620644,
        1.3688059858977795,
        1.221875935792923,
        1.1798296514898539,
        1.3542353436350822,
        1.190672107040882,
        1.3074925988912582,
        1.1622275058180094,
        1.2447613067924976,
        1.1593733001500368,
        1.2792322412133217,
        1.3739090077579021,
        1.1800865083932877,
        1.2015577889978886,
        1.2264365069568157,
        1.1423599477857351,
        1.1754555776715279,
        1.2511274442076683,
        1.2488530427217484,
        1.2857124656438828,
        1.3063332810997963,
        1.3616715483367443,
        1.1811002995818853,
        1.2495772745460272,
        1.1571763344109058,
        1.1475057825446129,
        1.1363725308328867,
        1.2888654917478561,
        1.211466509848833,
        1.4733165055513382,
        1.288047168403864,
        1.2338716425001621
    ],
    "test_accuracy": 0.487,
    "test_class_accuracy": [
        0.7094188376753507,
        0.6133333333333333,
        0.3141683778234086,
        0.2965235173824131
    ],
    "configs": {
        "embedding_dir": "/users/jakhan/scratch/embeddings/",
        "save_dir": "/users/jakhan/scratch/experiments",
        "model": "DINOv3",
        "layer": "12",
        "probe": "linear",
        "dataset_name": "RAVEN",
        "data_config": "in_center_single_out_center_single",
        "task": "Color_1",
        "seed": "42",
        "lr": "0.001",
        "batch_size": "64",
        "epochs": "45"
    },
    "classes": {
        "0": "Constant",
        "1": "Progression",
        "2": "Arithmetic",
        "3": "Distribute_Three"
    }
}