{
    "train_loss": [
        1.0623321159088865,
        1.0602872872606237,
        1.0573497801385028,
        1.0560491738167215,
        1.050996959843534,
        1.0512201925541491,
        1.04901023367618,
        1.0482480113810682,
        1.047481172262354,
        1.0458755385368428,
        1.0497549962490162,
        1.0492545163377802,
        1.0490612241816013,
        1.048167202066868,
        1.0476259024853403,
        1.0467332943956902,
        1.0453492999076843,
        1.0472200011953394,
        1.0450677966817896,
        1.0439546235064243,
        1.039517048825609,
        1.0436938271877614,
        1.0399625833998336,
        1.0420760385533596,
        1.0408612984292052,
        1.0398251661594877,
        1.037025714808322,
        1.037467361764705,
        1.0378143983952544,
        1.0427984633344285,
        1.0385804975286443,
        1.0366266674183784,
        1.0345747959106526,
        1.0372332626200738,
        1.0372992056481383,
        1.0342310546560491,
        1.0358925658337614,
        1.034534103058754,
        1.0297946257794157,
        1.0281886591556224,
        1.0332124252268609,
        1.0306802550528913,
        1.028346449770826,
        1.0338773486462045,
        1.0268860357872984
    ],
    "test_loss": [
        1.0678590033203363,
        1.0638613440096378,
        1.0585715733468533,
        1.061934258788824,
        1.0573745928704739,
        1.0576954167336226,
        1.060960402712226,
        1.0569276437163353,
        1.0577801521867514,
        1.055900091305375,
        1.0569797400385141,
        1.0613497365266085,
        1.0586691871285439,
        1.0579387731850147,
        1.0569195114076138,
        1.0602099224925041,
        1.0632923357188702,
        1.0575407445430756,
        1.05794838629663,
        1.056003550067544,
        1.061482584103942,
        1.0643953625112772,
        1.0673863925039768,
        1.0553700719028711,
        1.0523909218609333,
        1.0504911076277494,
        1.0629938952624798,
        1.0506693683564663,
        1.059170164167881,
        1.0526131819933653,
        1.0567698255181313,
        1.0679225735366344,
        1.0502901878207922,
        1.0533856078982353,
        1.0517064612358809,
        1.0511759743094444,
        1.056833216920495,
        1.0494789890944958,
        1.0502401664853096,
        1.049154594540596,
        1.0504806004464626,
        1.0477916672825813,
        1.0436321925371885,
        1.0574999526143074,
        1.0444776136428118
    ],
    "test_accuracy": 0.464,
    "test_class_accuracy": [
        0.4924433249370277,
        0.0,
        0.6849489795918368
    ],
    "configs": {
        "embedding_dir": "/users/jakhan/scratch/embeddings/",
        "save_dir": "/users/jakhan/scratch/experiments",
        "model": "DINOv3",
        "layer": "6",
        "probe": "MLP",
        "dataset_name": "RAVEN",
        "data_config": "in_center_single_out_center_single",
        "task": "Size_0",
        "seed": "42",
        "lr": "0.001",
        "batch_size": "64",
        "epochs": "45"
    },
    "classes": {
        "0": "Constant",
        "1": "Progression",
        "2": "Distribute_Three"
    }
}