{
    "train_loss": [
        1.3869264899416174,
        1.3766822650077495,
        1.3604289103061595,
        1.3338157636054018,
        1.3041322269338242,
        1.276244029085687,
        1.251920145876864,
        1.2296369583048719,
        1.213414246731616,
        1.186202940788675,
        1.1752665753060199,
        1.1701022113891357,
        1.1543937946887726,
        1.1356711007179099,
        1.125862294689138,
        1.1143801890789193,
        1.112018884496486,
        1.0995096456497273,
        1.095953399830676,
        1.088254082076093,
        1.076204775495732,
        1.071082445535254,
        1.0678257954881547,
        1.0544770258538267,
        1.053571546965457,
        1.0398672933274127,
        1.0365875991100961,
        1.0260574779611953,
        1.0352001957436825,
        1.021785242760435,
        1.0128872597471197,
        1.0074647056295516,
        1.0046863714431196,
        0.9984220735570217,
        0.9992869223685975,
        0.9894961029925244,
        0.9864012649718751,
        0.9892461388669116,
        0.9807753956064265,
        0.9867077774189889,
        0.9784536146103068,
        0.9749734192452533,
        0.9622242571191585,
        0.9676229452833216,
        0.960763561598798
    ],
    "test_loss": [
        1.3801346011459827,
        1.3750908635556698,
        1.3428411856293678,
        1.328168150037527,
        1.3042664639651775,
        1.2681198678910732,
        1.2465709298849106,
        1.216587945818901,
        1.2624395228922367,
        1.2058242373168468,
        1.1729912981390953,
        1.183638695627451,
        1.1439336836338043,
        1.1321033835411072,
        1.1251785848289728,
        1.1167307309806347,
        1.1131813637912273,
        1.0936713758856058,
        1.0878615658730268,
        1.0779105741530657,
        1.1038577444851398,
        1.0893565397709608,
        1.0723413079977036,
        1.06647689640522,
        1.0479629375040531,
        1.0451780036091805,
        1.0664804726839066,
        1.0410662349313498,
        1.042307037860155,
        1.0202068146318197,
        1.025898588821292,
        1.0155351124703884,
        1.0024467892944813,
        1.0108009744435549,
        0.9939107242971659,
        0.9894088115543127,
        0.9960980974137783,
        0.9856781363487244,
        0.9834991618990898,
        1.0497281681746244,
        1.0093843396753073,
        0.979197459295392,
        0.9794075395911932,
        0.9910928979516029,
        0.9706647824496031
    ],
    "test_accuracy": 0.6035,
    "test_class_accuracy": [
        0.5731225296442688,
        0.6398467432950191,
        0.7448559670781894,
        0.4547325102880658
    ],
    "configs": {
        "embedding_dir": "/users/jakhan/scratch/embeddings/",
        "save_dir": "/users/jakhan/scratch/experiments",
        "model": "CLIP",
        "layer": "4",
        "probe": "MLP",
        "dataset_name": "RAVEN",
        "data_config": "center_single",
        "task": "Size",
        "seed": "42",
        "lr": "0.001",
        "batch_size": "64",
        "epochs": "45"
    },
    "classes": {
        "0": "Constant",
        "1": "Progression",
        "2": "Arithmetic",
        "3": "Distribute_Three"
    }
}