{
    "train_loss": [
        1.1150079990955108,
        1.0901286602020264,
        1.085655704457709,
        1.0819997647975355,
        1.0762678397462724,
        1.074643244134619,
        1.0672454161846892,
        1.0670914954327522,
        1.0622967881091097,
        1.0585050735067814,
        1.0604780855331015,
        1.05535278675404,
        1.052841009611779,
        1.051429732682857,
        1.0497323306317026,
        1.0488527017704985,
        1.0497121481185263,
        1.0459511400537287,
        1.0463477265327534,
        1.043807901600574,
        1.043391280351801,
        1.038278914512472,
        1.040851838411169,
        1.0377072457303391,
        1.0369082397602973,
        1.0383241404878332,
        1.032720740171189,
        1.0317779976002714,
        1.0321973904650261,
        1.0318686030012496,
        1.0307683272564665,
        1.0311339288315875,
        1.0269692869896585,
        1.0308558439954798,
        1.0283651408996988,
        1.027759628092989,
        1.027830441581442,
        1.0239653498568433,
        1.0254164433225672,
        1.021551215902288,
        1.0239906013011932,
        1.0233397464802925,
        1.0258346282421273,
        1.0216717117644372,
        1.0222702673140993
    ],
    "test_loss": [
        1.0947806686162949,
        1.0920144021511078,
        1.0922486148774624,
        1.0900154113769531,
        1.083642065525055,
        1.081888321787119,
        1.0801286473870277,
        1.0759690552949905,
        1.0906506851315498,
        1.0778092965483665,
        1.0812652744352818,
        1.0753845199942589,
        1.0768637880682945,
        1.0739581026136875,
        1.0675861276686192,
        1.07033671438694,
        1.0684384144842625,
        1.0695383921265602,
        1.0680766738951206,
        1.063161175698042,
        1.071820467710495,
        1.0624695047736168,
        1.0653530471026897,
        1.0632433705031872,
        1.065231416374445,
        1.0634332597255707,
        1.0625155083835125,
        1.0589914470911026,
        1.0601896736770868,
        1.0578441880643368,
        1.0620078854262829,
        1.0624201260507107,
        1.0623351391404867,
        1.0571693517267704,
        1.0606175381690264,
        1.0576259847730398,
        1.067501224577427,
        1.0611722450703382,
        1.0542356725782156,
        1.0532871149480343,
        1.0550554227083921,
        1.057791531085968,
        1.0621106009930372,
        1.0522793754935265,
        1.0532660484313965
    ],
    "test_accuracy": 0.4335,
    "test_class_accuracy": [
        0.5918367346938775,
        0.4079147640791476,
        0.2937595129375951
    ],
    "configs": {
        "embedding_dir": "/users/jakhan/scratch/embeddings/",
        "save_dir": "/users/jakhan/scratch/experiments",
        "model": "DINOv3",
        "layer": "6",
        "probe": "linear",
        "dataset_name": "RAVEN",
        "data_config": "in_center_single_out_center_single",
        "task": "Type_1",
        "seed": "42",
        "lr": "0.001",
        "batch_size": "64",
        "epochs": "45"
    },
    "classes": {
        "0": "Constant",
        "1": "Progression",
        "2": "Distribute_Three"
    }
}