{
    "train_loss": [
        1.361332469798149,
        1.2886160028741716,
        1.2472330369847886,
        1.2205082152752167,
        1.19657908348327,
        1.1757190189463027,
        1.1598922496146344,
        1.1515619031926418,
        1.1368881616186588,
        1.1277892551523574,
        1.1181229669997033,
        1.1125582963862317,
        1.1015424931302984,
        1.094486654438871,
        1.0907916692977255,
        1.0855931810876156,
        1.081835670040009,
        1.0781364383849692,
        1.0721824701796188,
        1.0607741500468963,
        1.0599397471610537,
        1.0542894525730864,
        1.0515471620762602,
        1.0457893292954628,
        1.038494660499248,
        1.037184681664122,
        1.0349028535345768,
        1.0297227311641612,
        1.0281447628711133,
        1.023559886090299,
        1.020452026357042,
        1.019977348281982,
        1.0140436754581776,
        1.0097024669038488,
        1.0073663890361786,
        1.0077292031430183,
        1.0017884741438197,
        0.9995130167362538,
        0.9985233900394845,
        0.9938936043292919,
        0.9911515370328375,
        0.9902939796447754,
        0.9857843251938515,
        0.9859458797789634,
        0.9798479885496991
    ],
    "test_loss": [
        1.3131006173789501,
        1.261889860033989,
        1.2358470745384693,
        1.1990577839314938,
        1.1801489517092705,
        1.1687980704009533,
        1.1640567891299725,
        1.1385457888245583,
        1.1321938708424568,
        1.1189639903604984,
        1.113558603450656,
        1.1126463450491428,
        1.096403393894434,
        1.0907928589731455,
        1.0909772515296936,
        1.0945120472460985,
        1.0933023858815432,
        1.0724963657557964,
        1.0687701106071472,
        1.0655250530689955,
        1.0560722704976797,
        1.0559735391288996,
        1.0603849049657583,
        1.053910419344902,
        1.0452200938016176,
        1.0464316550642252,
        1.0378751810640097,
        1.0368358679115772,
        1.03459994494915,
        1.0443554669618607,
        1.0254319049417973,
        1.0215197000652552,
        1.0189515836536884,
        1.0178898349404335,
        1.0179601665586233,
        1.0379950292408466,
        1.0106236785650253,
        1.0070227440446615,
        1.0119782239198685,
        1.0012835878878832,
        1.0096515659242868,
        0.9984144810587168,
        0.9957376085221767,
        0.9932453986257315,
        1.0042389016598463
    ],
    "test_accuracy": 0.575,
    "test_class_accuracy": [
        0.7254545454545455,
        0.4264705882352941,
        0.6371134020618556,
        0.4887525562372188
    ],
    "configs": {
        "embedding_dir": "/users/jakhan/scratch/embeddings/",
        "save_dir": "/users/jakhan/scratch/experiments",
        "model": "DINOv3",
        "layer": "6",
        "probe": "linear",
        "dataset_name": "RAVEN",
        "data_config": "center_single",
        "task": "Color",
        "seed": "42",
        "lr": "0.001",
        "batch_size": "64",
        "epochs": "45"
    },
    "classes": {
        "0": "Constant",
        "1": "Progression",
        "2": "Arithmetic",
        "3": "Distribute_Three"
    }
}