{
    "train_loss": [
        1.3909979716260383,
        1.3871156027976503,
        1.386391931391777,
        1.3863278678122988,
        1.386122430892701,
        1.3861057771013139,
        1.386105570387333,
        1.3861363225794854,
        1.3861023682229063,
        1.386115348085444,
        1.3861731354226456,
        1.386139305348092,
        1.3861123564395499,
        1.3861230751301379,
        1.3861741930880445,
        1.3861657647376364,
        1.3861099950810696,
        1.3861264091856935,
        1.3861036757205396,
        1.3861446710343057,
        1.38611453391136,
        1.3860926209612097,
        1.3861379407821817,
        1.3860926907113258,
        1.386120929362926,
        1.3861540391090068,
        1.3861010949662391,
        1.386142024334441,
        1.3861313804667046,
        1.386089676238121,
        1.3861110299191577,
        1.386098047520252,
        1.386114740625341,
        1.3861073192129745,
        1.3861616215807326,
        1.3860751770912332,
        1.3861595709273156,
        1.3861653386278356,
        1.3861558564165806,
        1.3861216078413294,
        1.3860915848549376,
        1.386090595671471,
        1.386112295566721,
        1.3860829142813986,
        1.3861467292968264
    ],
    "test_loss": [
        1.3885089233517647,
        1.3868450671434402,
        1.3867281638085842,
        1.386303149163723,
        1.3865210190415382,
        1.3865942023694515,
        1.3866563402116299,
        1.3866895288228989,
        1.3867028802633286,
        1.386770822107792,
        1.3867735713720322,
        1.3867162875831127,
        1.3867589049041271,
        1.3867440186440945,
        1.3867715932428837,
        1.38680624589324,
        1.386716403067112,
        1.3867717906832695,
        1.3867648020386696,
        1.3867318220436573,
        1.3867916502058506,
        1.3867090567946434,
        1.3868298083543777,
        1.3867990225553513,
        1.3868532441556454,
        1.386802103370428,
        1.386720646172762,
        1.3867604732513428,
        1.3867825083434582,
        1.3867441229522228,
        1.3868233263492584,
        1.3867918215692043,
        1.3868313282728195,
        1.3868178687989712,
        1.3867941796779633,
        1.3867304846644402,
        1.3867978528141975,
        1.3867643363773823,
        1.3868119046092033,
        1.3867098279297352,
        1.3867250084877014,
        1.3868125975131989,
        1.3867542743682861,
        1.3867880702018738,
        1.3867393173277378
    ],
    "test_accuracy": 0.2435,
    "test_class_accuracy": [
        0.0,
        0.0,
        1.0,
        0.0
    ],
    "configs": {
        "embedding_dir": "/users/jakhan/scratch/embeddings/",
        "save_dir": "/users/jakhan/scratch/experiments",
        "model": "CLIP",
        "layer": "0",
        "probe": "MLP",
        "dataset_name": "RAVEN",
        "data_config": "in_center_single_out_center_single",
        "task": "Color_1",
        "seed": "42",
        "lr": "0.001",
        "batch_size": "64",
        "epochs": "45"
    },
    "classes": {
        "0": "Constant",
        "1": "Progression",
        "2": "Arithmetic",
        "3": "Distribute_Three"
    }
}