{
    "train_loss": [
        1.248046580781328,
        1.012819823432476,
        0.930479976725071,
        0.8346637817139321,
        0.7999760521219131,
        0.7226185494280876,
        0.6669697216216554,
        0.6124022146488758,
        0.5933851269965477,
        0.5768162281589305,
        0.5712163483208799,
        0.5496412604413135,
        0.5431723959268407,
        0.533508318535825,
        0.5061979436493934,
        0.5879439613286485,
        0.5075953326960827,
        0.5650291823326273,
        0.48668607752373877,
        0.4924418035339802,
        0.47950524820926343,
        0.4437749243163048,
        0.43694701442059053,
        0.4733697657889508,
        0.46538223817627483,
        0.4315408258996111,
        0.44550156815254943,
        0.4088807275637667,
        0.4087698489744612,
        0.4437781669040944,
        0.44945657903209646,
        0.4826566006274933,
        0.4093073099217516,
        0.4014576296222971,
        0.4764968052189401,
        0.4179442123846805,
        0.38514186965024216,
        0.37452040898038985,
        0.39927158758361286,
        0.38932565044849476,
        0.38497480147696556,
        0.38402613315810546,
        0.3896955893711841,
        0.3580209611261145,
        0.38043242914879577
    ],
    "test_loss": [
        1.1247291434556246,
        0.9529500640928745,
        0.8757966589182615,
        0.9039303697645664,
        0.7711869589984417,
        0.6929936222732067,
        0.6395083982497454,
        0.604357685893774,
        0.586991080082953,
        0.577634115703404,
        0.606917011551559,
        0.6680713128298521,
        0.552152163349092,
        0.5569759234786034,
        0.561326190829277,
        0.5503939026966691,
        0.5898788766935468,
        0.55113784968853,
        0.5492723463103175,
        0.6213600561022758,
        0.6123354202136397,
        0.5330233154818416,
        0.4803084461018443,
        0.47342843282967806,
        0.4415822699666023,
        0.4640740370377898,
        0.43479757755994797,
        0.49637654423713684,
        0.40844052098691463,
        0.405962822958827,
        0.5081639885902405,
        0.5243439320474863,
        0.4529815660789609,
        0.4185704533010721,
        0.5117237661033869,
        0.39253960084170103,
        0.4003460528329015,
        0.5217639226466417,
        0.5059952465817332,
        0.39796314015984535,
        0.4521788125857711,
        0.4011676600202918,
        0.3840805208310485,
        0.37253886368125677,
        0.4895063480362296
    ],
    "test_accuracy": 0.796,
    "test_class_accuracy": [
        0.7272727272727273,
        0.7367624810892587,
        0.9144079885877318
    ],
    "configs": {
        "embedding_dir": "/users/jakhan/scratch/embeddings/",
        "save_dir": "/users/jakhan/scratch/experiments",
        "model": "DINOv3",
        "layer": "10",
        "probe": "MLP",
        "dataset_name": "RAVEN",
        "data_config": "in_center_single_out_center_single",
        "task": "Type_0",
        "seed": "42",
        "lr": "0.001",
        "batch_size": "64",
        "epochs": "45"
    },
    "classes": {
        "0": "Constant",
        "1": "Progression",
        "2": "Distribute_Three"
    }
}