{
    "train_loss": [
        1.3458629833891036,
        1.0882660290028185,
        1.0639852672181231,
        1.0497310992251052,
        1.0313883125782013,
        1.0322820931038958,
        1.0061511517839228,
        0.9859529720975998,
        0.9863529256049622,
        0.9767968236131871,
        0.9730375377421684,
        0.9469789431450215,
        0.9367279695703629,
        0.9426974280083433,
        0.9192318675365854,
        0.9183663212238474,
        0.9029457454985761,
        0.905998522930957,
        0.895685389954993,
        0.8945986444645739,
        0.8967509808692526,
        0.8763110105027544,
        0.8717864694747519,
        0.8611719582943206,
        0.8627607619508784,
        0.8520631162410087,
        0.8636533877951034,
        0.8467910873129013,
        0.845954751714747,
        0.8342543073157047,
        0.8341584484627906,
        0.8291662519282483,
        0.8211077990684104,
        0.8356768603020526,
        0.8205164512421222,
        0.8249149265441489,
        0.8151673737992632,
        0.8209887368881956,
        0.8060278118924892,
        0.8077063978986537,
        0.8286004859082242,
        0.8093106195013574,
        0.7933293714168224,
        0.7898540959713307,
        0.7905351468857299
    ],
    "test_loss": [
        1.1052522547543049,
        1.0680627226829529,
        1.0504272729158401,
        1.0371101014316082,
        1.021625854074955,
        1.0492622405290604,
        1.0090704746544361,
        1.009833900257945,
        0.9871954284608364,
        0.9690877459943295,
        1.0187675021588802,
        0.9695692379027605,
        0.9468643963336945,
        0.9963091444224119,
        0.9519060607999563,
        0.9215050023049116,
        0.9224641341716051,
        0.9681019019335508,
        0.9147623255848885,
        0.9062695056200027,
        0.9117461424320936,
        0.9244882836937904,
        0.8860415536910295,
        0.8827149495482445,
        0.8778669834136963,
        0.8726415615528822,
        0.8865708969533443,
        0.8758453298360109,
        0.8631792366504669,
        0.9035219922661781,
        0.848539849743247,
        0.8451967779546976,
        0.8736760225147009,
        0.8395965155214071,
        0.8474119044840336,
        0.8513580914586782,
        0.8386404309421778,
        0.8234354760497808,
        0.8378696870058775,
        0.9240159895271063,
        0.8264399114996195,
        0.8237136024981737,
        0.8137767724692822,
        0.8122908249497414,
        0.8250929284840822
    ],
    "test_accuracy": 0.632,
    "test_class_accuracy": [
        0.6363636363636364,
        0.7473524962178517,
        0.5192582025677603
    ],
    "configs": {
        "embedding_dir": "/users/jakhan/scratch/embeddings/",
        "save_dir": "/users/jakhan/scratch/experiments",
        "model": "DINOv3",
        "layer": "8",
        "probe": "linear",
        "dataset_name": "RAVEN",
        "data_config": "in_center_single_out_center_single",
        "task": "Type_0",
        "seed": "42",
        "lr": "0.001",
        "batch_size": "64",
        "epochs": "45"
    },
    "classes": {
        "0": "Constant",
        "1": "Progression",
        "2": "Distribute_Three"
    }
}