{
    "train_loss": [
        1.1007351469486317,
        1.0970394471858411,
        1.0954096355336778,
        1.0928368162601552,
        1.0929399678047667,
        1.0925916902562405,
        1.0894970602177558,
        1.0881487384755562,
        1.0873369777456243,
        1.0852863053058057,
        1.0845115958376135,
        1.083329806936548,
        1.082871544868388,
        1.0824119144297661,
        1.0807239020124395,
        1.0806403045958661,
        1.0790020848842377,
        1.0791670933682869,
        1.077233725405754,
        1.077148381699907,
        1.077092448447613,
        1.075427216418246,
        1.0750967124675184,
        1.0746585777465334,
        1.0731754341024033,
        1.071881966387972,
        1.071496992669207,
        1.0716853053011792,
        1.0696133184940257,
        1.070406085633217,
        1.0703491784156638,
        1.0687405099260046,
        1.0680507167856743,
        1.0678317622935518,
        1.0673625760890069,
        1.066721037347266,
        1.0651221110465678,
        1.0647773171993011,
        1.0663897166860865,
        1.064410869111406,
        1.0635732348929061,
        1.062835192426722,
        1.0630619361045512,
        1.06133175783969,
        1.0616868315859045
    ],
    "test_loss": [
        1.0991920679807663,
        1.096013616770506,
        1.0937597677111626,
        1.0948402732610703,
        1.093196239322424,
        1.0901894234120846,
        1.0903249308466911,
        1.0888616815209389,
        1.0874170251190662,
        1.0869657136499882,
        1.0860338620841503,
        1.085865393280983,
        1.0841416381299496,
        1.0845816507935524,
        1.086157612502575,
        1.0820872411131859,
        1.0828998237848282,
        1.0815988220274448,
        1.0831266790628433,
        1.082179144024849,
        1.080616895109415,
        1.083243977278471,
        1.0833175629377365,
        1.0784167610108852,
        1.0784803703427315,
        1.0771832540631294,
        1.079246200621128,
        1.075470957905054,
        1.0783905610442162,
        1.0745227299630642,
        1.0743646137416363,
        1.0741874612867832,
        1.0738601796329021,
        1.073043879121542,
        1.0791098363697529,
        1.0721213072538376,
        1.0716935358941555,
        1.0743366926908493,
        1.071148842573166,
        1.072274338454008,
        1.0721478573977947,
        1.0695414617657661,
        1.0701304748654366,
        1.0685088373720646,
        1.0731241181492805
    ],
    "test_accuracy": 0.4145,
    "test_class_accuracy": [
        0.1488095238095238,
        0.2678843226788432,
        0.8241430700447094
    ],
    "configs": {
        "embedding_dir": "/users/jakhan/scratch/embeddings/",
        "save_dir": "/users/jakhan/scratch/experiments",
        "model": "CLIP",
        "layer": "4",
        "probe": "linear",
        "dataset_name": "RAVEN",
        "data_config": "center_single",
        "task": "Type",
        "seed": "42",
        "lr": "0.001",
        "batch_size": "64",
        "epochs": "45"
    },
    "classes": {
        "0": "Constant",
        "1": "Progression",
        "2": "Distribute_Three"
    }
}