{
    "train_loss": [
        1.1095107007533946,
        1.0986718218377296,
        1.1014120287083564,
        1.0986542511493602,
        1.0984301262713494,
        1.095715123288175,
        1.0993001067892034,
        1.0980878890828882,
        1.0969887540695515,
        1.0968282565157463,
        1.0967594689511238,
        1.0958581351219339,
        1.0959707917051111,
        1.096203346201714,
        1.0960223142136918,
        1.094372569246495,
        1.093653086652147,
        1.0917569741289666,
        1.092533550363906,
        1.093459944775764,
        1.0903731343594003,
        1.0891660857707897,
        1.0871347797677873,
        1.0898784944351683,
        1.0866340906062024,
        1.0867652969157442,
        1.086989440816514,
        1.0882037041035104,
        1.0861779971325651,
        1.0864141025441758,
        1.0910536672206634,
        1.0869894649120087,
        1.0839619116580232,
        1.083886906187585,
        1.0839640117706137,
        1.0838420200855174,
        1.0824235690400956,
        1.0834357117084747,
        1.0826261030866744,
        1.080971953716684,
        1.0801843950088987,
        1.0788231999316114,
        1.079320399051017,
        1.0787943132380222,
        1.0786358726785539
    ],
    "test_loss": [
        1.1019640751183033,
        1.1005467996001244,
        1.1029386073350906,
        1.1089194044470787,
        1.1006348878145218,
        1.1015755645930767,
        1.1009806618094444,
        1.100695125758648,
        1.0980713218450546,
        1.0975078977644444,
        1.097284946590662,
        1.0966032333672047,
        1.0964097566902637,
        1.099712811410427,
        1.0966162979602814,
        1.0972590707242489,
        1.096203189343214,
        1.095237459987402,
        1.106049194931984,
        1.0939430557191372,
        1.1001186110079288,
        1.0929355956614017,
        1.099737823009491,
        1.0921076200902462,
        1.1035460494458675,
        1.1046666726469994,
        1.092106394469738,
        1.0927101485431194,
        1.0925761498510838,
        1.1046255864202976,
        1.0925198569893837,
        1.0937347672879696,
        1.096045333892107,
        1.0953632071614265,
        1.0997357405722141,
        1.0946118272840977,
        1.0979153029620647,
        1.0902439914643764,
        1.092203363776207,
        1.0900613330304623,
        1.090596430003643,
        1.094741765409708,
        1.0909651778638363,
        1.0898705534636974,
        1.0902138352394104
    ],
    "test_accuracy": 0.39,
    "test_class_accuracy": [
        0.4387755102040816,
        0.6073059360730594,
        0.121765601217656
    ],
    "configs": {
        "embedding_dir": "/users/jakhan/scratch/embeddings/",
        "save_dir": "/users/jakhan/scratch/experiments",
        "model": "DINOv3",
        "layer": "4",
        "probe": "MLP",
        "dataset_name": "RAVEN",
        "data_config": "in_center_single_out_center_single",
        "task": "Type_1",
        "seed": "42",
        "lr": "0.001",
        "batch_size": "64",
        "epochs": "45"
    },
    "classes": {
        "0": "Constant",
        "1": "Progression",
        "2": "Distribute_Three"
    }
}