{
    "train_loss": [
        1.3907577598348577,
        1.3792335479817492,
        1.3669361814539482,
        1.361299866057457,
        1.3525598442300837,
        1.346920372323787,
        1.3453385119742536,
        1.3407516542901383,
        1.334672437069264,
        1.3304021536035742,
        1.3215560418494203,
        1.3205675596886493,
        1.3193761072260268,
        1.3158337689460593,
        1.3151894972679463,
        1.3119645055304183,
        1.3095350696685466,
        1.3128532830705033,
        1.304513190654998,
        1.3017970222107909,
        1.300963559049241,
        1.304351582172069,
        1.3004842020095664,
        1.2982847715945953,
        1.2939481874729724,
        1.2917366687287675,
        1.2953266894563715,
        1.2944683001396504,
        1.2920242243624749,
        1.2900093337322802,
        1.2898242816011956,
        1.2849779179755678,
        1.2817063686695505,
        1.2883844337564834,
        1.2826433333944767,
        1.2779122616382355,
        1.2783621194514823,
        1.274250142117764,
        1.29738609080619,
        1.2842514476877578,
        1.2818059452036594,
        1.2765385838265115,
        1.2777305930218799,
        1.2741902242315577,
        1.276346192715016
    ],
    "test_loss": [
        1.3780885860323906,
        1.3756638914346695,
        1.3610334768891335,
        1.351871557533741,
        1.340650212019682,
        1.3394854441285133,
        1.3734321594238281,
        1.3291387856006622,
        1.3239299431443214,
        1.323012601584196,
        1.326067540794611,
        1.3105908818542957,
        1.308966338634491,
        1.3272419273853302,
        1.3093679584562778,
        1.3017676398158073,
        1.3048522621393204,
        1.313251107931137,
        1.2984210662543774,
        1.3129457086324692,
        1.2958967871963978,
        1.3168138936161995,
        1.2910904437303543,
        1.309709120541811,
        1.289905358105898,
        1.2898955382406712,
        1.3163931965827942,
        1.2940590269863605,
        1.2925615645945072,
        1.3012307323515415,
        1.2944407984614372,
        1.2809550315141678,
        1.2805213630199432,
        1.2804095149040222,
        1.278441146016121,
        1.2801392748951912,
        1.279725305736065,
        1.2771955765783787,
        1.2833516001701355,
        1.2918477170169353,
        1.2811231277883053,
        1.2773206606507301,
        1.311861876398325,
        1.2711661458015442,
        1.2747662477195263
    ],
    "test_accuracy": 0.388,
    "test_class_accuracy": [
        0.4581818181818182,
        0.5378151260504201,
        0.4061855670103093,
        0.14519427402862986
    ],
    "configs": {
        "embedding_dir": "/users/jakhan/scratch/embeddings/",
        "save_dir": "/users/jakhan/scratch/experiments",
        "model": "DINOv3",
        "layer": "2",
        "probe": "MLP",
        "dataset_name": "RAVEN",
        "data_config": "center_single",
        "task": "Color",
        "seed": "42",
        "lr": "0.001",
        "batch_size": "64",
        "epochs": "45"
    },
    "classes": {
        "0": "Constant",
        "1": "Progression",
        "2": "Arithmetic",
        "3": "Distribute_Three"
    }
}