{
    "train_loss": [
        1.4042660771532263,
        1.3863540139604122,
        1.37668842964984,
        1.3677861031065597,
        1.3584902907939667,
        1.3526800122666867,
        1.343210239359673,
        1.3396009853545656,
        1.3289594840496144,
        1.322256383743692,
        1.311651016803498,
        1.3201093267887196,
        1.3193735213989908,
        1.320570113811087,
        1.2990281898924645,
        1.3049054729177596,
        1.2939241604602083,
        1.2892701651187652,
        1.2839327353112242,
        1.2832230190013318,
        1.2885006602774276,
        1.2895728413094865,
        1.2840771142472611,
        1.280146026864965,
        1.2721305629040331,
        1.2640460070143356,
        1.2703549582907494,
        1.2727033876358194,
        1.2612973020431844,
        1.2647184412530128,
        1.2608265724587948,
        1.2509645743572966,
        1.2472162741295836,
        1.2576664280384144,
        1.2558198038567887,
        1.2563050541471927,
        1.2451957223263193,
        1.2473696546351656,
        1.2425399080235908,
        1.2390938477313265,
        1.248972661951755,
        1.2363244675575418,
        1.232764313829706,
        1.2261887725363387,
        1.230792632762422
    ],
    "test_loss": [
        1.3941241055727005,
        1.3674519658088684,
        1.3615459837019444,
        1.3526631034910679,
        1.372613001614809,
        1.3657044246792793,
        1.3328945264220238,
        1.3301201239228249,
        1.3285456784069538,
        1.3200570978224277,
        1.3286319747567177,
        1.4373402744531631,
        1.3124867044389248,
        1.3289430812001228,
        1.3061990961432457,
        1.2994049601256847,
        1.293760720640421,
        1.2886750772595406,
        1.2895481586456299,
        1.3495787344872952,
        1.3997089713811874,
        1.284627478569746,
        1.283787339925766,
        1.2885458916425705,
        1.2890752032399178,
        1.2748726941645145,
        1.3940244317054749,
        1.2967611216008663,
        1.2951952256262302,
        1.2693532519042492,
        1.2667059376835823,
        1.2630997598171234,
        1.2748423889279366,
        1.3005432337522507,
        1.26843486353755,
        1.27182986587286,
        1.2563454136252403,
        1.2878327891230583,
        1.27940246835351,
        1.2675713524222374,
        1.2593047246336937,
        1.2521084994077682,
        1.2525127790868282,
        1.252333890646696,
        1.3344227634370327
    ],
    "test_accuracy": 0.345,
    "test_class_accuracy": [
        0.8159509202453987,
        0.3227016885553471,
        0.2314410480349345,
        0.025
    ],
    "configs": {
        "embedding_dir": "/users/jakhan/scratch/embeddings/",
        "save_dir": "/users/jakhan/scratch/experiments",
        "model": "DINOv3",
        "layer": "6",
        "probe": "MLP",
        "dataset_name": "RAVEN",
        "data_config": "in_center_single_out_center_single",
        "task": "Size_1",
        "seed": "42",
        "lr": "0.001",
        "batch_size": "64",
        "epochs": "45"
    },
    "classes": {
        "0": "Constant",
        "1": "Progression",
        "2": "Arithmetic",
        "3": "Distribute_Three"
    }
}