{
    "train_loss": [
        1.382055604711492,
        1.3656353379817718,
        1.355329861032202,
        1.3450655214329983,
        1.3367496969852042,
        1.3279772197946589,
        1.3220491041528417,
        1.315110075981059,
        1.3107237650993022,
        1.306102901063067,
        1.3010891117948167,
        1.2978011471159914,
        1.292937675689129,
        1.289466898492042,
        1.2870233464748302,
        1.283307525705784,
        1.2792621318330155,
        1.2753575469585174,
        1.2736967459638069,
        1.2701236415416637,
        1.2690647751727002,
        1.2668309287821993,
        1.2644552525053634,
        1.2619308448852378,
        1.2580859902057242,
        1.2547419045833832,
        1.2536681991942384,
        1.2527606867729348,
        1.249349315115746,
        1.2486710992265255,
        1.2449469693163608,
        1.2438752042486312,
        1.2439365057235068,
        1.2403034377605358,
        1.2391401516630294,
        1.2354561686515808,
        1.2348647079569228,
        1.23264387059719,
        1.2328829169273376,
        1.2298865787526394,
        1.2289119527695027,
        1.2251890314386247,
        1.2237596930341517,
        1.2218135265593832,
        1.2203961623475907
    ],
    "test_loss": [
        1.3736501298844814,
        1.369079153984785,
        1.349749255925417,
        1.3443379774689674,
        1.334039457142353,
        1.3246925920248032,
        1.3178898580372334,
        1.3113823272287846,
        1.307541612535715,
        1.306491632014513,
        1.2973343022167683,
        1.2952470369637012,
        1.2916579730808735,
        1.2865995205938816,
        1.2835369855165482,
        1.2863383702933788,
        1.2777950279414654,
        1.2751300372183323,
        1.2742647156119347,
        1.2723483331501484,
        1.26820357888937,
        1.2650841251015663,
        1.2623983062803745,
        1.258786529302597,
        1.2584156095981598,
        1.258475560694933,
        1.255220741033554,
        1.2540466450154781,
        1.2595837451517582,
        1.2470346949994564,
        1.2485835999250412,
        1.2530133351683617,
        1.2459430806338787,
        1.239839468151331,
        1.247006617486477,
        1.2386898547410965,
        1.2361116632819176,
        1.2394810803234577,
        1.2327635064721107,
        1.2362220399081707,
        1.2317871898412704,
        1.2288063578307629,
        1.2252645269036293,
        1.2258659154176712,
        1.223265815526247
    ],
    "test_accuracy": 0.4615,
    "test_class_accuracy": [
        0.32665330661322645,
        0.539047619047619,
        0.6139630390143738,
        0.36400817995910023
    ],
    "configs": {
        "embedding_dir": "/users/jakhan/scratch/embeddings/",
        "save_dir": "/users/jakhan/scratch/experiments",
        "model": "CLIP",
        "layer": "8",
        "probe": "linear",
        "dataset_name": "RAVEN",
        "data_config": "in_center_single_out_center_single",
        "task": "Color_1",
        "seed": "42",
        "lr": "0.001",
        "batch_size": "64",
        "epochs": "45"
    },
    "classes": {
        "0": "Constant",
        "1": "Progression",
        "2": "Arithmetic",
        "3": "Distribute_Three"
    }
}