{
    "train_loss": [
        1.05809386233066,
        1.0546670682886814,
        1.0533694022513451,
        1.0534434756065936,
        1.0520632419180362,
        1.052820455520711,
        1.0501689727002002,
        1.0502246199770178,
        1.0493311850314444,
        1.0471031374119697,
        1.0478486139723595,
        1.04581007995504,
        1.0468222917394434,
        1.0433076651806528,
        1.039203146036635,
        1.0369507683084367,
        1.0347372743677585,
        1.02887417724792,
        1.0255927386436057,
        1.0206441815863265,
        1.015290694033846,
        1.0117885755731704,
        1.0104018107373665,
        1.0097463790406571,
        1.0075926387563665,
        0.9975917802212086,
        0.9895152779335671,
        0.9920631786610218,
        0.9846110179069194,
        0.9776729903322585,
        0.9772245402031756,
        0.9733642168501591,
        0.9650264940363296,
        0.9610595221215106,
        0.9524368237941823,
        0.9472137144271363,
        0.9482336583289694,
        0.9443719723123185,
        0.9392337608844676,
        0.9341439097485644,
        0.9305827294258361,
        0.9299819355315351,
        0.9261996543153803,
        0.9185411892038711,
        0.9110880303890148
    ],
    "test_loss": [
        1.0620698537677526,
        1.063097132369876,
        1.068750349804759,
        1.061031173914671,
        1.0616333521902561,
        1.0601895917207003,
        1.0588416922837496,
        1.0581493638455868,
        1.0570293106138706,
        1.0552048739045858,
        1.05634031817317,
        1.0562480986118317,
        1.0516392197459936,
        1.051678366959095,
        1.046594588086009,
        1.0478917453438044,
        1.0428339671343565,
        1.036907585337758,
        1.0322847589850426,
        1.0296882186084986,
        1.0227048359811306,
        1.0466207191348076,
        1.0418642610311508,
        1.030126716941595,
        1.0128604304045439,
        1.010844074189663,
        1.0042341221123934,
        1.0058904401957989,
        0.997473943978548,
        0.9912488274276257,
        0.9841615278273821,
        0.9909775126725435,
        0.978611845523119,
        0.9736794885247946,
        0.9765933100134134,
        0.9642860442399979,
        0.9746798649430275,
        0.9544494692236185,
        0.9533604495227337,
        0.9603209812194109,
        0.9532011412084103,
        0.9683828726410866,
        0.9398390501737595,
        0.9317617248743773,
        0.9307411499321461
    ],
    "test_accuracy": 0.51,
    "test_class_accuracy": [
        0.570528967254408,
        0.42890995260663506,
        0.4923469387755102
    ],
    "configs": {
        "embedding_dir": "/users/jakhan/scratch/embeddings/",
        "save_dir": "/users/jakhan/scratch/experiments",
        "model": "CLIP",
        "layer": "4",
        "probe": "MLP",
        "dataset_name": "RAVEN",
        "data_config": "in_center_single_out_center_single",
        "task": "Size_0",
        "seed": "42",
        "lr": "0.001",
        "batch_size": "64",
        "epochs": "45"
    },
    "classes": {
        "0": "Constant",
        "1": "Progression",
        "2": "Distribute_Three"
    }
}