{
    "train_loss": [
        2.179513208409573,
        1.2920186633759356,
        1.2643792819469533,
        1.261979545684571,
        1.246911327889625,
        1.220355860730435,
        1.2179329052884529,
        1.20066928736707,
        1.1945375413336652,
        1.1689922010644953,
        1.1764946992092944,
        1.1630509724008276,
        1.1581445349023698,
        1.1373596527474992,
        1.1240978849695085,
        1.137910378740189,
        1.125627560818449,
        1.1295401022789326,
        1.114079031538456,
        1.098379594214419,
        1.1085341788352805,
        1.1011148336085868,
        1.1016416993546994,
        1.0832423238044089,
        1.0802668979827394,
        1.072823740066366,
        1.0710839933537422,
        1.0561521687406175,
        1.0764948934950727,
        1.072805864379761,
        1.0683473665663537,
        1.0496404982627707,
        1.0913518400902444,
        1.0543493438274303,
        1.0526336146161912,
        1.0474825159032295,
        1.041124851779735,
        1.033595364144508,
        1.0187985047380974,
        1.0487392982269854,
        1.0398173338555274,
        1.0279886101154572,
        1.02852249208917,
        1.0270206731684663,
        1.0535594262975327
    ],
    "test_loss": [
        1.343059353530407,
        1.2531622871756554,
        1.2747101597487926,
        1.2286303602159023,
        1.2402165457606316,
        1.2477902248501778,
        1.2235592156648636,
        1.2387750707566738,
        1.204144574701786,
        1.235564187169075,
        1.2158878482878208,
        1.1913491636514664,
        1.1752823553979397,
        1.2377469949424267,
        1.1898618787527084,
        1.168882317841053,
        1.2641742415726185,
        1.1459772307425737,
        1.14403030090034,
        1.1868253871798515,
        1.2073562201112509,
        1.1726501397788525,
        1.1454131603240967,
        1.2107514701783657,
        1.142109151929617,
        1.2476843670010567,
        1.1401247698813677,
        1.1456552743911743,
        1.1510029695928097,
        1.1978704370558262,
        1.1406416073441505,
        1.1368146371096373,
        1.132705446332693,
        1.273276787251234,
        1.1063929665833712,
        1.1234175451099873,
        1.1603171788156033,
        1.1958602629601955,
        1.144502790644765,
        1.218705540522933,
        1.1517813093960285,
        1.1458852998912334,
        1.1722616739571095,
        1.371641393750906,
        1.1231056656688452
    ],
    "test_accuracy": 0.4965,
    "test_class_accuracy": [
        0.4909819639278557,
        0.5676190476190476,
        0.6119096509240246,
        0.310838445807771
    ],
    "configs": {
        "embedding_dir": "/users/jakhan/scratch/embeddings/",
        "save_dir": "/users/jakhan/scratch/experiments",
        "model": "DINOv3",
        "layer": "12",
        "probe": "MLP",
        "dataset_name": "RAVEN",
        "data_config": "in_center_single_out_center_single",
        "task": "Color_1",
        "seed": "42",
        "lr": "0.001",
        "batch_size": "64",
        "epochs": "45"
    },
    "classes": {
        "0": "Constant",
        "1": "Progression",
        "2": "Arithmetic",
        "3": "Distribute_Three"
    }
}