{
    "train_loss": [
        1.3802632423157388,
        1.3323773437357964,
        1.2913139310288937,
        1.2664469556605562,
        1.2428703625151452,
        1.2248702696029177,
        1.2143639452913975,
        1.217579406626681,
        1.200403060050721,
        1.1891564587329297,
        1.1801041618306587,
        1.1629763549946723,
        1.1594460872893637,
        1.1607884079852002,
        1.1574305042307427,
        1.1379102424104164,
        1.134190559387207,
        1.1313356129412955,
        1.1235363496110795,
        1.1225060915693323,
        1.1133471391302474,
        1.115310478083631,
        1.1043730523992092,
        1.103775666115132,
        1.0947431547844664,
        1.0933376297037651,
        1.0887591166699186,
        1.092763773304351,
        1.0829400248984073,
        1.086481270003826,
        1.0886191909617566,
        1.0681643333840878,
        1.0654220194258588,
        1.0771651914779177,
        1.0635271262615285,
        1.06068114524192,
        1.0495335732368714,
        1.0472121574777238,
        1.0594701018739254,
        1.0466847178783822,
        1.0477056224295433,
        1.0393553230356662,
        1.0391560621718143,
        1.0358223021030426,
        1.044681488833529
    ],
    "test_loss": [
        1.3522639274597168,
        1.3188462033867836,
        1.2744530029594898,
        1.2519733607769012,
        1.2259598188102245,
        1.2115866877138615,
        1.2495752461254597,
        1.2133133187890053,
        1.1849669180810452,
        1.1747193858027458,
        1.1788850091397762,
        1.1599946059286594,
        1.188778530806303,
        1.18722615391016,
        1.145606353878975,
        1.1408768109977245,
        1.1613988876342773,
        1.1340223923325539,
        1.1469442695379257,
        1.1259801723062992,
        1.1722195856273174,
        1.1336311399936676,
        1.1225991882383823,
        1.1135239358991385,
        1.158282347023487,
        1.103153970092535,
        1.1001534406095743,
        1.1271763928234577,
        1.105176392942667,
        1.1405692659318447,
        1.0976180583238602,
        1.0970088262110949,
        1.1082035470753908,
        1.1134291030466557,
        1.0802788585424423,
        1.086467431858182,
        1.079916339367628,
        1.0788059532642365,
        1.0684441309422255,
        1.098796233534813,
        1.083281235769391,
        1.1204384174197912,
        1.100939005613327,
        1.0819763634353876,
        1.067442599684
    ],
    "test_accuracy": 0.532,
    "test_class_accuracy": [
        0.7727272727272727,
        0.5714285714285714,
        0.36907216494845363,
        0.38445807770961143
    ],
    "configs": {
        "embedding_dir": "/users/jakhan/scratch/embeddings/",
        "save_dir": "/users/jakhan/scratch/experiments",
        "model": "DINOv3",
        "layer": "4",
        "probe": "MLP",
        "dataset_name": "RAVEN",
        "data_config": "center_single",
        "task": "Color",
        "seed": "42",
        "lr": "0.001",
        "batch_size": "64",
        "epochs": "45"
    },
    "classes": {
        "0": "Constant",
        "1": "Progression",
        "2": "Arithmetic",
        "3": "Distribute_Three"
    }
}