{
    "train_loss": [
        1.102703628387857,
        1.099844385968878,
        1.1008515865244763,
        1.1011339451404327,
        1.1005571471883895,
        1.1005808520824352,
        1.1000894942182176,
        1.0997348922364256,
        1.1002190252567858,
        1.1008973692325836,
        1.1001762202445498,
        1.0994276442426316,
        1.1001234079929108,
        1.0997292893998167,
        1.0998996496200562,
        1.0995621021757735,
        1.1002280001944684,
        1.099901849919177,
        1.1006537701221222,
        1.1007281985688717,
        1.1000808109628393,
        1.099245548248291,
        1.099320204968148,
        1.1011901979750776,
        1.1005709703932418,
        1.100706822060524,
        1.100016954097342,
        1.0997430694864152,
        1.1005847859889903,
        1.100460150140397,
        1.0992404146397368,
        1.101556105816618,
        1.0999873635616708,
        1.1000516554142565,
        1.0996372167100297,
        1.099689615533707,
        1.100200835694658,
        1.0999755009691765,
        1.0996028020026836,
        1.1001173486100866,
        1.0997280668705067,
        1.0997991067297914,
        1.100084420214308,
        1.1004316870202409,
        1.0999606416580525
    ],
    "test_loss": [
        1.0991671346127987,
        1.0993816666305065,
        1.1008046083152294,
        1.0988128520548344,
        1.102943904697895,
        1.0989059880375862,
        1.0989881046116352,
        1.1018300950527191,
        1.1015784703195095,
        1.098624151200056,
        1.1010538935661316,
        1.0987156331539154,
        1.0992953069508076,
        1.1019210517406464,
        1.0991216786205769,
        1.0994286760687828,
        1.0990199409425259,
        1.099205568432808,
        1.1015907488763332,
        1.0989991836249828,
        1.0988673157989979,
        1.0995030105113983,
        1.1034091413021088,
        1.099633902311325,
        1.1024771519005299,
        1.0996265076100826,
        1.1005955561995506,
        1.09895746037364,
        1.0989090539515018,
        1.0989149399101734,
        1.1009559147059917,
        1.100032988935709,
        1.098681878298521,
        1.098634585738182,
        1.099532026797533,
        1.0999405533075333,
        1.104112196713686,
        1.1001006923615932,
        1.1013063080608845,
        1.0995467938482761,
        1.098887361586094,
        1.0990258604288101,
        1.1011629104614258,
        1.0998462811112404,
        1.0991252735257149
    ],
    "test_accuracy": 0.336,
    "test_class_accuracy": [
        1.0,
        0.0,
        0.0
    ],
    "configs": {
        "embedding_dir": "/users/jakhan/scratch/embeddings/",
        "save_dir": "/users/jakhan/scratch/experiments",
        "model": "DINOv3",
        "layer": "0",
        "probe": "linear",
        "dataset_name": "RAVEN",
        "data_config": "center_single",
        "task": "Type",
        "seed": "42",
        "lr": "0.001",
        "batch_size": "64",
        "epochs": "45"
    },
    "classes": {
        "0": "Constant",
        "1": "Progression",
        "2": "Distribute_Three"
    }
}