{
    "train_loss": [
        1.3883462814574545,
        1.3863649127331186,
        1.3862806989791545,
        1.3863065851495622,
        1.3862159657985607,
        1.3862525161276473,
        1.386405055827283,
        1.3862852327367092,
        1.3862386777045879,
        1.3862345396204199,
        1.3862111822087715,
        1.3862591360477692,
        1.3861955455008974,
        1.3862306944867397,
        1.3861853873476069,
        1.3861697176669507,
        1.3861345293674063,
        1.386172705508293,
        1.3861160722184689,
        1.386129284158666,
        1.3861601783874187,
        1.3861386725243101,
        1.3861190182097414,
        1.386151928850945,
        1.3862003645998366,
        1.386179043891582,
        1.3861613971121767,
        1.3861507709990157,
        1.386120952190237,
        1.3860963697129107,
        1.38612865640762,
        1.3861804807439764,
        1.3861049185407923,
        1.3861597332548588,
        1.3861703542952841,
        1.386116422237234,
        1.3861472416431346,
        1.386214575868972,
        1.3861292625995392,
        1.3861509295220071,
        1.386155403674917,
        1.3861732926774533,
        1.3861338534253709,
        1.386148750782013,
        1.386183187048486
    ],
    "test_loss": [
        1.385547947138548,
        1.3851049095392227,
        1.385058917105198,
        1.3852450102567673,
        1.3852478601038456,
        1.3851403705775738,
        1.3851643092930317,
        1.3852509632706642,
        1.3852797076106071,
        1.3851372711360455,
        1.385136418044567,
        1.3851861841976643,
        1.385307651013136,
        1.3852113895118237,
        1.385232262313366,
        1.3851533755660057,
        1.385243322700262,
        1.3851113617420197,
        1.3851729594171047,
        1.3851609900593758,
        1.3851743377745152,
        1.3851416669785976,
        1.3851632811129093,
        1.385162103921175,
        1.3851380199193954,
        1.3851103745400906,
        1.3850906565785408,
        1.3852255083620548,
        1.3851706273853779,
        1.3852159641683102,
        1.3851870819926262,
        1.3852158524096012,
        1.3851853869855404,
        1.385144591331482,
        1.3852032832801342,
        1.3852049820125103,
        1.3851110450923443,
        1.3851558081805706,
        1.3851212039589882,
        1.3850809372961521,
        1.3851994089782238,
        1.3852208480238914,
        1.3851578161120415,
        1.3852044306695461,
        1.385178554803133
    ],
    "test_accuracy": 0.2665,
    "test_class_accuracy": [
        0.0,
        1.0,
        0.0,
        0.0
    ],
    "configs": {
        "embedding_dir": "/users/jakhan/scratch/embeddings/",
        "save_dir": "/users/jakhan/scratch/experiments",
        "model": "DINOv3",
        "layer": "0",
        "probe": "MLP",
        "dataset_name": "RAVEN",
        "data_config": "in_center_single_out_center_single",
        "task": "Size_1",
        "seed": "42",
        "lr": "0.001",
        "batch_size": "64",
        "epochs": "45"
    },
    "classes": {
        "0": "Constant",
        "1": "Progression",
        "2": "Arithmetic",
        "3": "Distribute_Three"
    }
}