{
    "train_loss": [
        0.9287969501728707,
        0.7018322164707995,
        0.613869735535155,
        0.5492312071171213,
        0.5163763441303943,
        0.45122676739033235,
        0.41795266055046243,
        0.38445454978562416,
        0.361353910825354,
        0.35665325598513825,
        0.3300109283721193,
        0.3146374772520775,
        0.2968275218884996,
        0.2871425668609903,
        0.2900701772342337,
        0.27695687828545873,
        0.2533407969836225,
        0.2516510904310866,
        0.23843194750395227,
        0.24402394153653306,
        0.23242277818474363,
        0.2167669155813278,
        0.2141270178588147,
        0.20950572176816615,
        0.20374410298276455,
        0.20852176520101567,
        0.1967147687014113,
        0.18231834732788674,
        0.20350166227906308,
        0.17677258470274032,
        0.18192968160865156,
        0.18339714986529757,
        0.17271270959618243,
        0.1601870670280558,
        0.16200498067476649,
        0.15692342453180474,
        0.15986221624498673,
        0.14651610995543765,
        0.1541424587844534,
        0.14796146215435038,
        0.1487224874027232,
        0.15714193190983,
        0.14532375910339204,
        0.1383193543061931,
        0.15178770029005853
    ],
    "test_loss": [
        0.7688451576977968,
        0.6526692062616348,
        0.6120245466008782,
        0.5083511741831899,
        0.48290088865906,
        0.45708302687853575,
        0.4113147957250476,
        0.3866397785022855,
        0.36154003720730543,
        0.34343379363417625,
        0.3438156209886074,
        0.32379804784432054,
        0.29769802559167147,
        0.2888300842605531,
        0.33247289434075356,
        0.36380565958097577,
        0.27108888467773795,
        0.25602952064946294,
        0.27333944104611874,
        0.24144216580316424,
        0.2657592981122434,
        0.2520263250917196,
        0.2242944750469178,
        0.2377969839144498,
        0.3401285340078175,
        0.2341096345335245,
        0.2172764129936695,
        0.21808412112295628,
        0.20803910354152322,
        0.2144655091688037,
        0.2233844492584467,
        0.21821431256830692,
        0.22808237234130502,
        0.19992322591133416,
        0.21194619429297745,
        0.21051316265948117,
        0.1906333197839558,
        0.19709196407347918,
        0.21883379970677197,
        0.1811493095010519,
        0.2050988811533898,
        0.23371848557144403,
        0.18864794494584203,
        0.20398997166194022,
        0.17449496453627944
    ],
    "test_accuracy": 0.927,
    "test_class_accuracy": [
        0.9627976190476191,
        0.8888888888888888,
        0.9284649776453056
    ],
    "configs": {
        "embedding_dir": "/users/jakhan/scratch/embeddings/",
        "save_dir": "/users/jakhan/scratch/experiments",
        "model": "CLIP",
        "layer": "12",
        "probe": "MLP",
        "dataset_name": "RAVEN",
        "data_config": "center_single",
        "task": "Type",
        "seed": "42",
        "lr": "0.001",
        "batch_size": "64",
        "epochs": "45"
    },
    "classes": {
        "0": "Constant",
        "1": "Progression",
        "2": "Distribute_Three"
    }
}