{
    "train_loss": [
        1.3892284416137857,
        1.38775057995573,
        1.3890775759169396,
        1.3881133591875117,
        1.3871455737885008,
        1.387909417456769,
        1.3872410299930167,
        1.388942652560295,
        1.3874632335723716,
        1.3876502539249176,
        1.3874085685040087,
        1.3879472968426156,
        1.387985606142815,
        1.3880766579445372,
        1.3881716753574127,
        1.387282724076129,
        1.3879089228650356,
        1.3880882111001522,
        1.3884757224549638,
        1.3878975929097925,
        1.3876719766474785,
        1.3883726977287454,
        1.3879810203897192,
        1.3880092260685373,
        1.3892012213138825,
        1.387046494382493,
        1.3871899830534102,
        1.3878494615250445,
        1.3881229212943544,
        1.3878463887153787,
        1.388171856707715,
        1.3878641014403486,
        1.3883006661496264,
        1.387855681967228,
        1.3881020812278098,
        1.3875519138701418,
        1.3878467742432938,
        1.3878615143451285,
        1.3894304379503777,
        1.3881630656567026,
        1.387529544373776,
        1.3878922779509362,
        1.3876841436041163,
        1.387318198985242,
        1.3879205762071813
    ],
    "test_loss": [
        1.3872743993997574,
        1.386671256273985,
        1.3870338834822178,
        1.3881373219192028,
        1.3889686837792397,
        1.3867851197719574,
        1.3876295499503613,
        1.3869033642113209,
        1.388172224164009,
        1.386902704834938,
        1.386354174464941,
        1.3875183537602425,
        1.3898848630487919,
        1.3895010948181152,
        1.3870407603681087,
        1.38802969455719,
        1.3898332901299,
        1.3884287998080254,
        1.3880304358899593,
        1.386032521724701,
        1.3914402984082699,
        1.3882477954030037,
        1.3867262713611126,
        1.3868468515574932,
        1.3909453637897968,
        1.3880010284483433,
        1.3859101310372353,
        1.3912182375788689,
        1.3891526684165,
        1.3894677087664604,
        1.3887574933469296,
        1.3904030621051788,
        1.38751570135355,
        1.3863580264151096,
        1.3865469843149185,
        1.3907402604818344,
        1.3881569541990757,
        1.3866473287343979,
        1.3881058283150196,
        1.385991271585226,
        1.3894248306751251,
        1.3885117582976818,
        1.390403676778078,
        1.389676932245493,
        1.3883812054991722
    ],
    "test_accuracy": 0.2435,
    "test_class_accuracy": [
        0.0,
        0.0,
        1.0,
        0.0
    ],
    "configs": {
        "embedding_dir": "/users/jakhan/scratch/embeddings/",
        "save_dir": "/users/jakhan/scratch/experiments",
        "model": "DINOv3",
        "layer": "0",
        "probe": "linear",
        "dataset_name": "RAVEN",
        "data_config": "in_center_single_out_center_single",
        "task": "Color_1",
        "seed": "42",
        "lr": "0.001",
        "batch_size": "64",
        "epochs": "45"
    },
    "classes": {
        "0": "Constant",
        "1": "Progression",
        "2": "Arithmetic",
        "3": "Distribute_Three"
    }
}