{
    "train_loss": [
        1.0562939478995952,
        1.0497872290459085,
        1.047464017538314,
        1.0437948380378967,
        1.0414373297640618,
        1.0392375512326018,
        1.0385813307254872,
        1.0361392751653145,
        1.0332752821293283,
        1.031426581930607,
        1.0314962064966242,
        1.0279497833962137,
        1.0283467370144865,
        1.0281123791603333,
        1.0257422087040353,
        1.0254643889183694,
        1.0234359883247537,
        1.0207664294445769,
        1.0198029387504497,
        1.020039493733264,
        1.0191988735756976,
        1.0172214000783069,
        1.0152235684242654,
        1.015955407568749,
        1.0162261889335957,
        1.0128125155225713,
        1.013148144838658,
        1.0111102854951899,
        1.0116235290436035,
        1.0095808436261846,
        1.0096765731243378,
        1.0080259131624343,
        1.0073977404452386,
        1.006857770554563,
        1.0048254975613127,
        1.005549870906992,
        1.004960906632403,
        1.0030870190326204,
        1.002670076299221,
        1.0013810320103422,
        1.0019457099285531,
        1.0013945070987051,
        0.9999783749276019,
        0.9984723887544997,
        0.9982496208332955
    ],
    "test_loss": [
        1.0613392852246761,
        1.0606876779347658,
        1.0562486071139574,
        1.0530073400586843,
        1.052655691280961,
        1.0495333541184664,
        1.0487253181636333,
        1.0458430331200361,
        1.044798443093896,
        1.0556840728968382,
        1.0423357207328081,
        1.04234055057168,
        1.0410204771906137,
        1.038679275661707,
        1.0431667659431696,
        1.0424401201307774,
        1.0357235632836819,
        1.036490498110652,
        1.0342332143336535,
        1.0343399494886398,
        1.0321546122431755,
        1.0332713816314936,
        1.0332244634628296,
        1.0310164876282215,
        1.0301691945642233,
        1.0379921477288008,
        1.027850329875946,
        1.0382236000150442,
        1.027747431769967,
        1.0259384233504534,
        1.0266046188771725,
        1.024890011176467,
        1.0240164902061224,
        1.0258805081248283,
        1.0264677330851555,
        1.0250036250799894,
        1.0248624980449677,
        1.0237340983003378,
        1.0220339335501194,
        1.025569710880518,
        1.024171568453312,
        1.0243422910571098,
        1.0244726613163948,
        1.018052864819765,
        1.018738977611065
    ],
    "test_accuracy": 0.476,
    "test_class_accuracy": [
        0.42947103274559195,
        0.0,
        0.7793367346938775
    ],
    "configs": {
        "embedding_dir": "/users/jakhan/scratch/embeddings/",
        "save_dir": "/users/jakhan/scratch/experiments",
        "model": "CLIP",
        "layer": "8",
        "probe": "linear",
        "dataset_name": "RAVEN",
        "data_config": "in_center_single_out_center_single",
        "task": "Size_0",
        "seed": "42",
        "lr": "0.001",
        "batch_size": "64",
        "epochs": "45"
    },
    "classes": {
        "0": "Constant",
        "1": "Progression",
        "2": "Distribute_Three"
    }
}