{
    "train_loss": [
        1.5971116157288248,
        1.361122225193267,
        1.325296736778097,
        1.317553312220472,
        1.2925894196997298,
        1.2872869194822107,
        1.318485934683617,
        1.2680240565157952,
        1.2452801744988624,
        1.2487946292187304,
        1.230555166589453,
        1.224281222262281,
        1.2333955980361777,
        1.2159151510989412,
        1.2289706024717777,
        1.2043853123137291,
        1.2255522925803002,
        1.2080733281500795,
        1.1979233229413946,
        1.1941402567193864,
        1.1715173442313012,
        1.1799254163782646,
        1.1857813634770982,
        1.1765969103955207,
        1.176788252718905,
        1.1755048670667283,
        1.1779318489926927,
        1.1714768878957058,
        1.1736508208386442,
        1.1505684484826757,
        1.1409831846013982,
        1.1564189753633864,
        1.170224074353563,
        1.1451964987085221,
        1.1498772470240897,
        1.1392589851896813,
        1.1476742295508688,
        1.142853800286638,
        1.143358645286966,
        1.126922978365675,
        1.129435732009563,
        1.1438405095262731,
        1.1400040121788675,
        1.1241625021112727,
        1.1269579035170534
    ],
    "test_loss": [
        1.373912163078785,
        1.3915554396808147,
        1.3550749197602272,
        1.3566329181194305,
        1.304324422031641,
        1.2774902284145355,
        1.4207834638655186,
        1.2851671874523163,
        1.273909755051136,
        1.30391875654459,
        1.2324393652379513,
        1.24229034781456,
        1.2235322408378124,
        1.219168696552515,
        1.2410116717219353,
        1.2539099045097828,
        1.239053636789322,
        1.3318832144141197,
        1.1962644048035145,
        1.2463770918548107,
        1.2012897059321404,
        1.2267484776675701,
        1.231596428900957,
        1.2373682484030724,
        1.200228027999401,
        1.1866116262972355,
        1.2383247911930084,
        1.211506623774767,
        1.175428919494152,
        1.1855625100433826,
        1.2142259664833546,
        1.2897382006049156,
        1.1797399148344994,
        1.187212660908699,
        1.189487498253584,
        1.1705622598528862,
        1.198304109275341,
        1.1949961259961128,
        1.1792920380830765,
        1.1617479659616947,
        1.2774673253297806,
        1.173907108604908,
        1.2260987535119057,
        1.2023460194468498,
        1.159680813550949
    ],
    "test_accuracy": 0.4925,
    "test_class_accuracy": [
        0.6232464929859719,
        0.5066666666666667,
        0.433264887063655,
        0.40286298568507156
    ],
    "configs": {
        "embedding_dir": "/users/jakhan/scratch/embeddings/",
        "save_dir": "/users/jakhan/scratch/experiments",
        "model": "DINOv3",
        "layer": "10",
        "probe": "linear",
        "dataset_name": "RAVEN",
        "data_config": "in_center_single_out_center_single",
        "task": "Color_1",
        "seed": "42",
        "lr": "0.001",
        "batch_size": "64",
        "epochs": "45"
    },
    "classes": {
        "0": "Constant",
        "1": "Progression",
        "2": "Arithmetic",
        "3": "Distribute_Three"
    }
}