{
    "train_loss": [
        1.396898865699768,
        1.3818145546507328,
        1.3782503998025935,
        1.3745113750721545,
        1.3682632103879402,
        1.369460794519871,
        1.3639934227821675,
        1.3644395813028862,
        1.3593338448950585,
        1.3612794635143686,
        1.355260081747745,
        1.356484295205867,
        1.353340042398331,
        1.3521839012490942,
        1.3501870150261737,
        1.347230998759574,
        1.3486173685560836,
        1.344604289278071,
        1.3441242423463375,
        1.3409487681185945,
        1.341303622468989,
        1.341463288094135,
        1.3398226943421871,
        1.33715835150252,
        1.3379074550689536,
        1.3339574869642867,
        1.333268718516573,
        1.3335925543561895,
        1.333359977032276,
        1.3308943459328184,
        1.3325424790382385,
        1.3302057385444641,
        1.3277211874089343,
        1.3282884257905028,
        1.326427291048334,
        1.3245497713697718,
        1.3230979670869543,
        1.3230039832439828,
        1.326159713116098,
        1.3219260725569217,
        1.3207055228821776,
        1.321212204212838,
        1.319912796324872,
        1.3169531517840447,
        1.3171438676245668
    ],
    "test_loss": [
        1.3902578949928284,
        1.3762713447213173,
        1.3794150277972221,
        1.3741998821496964,
        1.3734763115644455,
        1.3675071075558662,
        1.3735256232321262,
        1.3624064810574055,
        1.3635538183152676,
        1.3584537319839,
        1.365809679031372,
        1.3584168702363968,
        1.3611120581626892,
        1.356789331883192,
        1.35252470895648,
        1.3514149859547615,
        1.3549070172011852,
        1.3496080748736858,
        1.348980974406004,
        1.354519683867693,
        1.3578124605119228,
        1.3558885641396046,
        1.3492639511823654,
        1.3430993258953094,
        1.3467154391109943,
        1.3483262844383717,
        1.3404605984687805,
        1.3421878293156624,
        1.350627388805151,
        1.3476425632834435,
        1.3388341888785362,
        1.3395522087812424,
        1.3384248204529285,
        1.33699057623744,
        1.3353951834142208,
        1.3353863917291164,
        1.3347241543233395,
        1.3371442630887032,
        1.3419681042432785,
        1.3337570391595364,
        1.3400410450994968,
        1.3479694910347462,
        1.3347775675356388,
        1.3373331055045128,
        1.3293670527637005
    ],
    "test_accuracy": 0.3725,
    "test_class_accuracy": [
        0.4168336673346693,
        0.4361904761904762,
        0.45585215605749485,
        0.17586912065439672
    ],
    "configs": {
        "embedding_dir": "/users/jakhan/scratch/embeddings/",
        "save_dir": "/users/jakhan/scratch/experiments",
        "model": "DINOv3",
        "layer": "4",
        "probe": "linear",
        "dataset_name": "RAVEN",
        "data_config": "in_center_single_out_center_single",
        "task": "Color_1",
        "seed": "42",
        "lr": "0.001",
        "batch_size": "64",
        "epochs": "45"
    },
    "classes": {
        "0": "Constant",
        "1": "Progression",
        "2": "Arithmetic",
        "3": "Distribute_Three"
    }
}