{
    "train_loss": [
        1.1000245112053892,
        1.0994913413169536,
        1.1006954908370972,
        1.0991516443009073,
        1.0989453386753163,
        1.0993264520421941,
        1.0999233950959875,
        1.0987001543349408,
        1.0992763042449951,
        1.0999226506720199,
        1.0985917918225552,
        1.0980829114609576,
        1.0984831122641867,
        1.0982284368352686,
        1.0976748225536752,
        1.0979007140119026,
        1.0986613250793296,
        1.0971352026817647,
        1.0970358480798437,
        1.0972807889289045,
        1.0982415333707283,
        1.0964384281888921,
        1.0976522184432822,
        1.0967872231564624,
        1.096476710857229,
        1.0967492537295565,
        1.096921868780826,
        1.0969917685427564,
        1.0971794369372916,
        1.097382053415826,
        1.0967062369306038,
        1.0956827617706137,
        1.095550022226699,
        1.0952323535655408,
        1.095520815950759,
        1.0961548888936956,
        1.095756064070032,
        1.095293216248776,
        1.0953488070914086,
        1.0949705610883997,
        1.0955139779030008,
        1.0949239236243227,
        1.0944920118818893,
        1.0949627034207607,
        1.094610355001815
    ],
    "test_loss": [
        1.0988601073622704,
        1.1020609252154827,
        1.0984096750617027,
        1.0988992266356945,
        1.1020171865820885,
        1.102697417140007,
        1.0981021411716938,
        1.0981693342328072,
        1.0980890095233917,
        1.0987341701984406,
        1.0987770110368729,
        1.0978256650269032,
        1.0992347858846188,
        1.0994136035442352,
        1.0993356630206108,
        1.1002900823950768,
        1.0998043045401573,
        1.0976269990205765,
        1.097966704517603,
        1.100814238190651,
        1.0999942794442177,
        1.1003233455121517,
        1.101456593722105,
        1.0986272431910038,
        1.0989711582660675,
        1.0989573672413826,
        1.0982792787253857,
        1.0982595309615135,
        1.1028306148946285,
        1.0990932434797287,
        1.0974256210029125,
        1.0984584130346775,
        1.1022550724446774,
        1.0990947410464287,
        1.097436897456646,
        1.100082617253065,
        1.0974927581846714,
        1.0977636314928532,
        1.0995566248893738,
        1.0994532220065594,
        1.0977805778384209,
        1.0997476689517498,
        1.1006060056388378,
        1.0978498123586178,
        1.0992179363965988
    ],
    "test_accuracy": 0.342,
    "test_class_accuracy": [
        0.9577259475218659,
        0.0410958904109589,
        0.0
    ],
    "configs": {
        "embedding_dir": "/users/jakhan/scratch/embeddings/",
        "save_dir": "/users/jakhan/scratch/experiments",
        "model": "CLIP",
        "layer": "2",
        "probe": "linear",
        "dataset_name": "RAVEN",
        "data_config": "in_center_single_out_center_single",
        "task": "Type_1",
        "seed": "42",
        "lr": "0.001",
        "batch_size": "64",
        "epochs": "45"
    },
    "classes": {
        "0": "Constant",
        "1": "Progression",
        "2": "Distribute_Three"
    }
}