{
    "train_loss": [
        1.3886690380725455,
        1.3899357724697032,
        1.3890138940608248,
        1.3910592439326834,
        1.3889997817100364,
        1.3889932822673878,
        1.3906385568862265,
        1.3884184461958864,
        1.38899535067538,
        1.3889029381122995,
        1.389156441739265,
        1.3910593910420195,
        1.3891939178426216,
        1.388705627715334,
        1.388996771041383,
        1.3880290249560743,
        1.3917965686067622,
        1.3892911089227555,
        1.3894648019303666,
        1.3896280869524529,
        1.3891813374580222,
        1.3895911333408761,
        1.3900430354666202,
        1.3926599317408623,
        1.3896280514433028,
        1.3876825545696503,
        1.3915216098440455,
        1.3905188010094014,
        1.3903801999193557,
        1.3891661040326382,
        1.3882591635622876,
        1.3885118048241798,
        1.3900841284305492,
        1.3891937491741586,
        1.388034610038108,
        1.3895033991083185,
        1.3918875062719305,
        1.3894946740028706,
        1.3891718970968367,
        1.3880001484079565,
        1.3908892502176,
        1.389979377706,
        1.3887498175844233,
        1.3898545605071047,
        1.3888159178672952
    ],
    "test_loss": [
        1.3847962617874146,
        1.3900779895484447,
        1.3940746746957302,
        1.3857702054083347,
        1.3882890790700912,
        1.3851938284933567,
        1.3905964232981205,
        1.3854196481406689,
        1.3872284106910229,
        1.3865425884723663,
        1.3943884745240211,
        1.3857347592711449,
        1.3934035934507847,
        1.3879595659673214,
        1.3866789415478706,
        1.387183491140604,
        1.3925729990005493,
        1.393356129527092,
        1.3890264704823494,
        1.388197373598814,
        1.3846494257450104,
        1.3907019346952438,
        1.3886610828340054,
        1.390423271805048,
        1.3869697898626328,
        1.389895785599947,
        1.3858512714505196,
        1.3882803544402122,
        1.3916147202253342,
        1.3866901956498623,
        1.3856157176196575,
        1.3940304107964039,
        1.390088777989149,
        1.3864559009671211,
        1.3977062702178955,
        1.386084534227848,
        1.388966053724289,
        1.3886975981295109,
        1.3900287188589573,
        1.3943693190813065,
        1.3893825262784958,
        1.3874775879085064,
        1.40385203063488,
        1.3936211578547955,
        1.3953747041523457
    ],
    "test_accuracy": 0.238,
    "test_class_accuracy": [
        0.0,
        1.0,
        0.0,
        0.0
    ],
    "configs": {
        "embedding_dir": "/users/jakhan/scratch/embeddings/",
        "save_dir": "/users/jakhan/scratch/experiments",
        "model": "CLIP",
        "layer": "0",
        "probe": "linear",
        "dataset_name": "RAVEN",
        "data_config": "center_single",
        "task": "Color",
        "seed": "42",
        "lr": "0.001",
        "batch_size": "64",
        "epochs": "45"
    },
    "classes": {
        "0": "Constant",
        "1": "Progression",
        "2": "Arithmetic",
        "3": "Distribute_Three"
    }
}