{
    "train_loss": [
        1.3924164848124727,
        1.3878456874096647,
        1.3863641340681847,
        1.3822025961064277,
        1.3789283645913957,
        1.3766711214755445,
        1.3733544996444216,
        1.3728069840593542,
        1.3701471775136096,
        1.3699995837313064,
        1.364247720292274,
        1.3630962524008243,
        1.3691016701941794,
        1.35981204281462,
        1.3542028208996386,
        1.354645070877481,
        1.3533020133667804,
        1.3499355252752914,
        1.3517426176274077,
        1.3478712287354977,
        1.3506465972738062,
        1.3455789038475523,
        1.3452190870934344,
        1.3491889251039384,
        1.349056747365505,
        1.3446709856073906,
        1.3401406204446833,
        1.3428475171961682,
        1.3468710310915684,
        1.3424995807891196,
        1.3382320340643539,
        1.3362913956033422,
        1.3351944025526656,
        1.3411685253711456,
        1.3414514090152496,
        1.334805226072352,
        1.3347040034355002,
        1.3308650458112676,
        1.3328016793474238,
        1.3286009405521637,
        1.3311950539020783,
        1.3302537202835083,
        1.3296947821657708,
        1.3329956252524193,
        1.329525113105774
    ],
    "test_loss": [
        1.3865530043840408,
        1.3809204995632172,
        1.3836180828511715,
        1.3780372366309166,
        1.3755425773561,
        1.3980462700128555,
        1.379478808492422,
        1.3670949898660183,
        1.3844734318554401,
        1.361362461000681,
        1.363840028643608,
        1.393179289996624,
        1.3664918690919876,
        1.3570614121854305,
        1.3531767390668392,
        1.3630338571965694,
        1.3492252975702286,
        1.381496474146843,
        1.3592330664396286,
        1.3497094847261906,
        1.3493636697530746,
        1.3425789698958397,
        1.3427951633930206,
        1.3615365698933601,
        1.3785479739308357,
        1.3518727347254753,
        1.3717253133654594,
        1.3388557769358158,
        1.3408726751804352,
        1.3426586277782917,
        1.3352680280804634,
        1.3397028967738152,
        1.338988371193409,
        1.3396251313388348,
        1.3387930281460285,
        1.346637587994337,
        1.338614746928215,
        1.3404862061142921,
        1.3316530175507069,
        1.3324893862009048,
        1.332703586667776,
        1.3341205641627312,
        1.3293877877295017,
        1.3398521766066551,
        1.3560245633125305
    ],
    "test_accuracy": 0.296,
    "test_class_accuracy": [
        0.0,
        0.1294559099437148,
        0.2052401746724891,
        0.825
    ],
    "configs": {
        "embedding_dir": "/users/jakhan/scratch/embeddings/",
        "save_dir": "/users/jakhan/scratch/experiments",
        "model": "DINOv3",
        "layer": "2",
        "probe": "MLP",
        "dataset_name": "RAVEN",
        "data_config": "in_center_single_out_center_single",
        "task": "Size_1",
        "seed": "42",
        "lr": "0.001",
        "batch_size": "64",
        "epochs": "45"
    },
    "classes": {
        "0": "Constant",
        "1": "Progression",
        "2": "Arithmetic",
        "3": "Distribute_Three"
    }
}