{
    "train_loss": [
        1.1113449969190232,
        1.0878291510521096,
        1.0853955454014717,
        1.0747001247203096,
        1.0685171985879858,
        1.0636901424286214,
        1.063151110994055,
        1.074369246655322,
        1.0579197317995923,
        1.0489295803486032,
        1.059384472192602,
        1.0513478606305224,
        1.0424725267481296,
        1.0501118188208722,
        1.0432945096746404,
        1.0483128225549738,
        1.038959006045727,
        1.037406105310359,
        1.0454272615148665,
        1.0405874030387148,
        1.0334579450018861,
        1.0223460863245295,
        1.0256647550045175,
        1.0321031136715666,
        1.0194891469275698,
        1.022655466135512,
        1.0237358168084572,
        1.0268807956512938,
        1.0212672879087163,
        1.019376553753589,
        1.0198101927625371,
        1.0140705926621214,
        1.0112672327680792,
        1.0093355590992785,
        1.00789002218145,
        1.0032714579967743,
        1.0052716516433877,
        1.0064857399210017,
        1.0102899233077436,
        1.0000858008861542,
        1.0027459460370085,
        0.9950471862833551,
        0.9987851045233138,
        0.9947102393241639,
        0.9949502431331797
    ],
    "test_loss": [
        1.0929862521588802,
        1.0856871604919434,
        1.1005885638296604,
        1.0923301726579666,
        1.0780029259622097,
        1.080264162272215,
        1.078510969877243,
        1.084042627364397,
        1.0873932242393494,
        1.074772197753191,
        1.0971338246017694,
        1.0757501423358917,
        1.0777314025908709,
        1.0673486720770597,
        1.0811435021460056,
        1.0741333961486816,
        1.0660609509795904,
        1.065304584801197,
        1.068333562463522,
        1.0677734315395355,
        1.0820189267396927,
        1.05968077480793,
        1.0933684036135674,
        1.0576219037175179,
        1.0847041960805655,
        1.050277914851904,
        1.0471780337393284,
        1.0506494082510471,
        1.0577619895339012,
        1.0519587993621826,
        1.0458121839910746,
        1.0459190290421247,
        1.047316925600171,
        1.0610920898616314,
        1.0465257540345192,
        1.0448316279798746,
        1.0364478752017021,
        1.0447054356336594,
        1.055805753916502,
        1.0374687816947699,
        1.043541131541133,
        1.0395471658557653,
        1.0476722624152899,
        1.0585510060191154,
        1.0419758427888155
    ],
    "test_accuracy": 0.4525,
    "test_class_accuracy": [
        0.5364431486880467,
        0.6712328767123288,
        0.1461187214611872
    ],
    "configs": {
        "embedding_dir": "/users/jakhan/scratch/embeddings/",
        "save_dir": "/users/jakhan/scratch/experiments",
        "model": "DINOv3",
        "layer": "6",
        "probe": "MLP",
        "dataset_name": "RAVEN",
        "data_config": "in_center_single_out_center_single",
        "task": "Type_1",
        "seed": "42",
        "lr": "0.001",
        "batch_size": "64",
        "epochs": "45"
    },
    "classes": {
        "0": "Constant",
        "1": "Progression",
        "2": "Distribute_Three"
    }
}