{
    "train_loss": [
        1.3373425983368081,
        1.174580397758078,
        1.0352948035331482,
        0.9531500066848512,
        0.8863876563437442,
        0.8281022506825467,
        0.7885002963086392,
        0.7604382970231645,
        0.7323696556243491,
        0.7154127029662437,
        0.6901200182260351,
        0.6830978669384693,
        0.6609114570186493,
        0.6505546452517205,
        0.6351324814431211,
        0.6240896351159887,
        0.6209424604126748,
        0.6081722416776292,
        0.5912481505186,
        0.5728975306165979,
        0.5652230889239209,
        0.5628974723055008,
        0.5591533085767258,
        0.5458483512097216,
        0.5372461755859091,
        0.5313785091993657,
        0.5222481051658062,
        0.5210553150861821,
        0.5195452960881781,
        0.5313157710306188,
        0.49941555394771253,
        0.4913978462523602,
        0.4846785528228638,
        0.4862828904643972,
        0.47222109551125385,
        0.4706385465378457,
        0.4817402182107276,
        0.4709290253355148,
        0.46454449632066364,
        0.45186998298827635,
        0.47235925622442937,
        0.44533920890473305,
        0.45430830485643225,
        0.4411786217638787,
        0.45302794889566744
    ],
    "test_loss": [
        1.2541122883558273,
        1.0940298102796078,
        0.9810362514108419,
        0.8991349395364523,
        0.8508976455777884,
        0.8117593340575695,
        0.7696256563067436,
        0.786310862749815,
        0.7355500608682632,
        0.6988113988190889,
        0.7180641070008278,
        0.680262740701437,
        0.6446787714958191,
        0.631546001881361,
        0.6331101329997182,
        0.6610122565180063,
        0.6137291174381971,
        0.6003144793212414,
        0.5840845769271255,
        0.6067513851448894,
        0.5987927261739969,
        0.5731320157647133,
        0.5616161786019802,
        0.553398797288537,
        0.5462498245760798,
        0.6125804409384727,
        0.540478952229023,
        0.5391860529780388,
        0.5537007199600339,
        0.5391767714172602,
        0.532880324870348,
        0.5242054155096412,
        0.5107014086097479,
        0.5032411301508546,
        0.51151008810848,
        0.49532367661595345,
        0.4935001963749528,
        0.49897973984479904,
        0.48772928677499294,
        0.5033820318058133,
        0.5065198810771108,
        0.5254689566791058,
        0.4948062067851424,
        0.49108001682907343,
        0.5638415655121207
    ],
    "test_accuracy": 0.762,
    "test_class_accuracy": [
        0.7236363636363636,
        0.6239495798319328,
        0.8020618556701031,
        0.8997955010224948
    ],
    "configs": {
        "embedding_dir": "/users/jakhan/scratch/embeddings/",
        "save_dir": "/users/jakhan/scratch/experiments",
        "model": "CLIP",
        "layer": "8",
        "probe": "MLP",
        "dataset_name": "RAVEN",
        "data_config": "center_single",
        "task": "Color",
        "seed": "42",
        "lr": "0.001",
        "batch_size": "64",
        "epochs": "45"
    },
    "classes": {
        "0": "Constant",
        "1": "Progression",
        "2": "Arithmetic",
        "3": "Distribute_Three"
    }
}