{
    "train_loss": [
        1.0998179126293102,
        1.0991316780130913,
        1.0989508223026356,
        1.0987342760917989,
        1.0987313985824585,
        1.0988430101820763,
        1.0987576246261597,
        1.0988444330844473,
        1.0988412461382278,
        1.0987502120910806,
        1.098771201803329,
        1.098775787556425,
        1.098944108536903,
        1.0987353033207832,
        1.0986172848559441,
        1.0986587417886613,
        1.0986043405025563,
        1.0986840826399782,
        1.0986703494761854,
        1.0986356367456152,
        1.0986202346517684,
        1.0985872428467933,
        1.0985524147114856,
        1.0985469095250393,
        1.098551354509719,
        1.0985543398146933,
        1.0985984523245629,
        1.0985482943818925,
        1.0985736961060382,
        1.0985296558826527,
        1.0985536029998293,
        1.0985582546984896,
        1.0985605589886929,
        1.098550575844785,
        1.0985933034978015,
        1.098538156519545,
        1.0985530754353137,
        1.0985767625747842,
        1.0985541800235181,
        1.0985243358510606,
        1.0985518592469237,
        1.0985999411724983,
        1.0985348237321733,
        1.0985260796039662,
        1.0985926744785715
    ],
    "test_loss": [
        1.0992064848542213,
        1.0982555709779263,
        1.0992414467036724,
        1.0983492247760296,
        1.0985204093158245,
        1.0981994606554508,
        1.0980343781411648,
        1.0983549728989601,
        1.0981841757893562,
        1.098815519362688,
        1.0981307215988636,
        1.0979757718741894,
        1.0983066894114017,
        1.0983799956738949,
        1.0981459505856037,
        1.0981418415904045,
        1.0980760492384434,
        1.0982589833438396,
        1.098142396658659,
        1.0982612259685993,
        1.0982584841549397,
        1.0982174314558506,
        1.098140124231577,
        1.0981478728353977,
        1.0981265641748905,
        1.0981571562588215,
        1.098182801157236,
        1.0981716737151146,
        1.0981690622866154,
        1.0981252491474152,
        1.0981167033314705,
        1.0981285274028778,
        1.0981388464570045,
        1.0980613194406033,
        1.098104264587164,
        1.0981283336877823,
        1.0981126576662064,
        1.0980723910033703,
        1.0980349406599998,
        1.0980873331427574,
        1.0981432534754276,
        1.0981242842972279,
        1.0981217920780182,
        1.0981227084994316,
        1.0981335528194904
    ],
    "test_accuracy": 0.3505,
    "test_class_accuracy": [
        0.0,
        0.0,
        1.0
    ],
    "configs": {
        "embedding_dir": "/users/jakhan/scratch/embeddings/",
        "save_dir": "/users/jakhan/scratch/experiments",
        "model": "DINOv3",
        "layer": "0",
        "probe": "MLP",
        "dataset_name": "RAVEN",
        "data_config": "in_center_single_out_center_single",
        "task": "Type_0",
        "seed": "42",
        "lr": "0.001",
        "batch_size": "64",
        "epochs": "45"
    },
    "classes": {
        "0": "Constant",
        "1": "Progression",
        "2": "Distribute_Three"
    }
}