{
    "train_loss": [
        1.3507613704559651,
        1.2813532491947741,
        1.2284764710893021,
        1.1898635600475556,
        1.1544469785183034,
        1.1276204573347213,
        1.1037659099761477,
        1.0822379551035293,
        1.0639252630954092,
        1.0477849961595331,
        1.0304129618279478,
        1.0189244962753135,
        1.0036743708113407,
        0.9909505653888622,
        0.9804548234381574,
        0.9684426537219514,
        0.9645673626280845,
        0.9512325290669786,
        0.9404772044496333,
        0.9332193789329934,
        0.9260804792667957,
        0.9199406301721613,
        0.9102896908496289,
        0.9061443190625373,
        0.8959881986709352,
        0.8892427739944864,
        0.8857318587759708,
        0.8791489842090201,
        0.8732818086096581,
        0.8663574634714329,
        0.8612208639053588,
        0.8559317645874429,
        0.8520131491600199,
        0.8459359001606068,
        0.8407368361949921,
        0.8374963415429947,
        0.8356310978848883,
        0.828833965545005,
        0.824531429625572,
        0.8192608565726178,
        0.8188258149522416,
        0.8115107486856744,
        0.8091501251180121,
        0.8053731353993111,
        0.7996706556766591
    ],
    "test_loss": [
        1.3094767667353153,
        1.2573851197957993,
        1.2195418663322926,
        1.1731994822621346,
        1.1460434459149837,
        1.1195614486932755,
        1.0990980342030525,
        1.0780667550861835,
        1.0655133221298456,
        1.0450362488627434,
        1.0441993698477745,
        1.0182677749544382,
        1.0083233881741762,
        0.9976856708526611,
        0.9834272414445877,
        0.9776899218559265,
        0.9696847815066576,
        0.9547867123037577,
        0.9475913289934397,
        0.9404868166893721,
        0.9303041882812977,
        0.9234689977020025,
        0.9207384642213583,
        0.9174811504781246,
        0.902003837749362,
        0.9037197921425104,
        0.8924352303147316,
        0.8900817278772593,
        0.8834207337349653,
        0.8750234432518482,
        0.8695094343274832,
        0.8679655734449625,
        0.8622606582939625,
        0.8544430751353502,
        0.8565852381289005,
        0.8472786098718643,
        0.8444186132401228,
        0.8389456532895565,
        0.8369642440229654,
        0.8316304981708527,
        0.8303053546696901,
        0.8213102240115404,
        0.824944119900465,
        0.8219478484243155,
        0.8244829662144184
    ],
    "test_accuracy": 0.671,
    "test_class_accuracy": [
        0.7763636363636364,
        0.7247899159663865,
        0.7030927835051546,
        0.46830265848670755
    ],
    "configs": {
        "embedding_dir": "/users/jakhan/scratch/embeddings/",
        "save_dir": "/users/jakhan/scratch/experiments",
        "model": "CLIP",
        "layer": "10",
        "probe": "linear",
        "dataset_name": "RAVEN",
        "data_config": "center_single",
        "task": "Color",
        "seed": "42",
        "lr": "0.001",
        "batch_size": "64",
        "epochs": "45"
    },
    "classes": {
        "0": "Constant",
        "1": "Progression",
        "2": "Arithmetic",
        "3": "Distribute_Three"
    }
}