{
    "train_loss": [
        1.3881568528236228,
        1.3833986685631123,
        1.375385123364469,
        1.3593957817300837,
        1.3425701983431553,
        1.328152689527958,
        1.3183663690343816,
        1.3081734814542405,
        1.2974187414696876,
        1.287338524422747,
        1.2845186679921252,
        1.280682770495719,
        1.2743169500472697,
        1.2724688433586282,
        1.264161376242942,
        1.2618156240341512,
        1.2542862613150414,
        1.2557340289684051,
        1.2495624346936003,
        1.2473451342988522,
        1.2431783422510674,
        1.2400058495237472,
        1.2347861794715231,
        1.2392629790813365,
        1.2355611806220197,
        1.2255252029033417,
        1.2242872359904837,
        1.2184380457756367,
        1.2187053332937525,
        1.215253878147044,
        1.2122979265578249,
        1.2073901270298248,
        1.2048601457413206,
        1.2033822840832649,
        1.2046213530479593,
        1.1956390129758956,
        1.1917899542666497,
        1.1953510692779055,
        1.1873774363639507,
        1.184237093367475,
        1.1826877834949088,
        1.1772456930038777,
        1.1757872142690293,
        1.169164902352272,
        1.1695934572118394
    ],
    "test_loss": [
        1.382710613310337,
        1.3772323541343212,
        1.3715721853077412,
        1.3466470688581467,
        1.3347403593361378,
        1.3206460773944855,
        1.3090254068374634,
        1.305326882749796,
        1.2956515550613403,
        1.2945351414382458,
        1.2800043933093548,
        1.2756572291254997,
        1.2758311070501804,
        1.2802370451390743,
        1.2609126083552837,
        1.2841678448021412,
        1.2545110769569874,
        1.2574931532144547,
        1.254912357777357,
        1.2534945756196976,
        1.2433540113270283,
        1.2401808500289917,
        1.2377974316477776,
        1.2384165190160275,
        1.2332119643688202,
        1.2274198681116104,
        1.2369546256959438,
        1.2341221049427986,
        1.2316321283578873,
        1.215583935379982,
        1.2282932996749878,
        1.2122344970703125,
        1.2100903876125813,
        1.203720886260271,
        1.2010077759623528,
        1.2104682065546513,
        1.1976389177143574,
        1.2007275335490704,
        1.197112012654543,
        1.2151823490858078,
        1.2032044641673565,
        1.1871613077819347,
        1.2019124925136566,
        1.1805119961500168,
        1.1743684448301792
    ],
    "test_accuracy": 0.4675,
    "test_class_accuracy": [
        0.3803680981595092,
        0.5403377110694184,
        0.7117903930131004,
        0.25961538461538464
    ],
    "configs": {
        "embedding_dir": "/users/jakhan/scratch/embeddings/",
        "save_dir": "/users/jakhan/scratch/experiments",
        "model": "CLIP",
        "layer": "8",
        "probe": "MLP",
        "dataset_name": "RAVEN",
        "data_config": "in_center_single_out_center_single",
        "task": "Size_1",
        "seed": "42",
        "lr": "0.001",
        "batch_size": "64",
        "epochs": "45"
    },
    "classes": {
        "0": "Constant",
        "1": "Progression",
        "2": "Arithmetic",
        "3": "Distribute_Three"
    }
}