{
    "train_loss": [
        1.0598688448997253,
        0.9906911938748462,
        0.9438668926979633,
        0.9056504140508935,
        0.8763167509373199,
        0.8519222463699098,
        0.829135941698196,
        0.8108333406296182,
        0.7908391413536477,
        0.7753361647433423,
        0.7615327917514964,
        0.7470508408039174,
        0.7357083020058084,
        0.7224298595113957,
        0.7115942804103202,
        0.7011650528045411,
        0.6923369987213865,
        0.6813829389024288,
        0.672230250023781,
        0.6659573202437543,
        0.658210130448037,
        0.6490171754613836,
        0.6427006233245769,
        0.6357893113126146,
        0.6285982778731812,
        0.6220213200183625,
        0.6163047352369796,
        0.6118914992251294,
        0.6062832731515804,
        0.6009176335436233,
        0.5943447471933162,
        0.5910227504816461,
        0.5849136234597957,
        0.5813722813383062,
        0.5767046523855087,
        0.5716875445969561,
        0.567399743706622,
        0.5633152168481907,
        0.5617714448178068,
        0.5552095808881394,
        0.5517144973607774,
        0.5482388607999111,
        0.5456312577775184,
        0.5407645515304931,
        0.5385518911037039
    ],
    "test_loss": [
        1.0229082591831684,
        0.966679286211729,
        0.9298083689063787,
        0.9003403261303902,
        0.866610636934638,
        0.8527834806591272,
        0.8240194171667099,
        0.8061064723879099,
        0.7920318450778723,
        0.7759496364742517,
        0.764414481818676,
        0.7500752918422222,
        0.7382071763277054,
        0.7273960337042809,
        0.7244366090744734,
        0.7064168769866228,
        0.6972021423280239,
        0.6899057161062956,
        0.6826650220900774,
        0.6757875476032495,
        0.6653737239539623,
        0.6671665664762259,
        0.652581037953496,
        0.6451298724859953,
        0.6392812728881836,
        0.6336189862340689,
        0.6277695372700691,
        0.6218286100775003,
        0.6190675124526024,
        0.6156989503651857,
        0.6074846871197224,
        0.6080810856074095,
        0.5979248732328415,
        0.5947540132328868,
        0.6036821538582444,
        0.5857232296839356,
        0.5831087557598948,
        0.584033815190196,
        0.5738051189109683,
        0.5708176717162132,
        0.5674335462972522,
        0.5648868158459663,
        0.5596357677131891,
        0.556305737234652,
        0.5588170597329736
    ],
    "test_accuracy": 0.7725,
    "test_class_accuracy": [
        0.8571428571428571,
        0.6484018264840182,
        0.8092399403874814
    ],
    "configs": {
        "embedding_dir": "/users/jakhan/scratch/embeddings/",
        "save_dir": "/users/jakhan/scratch/experiments",
        "model": "CLIP",
        "layer": "10",
        "probe": "linear",
        "dataset_name": "RAVEN",
        "data_config": "center_single",
        "task": "Type",
        "seed": "42",
        "lr": "0.001",
        "batch_size": "64",
        "epochs": "45"
    },
    "classes": {
        "0": "Constant",
        "1": "Progression",
        "2": "Distribute_Three"
    }
}