{
    "train_loss": [
        1.3837897130783567,
        1.3774026860582067,
        1.370271696689281,
        1.3655448137445654,
        1.3596239952330893,
        1.3540763170161145,
        1.3502161756474922,
        1.3444569808371523,
        1.3416726677975757,
        1.3375843725305923,
        1.3345045891213925,
        1.3320898045884801,
        1.327715738022581,
        1.3245547997190597,
        1.3218449544399342,
        1.3183073515587664,
        1.3173002296305718,
        1.3139651975733169,
        1.311321420872465,
        1.309184270970365,
        1.3066725629441283,
        1.304457613762389,
        1.302871711710666,
        1.3019630883602387,
        1.298591492023874,
        1.2957719944893045,
        1.295565588677183,
        1.2930416223850656,
        1.2916277266563254,
        1.2898167371749878,
        1.2869994221849645,
        1.2854982259425711,
        1.2844007192774023,
        1.282236967949157,
        1.2797072783429573,
        1.2795151155045692,
        1.2787052798778453,
        1.2758947610855103,
        1.2750929391130488,
        1.2720653440089935,
        1.272682395387203,
        1.2710529616538515,
        1.2685278210234134,
        1.2689839969290064,
        1.267141285094809
    ],
    "test_loss": [
        1.3789007999002934,
        1.373811561614275,
        1.3702042885124683,
        1.3620037399232388,
        1.3581068962812424,
        1.3513847552239895,
        1.3502979949116707,
        1.3428790494799614,
        1.3395296707749367,
        1.338145237416029,
        1.3441479988396168,
        1.3305870033800602,
        1.331998486071825,
        1.3244673795998096,
        1.3206486627459526,
        1.3194724433124065,
        1.3205777071416378,
        1.3185249269008636,
        1.3118403479456902,
        1.310698289424181,
        1.3062401339411736,
        1.3086233995854855,
        1.304244477301836,
        1.3023152202367783,
        1.3009499572217464,
        1.2974024638533592,
        1.295101672410965,
        1.2963221222162247,
        1.2971389181911945,
        1.2903214171528816,
        1.2882145158946514,
        1.2908857353031635,
        1.2879156209528446,
        1.2847579345107079,
        1.2880759723484516,
        1.2811716422438622,
        1.2818282581865788,
        1.281478825956583,
        1.2790690995752811,
        1.2809325642883778,
        1.2771384939551353,
        1.2741477712988853,
        1.2836505435407162,
        1.2770332992076874,
        1.2724010422825813
    ],
    "test_accuracy": 0.4165,
    "test_class_accuracy": [
        0.34545454545454546,
        0.634453781512605,
        0.3525773195876289,
        0.3476482617586912
    ],
    "configs": {
        "embedding_dir": "/users/jakhan/scratch/embeddings/",
        "save_dir": "/users/jakhan/scratch/experiments",
        "model": "CLIP",
        "layer": "4",
        "probe": "linear",
        "dataset_name": "RAVEN",
        "data_config": "center_single",
        "task": "Color",
        "seed": "42",
        "lr": "0.001",
        "batch_size": "64",
        "epochs": "45"
    },
    "classes": {
        "0": "Constant",
        "1": "Progression",
        "2": "Arithmetic",
        "3": "Distribute_Three"
    }
}