{
    "train_loss": [
        1.0656526862306799,
        1.0046970317972468,
        0.9573233774367799,
        0.9159528175567059,
        0.8823453758625274,
        0.8527267372354548,
        0.8261973534492736,
        0.8035332256175102,
        0.7838000807356327,
        0.7640917890883506,
        0.7480779632608942,
        0.7319222238469631,
        0.7174805833938274,
        0.7039809613785846,
        0.6908005945225979,
        0.6781899345682022,
        0.6681400302876818,
        0.6569505162695621,
        0.6483017117419141,
        0.6384648205117976,
        0.6303063960785561,
        0.6217074184975726,
        0.6138198692747887,
        0.6052686166256032,
        0.599521945131586,
        0.5930718256438032,
        0.5837752872959097,
        0.5782036565719767,
        0.5716489505894641,
        0.5657200068235397,
        0.5604144813532524,
        0.5562016773731151,
        0.548569954456167,
        0.5444370825239953,
        0.5406966767412551,
        0.5348269409955816,
        0.5297654391603267,
        0.526571014143051,
        0.5217983408811244,
        0.5184368205831406,
        0.5140121778909196,
        0.5094684882366911,
        0.5052730780332646,
        0.5009472433556902,
        0.49735262641247285
    ],
    "test_loss": [
        1.0362374410033226,
        0.9879816770553589,
        0.9479663763195276,
        0.9194319825619459,
        0.8823498375713825,
        0.8601026423275471,
        0.8343414068222046,
        0.821430204436183,
        0.7939035389572382,
        0.7756535895168781,
        0.7747691608965397,
        0.7460571397095919,
        0.7349514756351709,
        0.7224047984927893,
        0.7087249886244535,
        0.6971310693770647,
        0.684318020939827,
        0.6742467787116766,
        0.6660274788737297,
        0.6617132071405649,
        0.6466383207589388,
        0.638710742816329,
        0.6334477793425322,
        0.6252738554030657,
        0.6159134451299906,
        0.6086479835212231,
        0.6043657148256898,
        0.5987991606816649,
        0.5900903781875968,
        0.5848149219527841,
        0.5787438424304128,
        0.5725439125671983,
        0.5672838017344475,
        0.5622168062254786,
        0.5574601097032428,
        0.5530053721740842,
        0.5476013887673616,
        0.5458284560590982,
        0.5399972051382065,
        0.5352148246020079,
        0.5322928000241518,
        0.5270250989124179,
        0.523842228576541,
        0.519823937676847,
        0.5153996292501688
    ],
    "test_accuracy": 0.817,
    "test_class_accuracy": [
        0.9467084639498433,
        0.7155824508320726,
        0.7945791726105563
    ],
    "configs": {
        "embedding_dir": "/users/jakhan/scratch/embeddings/",
        "save_dir": "/users/jakhan/scratch/experiments",
        "model": "CLIP",
        "layer": "10",
        "probe": "linear",
        "dataset_name": "RAVEN",
        "data_config": "in_center_single_out_center_single",
        "task": "Type_0",
        "seed": "42",
        "lr": "0.001",
        "batch_size": "64",
        "epochs": "45"
    },
    "classes": {
        "0": "Constant",
        "1": "Progression",
        "2": "Distribute_Three"
    }
}