{
    "train_loss": [
        1.4332782537379163,
        1.368731028222023,
        1.3870059873195404,
        1.339625804982287,
        1.3300288370315065,
        1.331675466070784,
        1.3161873627216258,
        1.313280723196395,
        1.296305482691907,
        1.2956643586463117,
        1.2922624248139403,
        1.290808469691175,
        1.2963985014469066,
        1.2853788974437308,
        1.2775270051144538,
        1.278862291194023,
        1.2730648504926803,
        1.2652731930955927,
        1.2543364636441494,
        1.2529994401525943,
        1.2535150951527534,
        1.2543007376346182,
        1.245325580556342,
        1.234151264454456,
        1.233804352740024,
        1.223088466106577,
        1.2201908915600879,
        1.2190338297093168,
        1.2121720402798755,
        1.2108309687452112,
        1.206831656871958,
        1.2012584868897782,
        1.2151522205231038,
        1.177763524207663,
        1.1800315342050918,
        1.1703130171654073,
        1.1821144977782636,
        1.1746040823611807,
        1.161076899538649,
        1.1614408695951421,
        1.148543379408248,
        1.162739265472331,
        1.1693972196984799,
        1.181830531739174,
        1.1438351286218522
    ],
    "test_loss": [
        1.3807957172393799,
        1.3987733758985996,
        1.405225470662117,
        1.342683169990778,
        1.3209665156900883,
        1.3023244254291058,
        1.3390249200165272,
        1.3273016065359116,
        1.2785474061965942,
        1.3415499813854694,
        1.2742560394108295,
        1.2734105587005615,
        1.3199016936123371,
        1.3314651101827621,
        1.27977804094553,
        1.2702065035700798,
        1.2840226851403713,
        1.2942967489361763,
        1.3481292948126793,
        1.2343957722187042,
        1.2384141683578491,
        1.28154718875885,
        1.2595541216433048,
        1.232858832925558,
        1.225246887654066,
        1.2389838322997093,
        1.239719569683075,
        1.279485110193491,
        1.2389584258198738,
        1.1921900138258934,
        1.1943073496222496,
        1.2184293903410435,
        1.1915837153792381,
        1.20331821590662,
        1.1735066920518875,
        1.2343930527567863,
        1.1730585619807243,
        1.1686770394444466,
        1.2087941616773605,
        1.1586213111877441,
        1.1456014215946198,
        1.1706676706671715,
        1.242145050317049,
        1.1663839854300022,
        1.185236893594265
    ],
    "test_accuracy": 0.453,
    "test_class_accuracy": [
        0.5988142292490118,
        0.18582375478927204,
        0.6728395061728395,
        0.3683127572016461
    ],
    "configs": {
        "embedding_dir": "/users/jakhan/scratch/embeddings/",
        "save_dir": "/users/jakhan/scratch/experiments",
        "model": "DINOv3",
        "layer": "8",
        "probe": "MLP",
        "dataset_name": "RAVEN",
        "data_config": "center_single",
        "task": "Size",
        "seed": "42",
        "lr": "0.001",
        "batch_size": "64",
        "epochs": "45"
    },
    "classes": {
        "0": "Constant",
        "1": "Progression",
        "2": "Arithmetic",
        "3": "Distribute_Three"
    }
}