{
    "train_loss": [
        1.4002053839095094,
        1.3634510129056079,
        1.3506867467088903,
        1.3465841754953911,
        1.3376707675609183,
        1.3268349893549656,
        1.313627486533307,
        1.3168746055440699,
        1.3060017050580774,
        1.2949222567233634,
        1.2824077973974513,
        1.2790336266477058,
        1.2685785788170836,
        1.2670035108606865,
        1.256465787583209,
        1.251201925125528,
        1.2459630382821916,
        1.2337132400654731,
        1.2308293175190053,
        1.2312293762856341,
        1.219629202751403,
        1.2167311234677092,
        1.2126501709856885,
        1.2043951255209902,
        1.190388482935885,
        1.1962198298028175,
        1.185233551136991,
        1.186985488901747,
        1.1908542450438155,
        1.1809031050255958,
        1.1712929403528254,
        1.1701376260595118,
        1.1718702202147626,
        1.1599695498638964,
        1.1567897200584412,
        1.1669480001672785,
        1.153166501445973,
        1.1628950758183256,
        1.1638673264929589,
        1.1630993130359244,
        1.1682318220747279,
        1.1498987370348992,
        1.1520356358365809,
        1.1496230363845825,
        1.1399058794721644
    ],
    "test_loss": [
        1.3619425669312477,
        1.3643397353589535,
        1.3381890319287777,
        1.3509069830179214,
        1.3910498656332493,
        1.3219020999968052,
        1.3187016919255257,
        1.3148259557783604,
        1.3036354593932629,
        1.2984172478318214,
        1.294790256768465,
        1.2810158506035805,
        1.2730887308716774,
        1.2772586420178413,
        1.2844884619116783,
        1.269203808158636,
        1.2816758379340172,
        1.2519230879843235,
        1.240663181990385,
        1.2566675692796707,
        1.2675471045076847,
        1.2589761205017567,
        1.2539156414568424,
        1.2254313342273235,
        1.2297111488878727,
        1.2354621402919292,
        1.2143734768033028,
        1.2156615778803825,
        1.2587226144969463,
        1.2310998030006886,
        1.2303523495793343,
        1.2241032607853413,
        1.2593256942927837,
        1.2146562710404396,
        1.1967256180942059,
        1.2122678644955158,
        1.2206078544259071,
        1.2557932622730732,
        1.2790810279548168,
        1.2840033918619156,
        1.1978167332708836,
        1.19699177891016,
        1.1928314790129662,
        1.1924541778862476,
        1.1773304678499699
    ],
    "test_accuracy": 0.471,
    "test_class_accuracy": [
        0.44288577154308617,
        0.46095238095238095,
        0.5995893223819302,
        0.3824130879345603
    ],
    "configs": {
        "embedding_dir": "/users/jakhan/scratch/embeddings/",
        "save_dir": "/users/jakhan/scratch/experiments",
        "model": "DINOv3",
        "layer": "6",
        "probe": "MLP",
        "dataset_name": "RAVEN",
        "data_config": "in_center_single_out_center_single",
        "task": "Color_1",
        "seed": "42",
        "lr": "0.001",
        "batch_size": "64",
        "epochs": "45"
    },
    "classes": {
        "0": "Constant",
        "1": "Progression",
        "2": "Arithmetic",
        "3": "Distribute_Three"
    }
}