{
    "train_loss": [
        1.0882755137504416,
        1.0636626063509191,
        1.0482719026981515,
        1.029119920857409,
        1.014549857758461,
        0.9963319117718554,
        1.0011639842327604,
        0.9765316888372949,
        0.9563230859472397,
        0.9675956393810029,
        0.9478403088894296,
        0.9324942237519204,
        0.9142982446132822,
        0.9121734354090183,
        0.905861329525075,
        0.8823785953065182,
        0.9022650686984367,
        0.8636122345924377,
        0.8729219341531713,
        0.8624898759608574,
        0.8530480531935997,
        0.8485207912769723,
        0.8585855789641117,
        0.8415247816988762,
        0.8448728570278655,
        0.836283841665755,
        0.8239244032413402,
        0.8213066883543705,
        0.8223187035702645,
        0.8032545073235289,
        0.8093881651442102,
        0.7929681526853684,
        0.8131455335211246,
        0.8072585457182945,
        0.785276636798331,
        0.7777705573021098,
        0.7748779140888377,
        0.7769426760521341,
        0.7755848733668632,
        0.7678957733702152,
        0.7735416198030431,
        0.7581556883264096,
        0.7589856379843772,
        0.7708202194660267,
        0.741203026568636
    ],
    "test_loss": [
        1.0766153559088707,
        1.0683447793126106,
        1.04185258038342,
        1.0928846839815378,
        1.0078760460019112,
        1.0030904915183783,
        1.0036978665739298,
        0.9715117365121841,
        0.9530626051127911,
        1.1157443094998598,
        0.9645457249134779,
        0.9442859161645174,
        0.9116525202989578,
        0.9204086270183325,
        0.8898643460124731,
        0.8811596650630236,
        0.8714930322021246,
        0.8920872546732426,
        0.901765463873744,
        0.8711711876094341,
        0.8402162548154593,
        0.8410506248474121,
        0.8554222267121077,
        0.8644622918218374,
        0.8709694128483534,
        0.834207683801651,
        0.8106719367206097,
        0.8218078594654799,
        0.8297796435654163,
        0.7938073314726353,
        0.794863173738122,
        0.8134742733091116,
        0.9380319379270077,
        0.8287060018628836,
        0.7961471695452929,
        0.8470047619193792,
        0.8691172227263451,
        0.7711757365614176,
        0.7762764040380716,
        0.7721920441836119,
        0.7588621377944946,
        0.7705674357712269,
        0.762260377407074,
        0.7593447919934988,
        0.7523117680102587
    ],
    "test_accuracy": 0.651,
    "test_class_accuracy": [
        0.7723214285714286,
        0.6742770167427702,
        0.5067064083457526
    ],
    "configs": {
        "embedding_dir": "/users/jakhan/scratch/embeddings/",
        "save_dir": "/users/jakhan/scratch/experiments",
        "model": "DINOv3",
        "layer": "6",
        "probe": "MLP",
        "dataset_name": "RAVEN",
        "data_config": "center_single",
        "task": "Type",
        "seed": "42",
        "lr": "0.001",
        "batch_size": "64",
        "epochs": "45"
    },
    "classes": {
        "0": "Constant",
        "1": "Progression",
        "2": "Distribute_Three"
    }
}