{
    "train_loss": [
        1.300631065317925,
        1.1034263353398506,
        0.9765412407986661,
        0.9199722168293405,
        0.8618731264104235,
        0.8131967383496305,
        0.7758093787000534,
        0.7583727430790028,
        0.7289565338733348,
        0.708887315176903,
        0.6896022247507217,
        0.6820400965974686,
        0.6738259611611671,
        0.6513194942728002,
        0.6429204138669562,
        0.6262200969330808,
        0.6288744594822538,
        0.610108088305656,
        0.59875717632314,
        0.5861863012009478,
        0.5907096146269047,
        0.5844042123632228,
        0.5797858079697223,
        0.5583067270035439,
        0.5651063028168171,
        0.5495689416185339,
        0.5364323198161227,
        0.536534235198447,
        0.5346275507769687,
        0.5605431498682245,
        0.5229070421229017,
        0.512997807974511,
        0.5100166578876212,
        0.5116963811377262,
        0.4940535010809594,
        0.503340649477979,
        0.5104078152712356,
        0.5002591105851721,
        0.49346795487911144,
        0.48457683844769256,
        0.4906376486128949,
        0.46928302563251334,
        0.4681369427670824,
        0.46363263941825705,
        0.48086776885580507
    ],
    "test_loss": [
        1.1844332590699196,
        1.0195595175027847,
        0.9277695436030626,
        0.866033149883151,
        0.8546518627554178,
        0.7928257323801517,
        0.7635923661291599,
        0.7816131748259068,
        0.7140876743942499,
        0.697458891198039,
        0.7500560469925404,
        0.6739421803504229,
        0.6492775268852711,
        0.6557921776548028,
        0.6668381737545133,
        0.6876617409288883,
        0.6329203108325601,
        0.6118278447538614,
        0.5933762732893229,
        0.7197037134319544,
        0.5955474637448788,
        0.5903637483716011,
        0.5717523349449039,
        0.5622980576008558,
        0.5965168504044414,
        0.5907129859551787,
        0.5514020854607224,
        0.5522661535069346,
        0.5651049362495542,
        0.5776488007977605,
        0.5412875851616263,
        0.5423142947256565,
        0.5757487248629332,
        0.5359717607498169,
        0.5576913561671972,
        0.548991366289556,
        0.5270633604377508,
        0.5428513688966632,
        0.5224634176120162,
        0.521633786149323,
        0.5154063887894154,
        0.512773934751749,
        0.5260026808828115,
        0.5172948287799954,
        0.5395608991384506
    ],
    "test_accuracy": 0.7805,
    "test_class_accuracy": [
        0.8145454545454546,
        0.6554621848739496,
        0.8350515463917526,
        0.8098159509202454
    ],
    "configs": {
        "embedding_dir": "/users/jakhan/scratch/embeddings/",
        "save_dir": "/users/jakhan/scratch/experiments",
        "model": "CLIP",
        "layer": "10",
        "probe": "MLP",
        "dataset_name": "RAVEN",
        "data_config": "center_single",
        "task": "Color",
        "seed": "42",
        "lr": "0.001",
        "batch_size": "64",
        "epochs": "45"
    },
    "classes": {
        "0": "Constant",
        "1": "Progression",
        "2": "Arithmetic",
        "3": "Distribute_Three"
    }
}