{
    "train_loss": [
        1.4047430360570867,
        1.0958135280203312,
        1.0882559431360124,
        1.0824766615603834,
        1.0721174770213189,
        1.0696631752430124,
        1.0859805789399655,
        1.0852921376837061,
        1.0500342902985025,
        1.0462461177338944,
        1.0342454605914178,
        1.042638636015831,
        1.0358898626997115,
        1.0392179806181725,
        1.0388680189213855,
        1.037245806861431,
        1.0280860307368827,
        1.0261564172328788,
        1.020472802380298,
        1.0163427591323853,
        1.0128285739016025,
        1.0112071259224669,
        1.0010123455778082,
        1.0064825853134722,
        0.9948357159787036,
        1.0031774716174349,
        0.9891872792801959,
        1.0015598985743015,
        0.9920853680752694,
        0.9884660833693565,
        1.00001464181758,
        0.996062788557499,
        0.9962406437447731,
        0.9919635945178092,
        0.9997883591246097,
        0.976144901615508,
        1.0073524535970484,
        0.9886101858412966,
        0.9804679611895947,
        0.9754263004089924,
        0.9766612572872893,
        0.9848720577168972,
        0.9705084689120029,
        0.9706980034391931,
        0.9733003593505697
    ],
    "test_loss": [
        1.1165504343807697,
        1.093776747584343,
        1.0887133181095123,
        1.0709149204194546,
        1.0682510510087013,
        1.0640712343156338,
        1.103602647781372,
        1.049692563712597,
        1.0685966238379478,
        1.0807329379022121,
        1.0566169675439596,
        1.0959926843643188,
        1.076364004984498,
        1.051167342811823,
        1.0362526625394821,
        1.0930182132869959,
        1.0652626752853394,
        1.017994910478592,
        1.0328126605600119,
        1.0417071674019098,
        1.0205851811915636,
        1.015209898352623,
        1.0221775323152542,
        1.0157285444438457,
        1.0636333394795656,
        1.0442003440111876,
        1.0260464884340763,
        1.0461112949997187,
        0.9954819325357676,
        1.0060367360711098,
        0.9943158347159624,
        1.0336797088384628,
        1.0036127660423517,
        1.1192257534712553,
        0.9990688674151897,
        0.9866050221025944,
        1.0421331003308296,
        0.9839515741914511,
        0.986667275428772,
        1.017926886677742,
        1.0066763553768396,
        1.0175295807421207,
        0.989050880074501,
        0.9861735813319683,
        0.9918969329446554
    ],
    "test_accuracy": 0.505,
    "test_class_accuracy": [
        0.41253644314868804,
        0.7245053272450532,
        0.3820395738203957
    ],
    "configs": {
        "embedding_dir": "/users/jakhan/scratch/embeddings/",
        "save_dir": "/users/jakhan/scratch/experiments",
        "model": "DINOv3",
        "layer": "8",
        "probe": "linear",
        "dataset_name": "RAVEN",
        "data_config": "in_center_single_out_center_single",
        "task": "Type_1",
        "seed": "42",
        "lr": "0.001",
        "batch_size": "64",
        "epochs": "45"
    },
    "classes": {
        "0": "Constant",
        "1": "Progression",
        "2": "Distribute_Three"
    }
}