{
    "train_loss": [
        1.3757390354542023,
        1.3305180935149497,
        1.2961526563827028,
        1.274027520037712,
        1.2448513381024624,
        1.2268294514493738,
        1.2093615608012422,
        1.1984102814755542,
        1.1848027642737045,
        1.1742160434418536,
        1.1737316973665928,
        1.1580283286723685,
        1.1597451935423182,
        1.1555683346504861,
        1.1439943656008293,
        1.1273004869197278,
        1.1209494966141722,
        1.1232655314688986,
        1.1153754801192182,
        1.1135928427919428,
        1.1094587971555425,
        1.101283405055391,
        1.1000657455718263,
        1.0973337850672134,
        1.0814140305874196,
        1.0816921439576657,
        1.0761399636877345,
        1.0723017695102286,
        1.0589914727718273,
        1.051011639706632,
        1.053484207772194,
        1.034730780631938,
        1.0345131926080013,
        1.029651255683696,
        1.0469827303226957,
        1.0288379433307242,
        1.0254909979536178,
        1.0196396429488,
        1.0099172864822632,
        1.0047821269390431,
        1.0039065790937303,
        1.0028955815954412,
        1.0060151365209133,
        0.9980945777385792,
        0.9907196880655086
    ],
    "test_loss": [
        1.360856506973505,
        1.3219305574893951,
        1.2746069692075253,
        1.2502839863300323,
        1.2335798889398575,
        1.2345212623476982,
        1.195974811911583,
        1.221129547804594,
        1.181952327489853,
        1.1691786274313927,
        1.1663633808493614,
        1.2230506166815758,
        1.1761825941503048,
        1.1590689457952976,
        1.1518499180674553,
        1.1334354672580957,
        1.1321459151804447,
        1.1437444370239973,
        1.1368385553359985,
        1.1157526355236769,
        1.1260843109339476,
        1.1390584576874971,
        1.1584268119186163,
        1.1131184995174408,
        1.1126071643084288,
        1.1102146171033382,
        1.0884188208729029,
        1.1160243432968855,
        1.0905783474445343,
        1.0795098561793566,
        1.104522729292512,
        1.0774827878922224,
        1.0739131458103657,
        1.0797492153942585,
        1.0656005516648293,
        1.1291822344064713,
        1.0943907294422388,
        1.073514934629202,
        1.115819439291954,
        1.0604751147329807,
        1.0464586652815342,
        1.0732424966990948,
        1.0528557058423758,
        1.0704478584229946,
        1.0933330841362476
    ],
    "test_accuracy": 0.5125,
    "test_class_accuracy": [
        0.4308617234468938,
        0.37714285714285717,
        0.839835728952772,
        0.41513292433537835
    ],
    "configs": {
        "embedding_dir": "/users/jakhan/scratch/embeddings/",
        "save_dir": "/users/jakhan/scratch/experiments",
        "model": "CLIP",
        "layer": "10",
        "probe": "MLP",
        "dataset_name": "RAVEN",
        "data_config": "in_center_single_out_center_single",
        "task": "Color_1",
        "seed": "42",
        "lr": "0.001",
        "batch_size": "64",
        "epochs": "45"
    },
    "classes": {
        "0": "Constant",
        "1": "Progression",
        "2": "Arithmetic",
        "3": "Distribute_Three"
    }
}