{
    "train_loss": [
        1.0762328042628917,
        1.053767041323033,
        1.055530663500441,
        1.0532341079509004,
        1.05249574082963,
        1.0510661430815433,
        1.0517283221508593,
        1.0513677876046363,
        1.052014319820607,
        1.0506436590184556,
        1.0484199232243476,
        1.0486729227482003,
        1.048063671335261,
        1.0478230721138893,
        1.047394443699654,
        1.0473305716159496,
        1.046483781109465,
        1.0469582309114172,
        1.0451366318033097,
        1.0463010579981702,
        1.0449851041144513,
        1.0443576555302803,
        1.0435111871425142,
        1.0439296390147919,
        1.0431502816524911,
        1.0421170636694481,
        1.0433477435974365,
        1.042265679608,
        1.0407515497917825,
        1.0431658397329615,
        1.041872576196143,
        1.041070187979556,
        1.0401083211949531,
        1.0393760337474498,
        1.0413617377585553,
        1.0409347040856138,
        1.0398914554017655,
        1.0390146958067061,
        1.0380670846776758,
        1.037815346996835,
        1.0378602603648572,
        1.0384428196765008,
        1.038708451580494,
        1.0399805738570842,
        1.0367851732893194
    ],
    "test_loss": [
        1.0665737986564636,
        1.0656481105834246,
        1.0637617334723473,
        1.062241517007351,
        1.0622643511742353,
        1.0605799667537212,
        1.064339255914092,
        1.063542703166604,
        1.0597597975283861,
        1.0632461924105883,
        1.0626647472381592,
        1.0588876586407423,
        1.0612661074846983,
        1.0607344843447208,
        1.0599579308182001,
        1.0635544024407864,
        1.0575248878449202,
        1.056831929832697,
        1.0583321303129196,
        1.0646206736564636,
        1.0578395258635283,
        1.0563946347683668,
        1.0574923232197762,
        1.0576486252248287,
        1.0557241030037403,
        1.0542957410216331,
        1.0562479924410582,
        1.061005923897028,
        1.0534459725022316,
        1.057941110804677,
        1.055110750719905,
        1.0535848531872034,
        1.0544125605374575,
        1.0556308720260859,
        1.0523322820663452,
        1.0530710630118847,
        1.0532329250127077,
        1.05259988643229,
        1.0537531413137913,
        1.0529211461544037,
        1.05706693418324,
        1.0521479826420546,
        1.0549040865153074,
        1.0535691231489182,
        1.0512194111943245
    ],
    "test_accuracy": 0.4015,
    "test_class_accuracy": [
        0.2707808564231738,
        0.0,
        0.75
    ],
    "configs": {
        "embedding_dir": "/users/jakhan/scratch/embeddings/",
        "save_dir": "/users/jakhan/scratch/experiments",
        "model": "DINOv3",
        "layer": "2",
        "probe": "linear",
        "dataset_name": "RAVEN",
        "data_config": "in_center_single_out_center_single",
        "task": "Size_0",
        "seed": "42",
        "lr": "0.001",
        "batch_size": "64",
        "epochs": "45"
    },
    "classes": {
        "0": "Constant",
        "1": "Progression",
        "2": "Distribute_Three"
    }
}