{
    "train_loss": [
        1.0934994994325842,
        1.0729329180210194,
        1.0560741627469976,
        1.0396187730292057,
        1.0269613399150523,
        1.0152593882794076,
        1.0017803805939696,
        0.9909685799416076,
        0.9810881760526211,
        0.9708895011151091,
        0.9623054576681015,
        0.9541359309186327,
        0.9469439063934569,
        0.9399296964736695,
        0.9324564229934773,
        0.9263227791228192,
        0.9201830663579575,
        0.914358784543707,
        0.9082662881688869,
        0.9033673202737849,
        0.8995519324820093,
        0.893500675546362,
        0.8894491753679641,
        0.8846828848757642,
        0.8799732035778939,
        0.8752964785758485,
        0.8716717000971449,
        0.8683097831746365,
        0.8633650344737033,
        0.8608949926305325,
        0.8576715886592865,
        0.8538297173824716,
        0.8502965683632708,
        0.8473482252435481,
        0.8441850796658942,
        0.8409064399435165,
        0.8375435408125532,
        0.8348113900803505,
        0.8340810518315498,
        0.829975334887809,
        0.8262286496923325,
        0.8240101711547121,
        0.82237131798521,
        0.8181856686764575,
        0.8171152542246148
    ],
    "test_loss": [
        1.0837948471307755,
        1.065980602055788,
        1.0490745939314365,
        1.0388605929911137,
        1.025995833799243,
        1.0121154114603996,
        1.0020918752998114,
        0.9920034892857075,
        0.9824262950569391,
        0.9745959863066673,
        0.966785391792655,
        0.960081871598959,
        0.9519306477159262,
        0.9470229223370552,
        0.9439612794667482,
        0.93358488753438,
        0.928603170439601,
        0.9235258065164089,
        0.9204857889562845,
        0.9159398358315229,
        0.9100682288408279,
        0.9095852337777615,
        0.9045278672128916,
        0.8961265869438648,
        0.8931913301348686,
        0.8880900200456381,
        0.8870318550616503,
        0.8809154182672501,
        0.8797885365784168,
        0.8744106087833643,
        0.8721125610172749,
        0.8689575605094433,
        0.8654082957655191,
        0.8624671883881092,
        0.8664167933166027,
        0.8573191910982132,
        0.8538597747683525,
        0.85536845959723,
        0.8491325192153454,
        0.8467391040176153,
        0.8466125763952732,
        0.841769015416503,
        0.8395638577640057,
        0.8370162956416607,
        0.8412654642015696
    ],
    "test_accuracy": 0.629,
    "test_class_accuracy": [
        0.6681547619047619,
        0.4611872146118721,
        0.7540983606557377
    ],
    "configs": {
        "embedding_dir": "/users/jakhan/scratch/embeddings/",
        "save_dir": "/users/jakhan/scratch/experiments",
        "model": "CLIP",
        "layer": "6",
        "probe": "linear",
        "dataset_name": "RAVEN",
        "data_config": "center_single",
        "task": "Type",
        "seed": "42",
        "lr": "0.001",
        "batch_size": "64",
        "epochs": "45"
    },
    "classes": {
        "0": "Constant",
        "1": "Progression",
        "2": "Distribute_Three"
    }
}