{
    "train_loss": [
        1.0912246475828455,
        1.070463035969024,
        1.0525715401832094,
        1.035351059538253,
        1.0194697088383613,
        1.0038093810385846,
        0.9885476814939621,
        0.9758693030539979,
        0.9637778496488612,
        0.9517889244759337,
        0.940013346519876,
        0.9290478083681553,
        0.9191852725566702,
        0.9090819942190292,
        0.8986047220991012,
        0.8893001643901176,
        0.8813468268577088,
        0.8727965177373683,
        0.86464775876796,
        0.857024832608852,
        0.8496725660689334,
        0.8427493210802687,
        0.8353354144603649,
        0.8274562434947237,
        0.8215593530776653,
        0.8151652121797521,
        0.8079829951550098,
        0.8036803216376203,
        0.7958279531052772,
        0.790178656578064,
        0.7843904374761784,
        0.7796380355003032,
        0.773120623319707,
        0.7681781846158048,
        0.7634981192172842,
        0.7583200652548607,
        0.7535093857886943,
        0.7486058238973009,
        0.7442057018584394,
        0.7401145855163006,
        0.7350404795179976,
        0.7308191866316693,
        0.7262144469200297,
        0.7211699308233058,
        0.718361274359074
    ],
    "test_loss": [
        1.0789595916867256,
        1.061117246747017,
        1.045583326369524,
        1.0309358425438404,
        1.0172599777579308,
        1.0010084882378578,
        0.9884467665106058,
        0.9760020636022091,
        0.9647051468491554,
        0.9559815339744091,
        0.9485356789082289,
        0.935040295124054,
        0.924231830984354,
        0.915973886847496,
        0.9072798565030098,
        0.8982285428792238,
        0.8897919822484255,
        0.8824442084878683,
        0.874117674306035,
        0.8678521942347288,
        0.8616742584854364,
        0.8529487028717995,
        0.8477076962590218,
        0.8403080999851227,
        0.8347623664885759,
        0.8283990621566772,
        0.8246570006012917,
        0.8168749790638685,
        0.8130051977932453,
        0.8055293932557106,
        0.8006891328841448,
        0.7955526430159807,
        0.790114214643836,
        0.7858211677521467,
        0.781620716676116,
        0.7768604401499033,
        0.7719864621758461,
        0.7675292827188969,
        0.7647693119943142,
        0.7586196549236774,
        0.7547847740352154,
        0.7510466575622559,
        0.7474128343164921,
        0.7459347955882549,
        0.7383831851184368
    ],
    "test_accuracy": 0.7215,
    "test_class_accuracy": [
        0.8479623824451411,
        0.6172465960665658,
        0.7047075606276747
    ],
    "configs": {
        "embedding_dir": "/users/jakhan/scratch/embeddings/",
        "save_dir": "/users/jakhan/scratch/experiments",
        "model": "CLIP",
        "layer": "6",
        "probe": "linear",
        "dataset_name": "RAVEN",
        "data_config": "in_center_single_out_center_single",
        "task": "Type_0",
        "seed": "42",
        "lr": "0.001",
        "batch_size": "64",
        "epochs": "45"
    },
    "classes": {
        "0": "Constant",
        "1": "Progression",
        "2": "Distribute_Three"
    }
}