{
    "train_loss": [
        1.1003786439591265,
        1.0994370173900685,
        1.0993289186599406,
        1.0991132157914183,
        1.0981957062761833,
        1.097427101845437,
        1.0957336552599644,
        1.09595081400364,
        1.0960422069468396,
        1.0957829127920435,
        1.0946910153044032,
        1.0942528514151877,
        1.0943207829556567,
        1.0938905857978982,
        1.0924004113420527,
        1.0917201980631401,
        1.0921677477816318,
        1.0913891348432987,
        1.0909673127722233,
        1.0913835446885292,
        1.091206172679333,
        1.091368613090921,
        1.0903894330592865,
        1.0889045202985723,
        1.0893196704539847,
        1.0884810356383627,
        1.087971771017034,
        1.0888453937591391,
        1.08708855192712,
        1.0864608972630603,
        1.0859218518784706,
        1.086080070505751,
        1.0850230480762237,
        1.0847235131771007,
        1.0844071938636455,
        1.0837535122607618,
        1.0842165591868949,
        1.0834609092550074,
        1.083087478546386,
        1.0828422079695033,
        1.0816830181060952,
        1.0821062656159097,
        1.0817183712695508,
        1.0802714000356959,
        1.0813227346602907
    ],
    "test_loss": [
        1.0977420546114445,
        1.098082322627306,
        1.0987496227025986,
        1.0978897772729397,
        1.0988052561879158,
        1.0965981781482697,
        1.0965849459171295,
        1.0949897691607475,
        1.0955476127564907,
        1.0958237498998642,
        1.0983570478856564,
        1.0958023443818092,
        1.0938756465911865,
        1.0946402922272682,
        1.0942159034311771,
        1.093089148402214,
        1.0928504057228565,
        1.0926909744739532,
        1.0914769060909748,
        1.091486532241106,
        1.092141903936863,
        1.0903586260974407,
        1.0906503237783909,
        1.0908382534980774,
        1.0909250862896442,
        1.0894556567072868,
        1.0920026823878288,
        1.0896292477846146,
        1.0909355841577053,
        1.0896117500960827,
        1.0879438668489456,
        1.0884528011083603,
        1.0873934552073479,
        1.0875110775232315,
        1.0875735059380531,
        1.0866612419486046,
        1.086008608341217,
        1.0858191922307014,
        1.085895411670208,
        1.085838157683611,
        1.08635413646698,
        1.0854929126799107,
        1.0850353799760342,
        1.0873442962765694,
        1.084244318306446
    ],
    "test_accuracy": 0.433,
    "test_class_accuracy": [
        0.13949843260188088,
        0.56732223903177,
        0.5734664764621968
    ],
    "configs": {
        "embedding_dir": "/users/jakhan/scratch/embeddings/",
        "save_dir": "/users/jakhan/scratch/experiments",
        "model": "CLIP",
        "layer": "2",
        "probe": "linear",
        "dataset_name": "RAVEN",
        "data_config": "in_center_single_out_center_single",
        "task": "Type_0",
        "seed": "42",
        "lr": "0.001",
        "batch_size": "64",
        "epochs": "45"
    },
    "classes": {
        "0": "Constant",
        "1": "Progression",
        "2": "Distribute_Three"
    }
}