{
    "train_loss": [
        1.0572208514873018,
        1.053634229492634,
        1.0552303987614653,
        1.054091636804824,
        1.0541918658195657,
        1.0530172465963568,
        1.0541518875893126,
        1.0542058932020308,
        1.0545062219842951,
        1.0549975874576163,
        1.053137776699472,
        1.0544188827910321,
        1.0542989683912156,
        1.0543365675084135,
        1.0538373025173837,
        1.054074598119614,
        1.0538067202618782,
        1.0543917918458898,
        1.0534165691822133,
        1.054538461756199,
        1.0548194196630032,
        1.0541618853173358,
        1.0539056652403893,
        1.0538423086734527,
        1.053548497088412,
        1.0536875775519838,
        1.0542093794396583,
        1.0545641576990168,
        1.053234818133902,
        1.0547335769267792,
        1.0539287290674575,
        1.0541029153986181,
        1.053639421437649,
        1.0543821745730462,
        1.0547410325801119,
        1.0561034102389153,
        1.0546199990079759,
        1.0536251949503066,
        1.0538032004173765,
        1.0533803048286032,
        1.0538523114742118,
        1.0540942175591246,
        1.0553384118891778,
        1.0547298015432154,
        1.0544293896949037
    ],
    "test_loss": [
        1.06423844024539,
        1.0637986361980438,
        1.0635991282761097,
        1.063164096325636,
        1.0647744704037905,
        1.0620582960546017,
        1.064599148929119,
        1.0620489288121462,
        1.0618653856217861,
        1.0642409101128578,
        1.06758201867342,
        1.0633710026741028,
        1.0641124714165926,
        1.062116850167513,
        1.062564391642809,
        1.064556561410427,
        1.0625154934823513,
        1.0627074372023344,
        1.0652156844735146,
        1.0692228358238935,
        1.061935368925333,
        1.0646197758615017,
        1.062801891937852,
        1.0630438905209303,
        1.0654021818190813,
        1.0622162334620953,
        1.063541978597641,
        1.0642758943140507,
        1.063243580982089,
        1.0626883879303932,
        1.0641972441226244,
        1.0630065016448498,
        1.0627397652715445,
        1.0633447878062725,
        1.0635850802063942,
        1.061961941421032,
        1.062860019505024,
        1.0629588160663843,
        1.0621853396296501,
        1.0620181821286678,
        1.0682517252862453,
        1.0637053921818733,
        1.062896754592657,
        1.0651269797235727,
        1.0651986915618181
    ],
    "test_accuracy": 0.392,
    "test_class_accuracy": [
        0.0,
        0.0,
        1.0
    ],
    "configs": {
        "embedding_dir": "/users/jakhan/scratch/embeddings/",
        "save_dir": "/users/jakhan/scratch/experiments",
        "model": "DINOv3",
        "layer": "0",
        "probe": "linear",
        "dataset_name": "RAVEN",
        "data_config": "in_center_single_out_center_single",
        "task": "Size_0",
        "seed": "42",
        "lr": "0.001",
        "batch_size": "64",
        "epochs": "45"
    },
    "classes": {
        "0": "Constant",
        "1": "Progression",
        "2": "Distribute_Three"
    }
}