{
    "train_loss": [
        1.400146800152799,
        1.3879497330239479,
        1.3781482716824145,
        1.3815257194194388,
        1.370664725912378,
        1.3665897402357547,
        1.3677618186524574,
        1.3590017417643934,
        1.3571829669019009,
        1.3528365442093382,
        1.346134179450096,
        1.3432968499812674,
        1.3416533685745078,
        1.3449872782889833,
        1.3412740877334108,
        1.3327324288956663,
        1.3361319709331432,
        1.3371481502309759,
        1.3295658002508448,
        1.327935294902071,
        1.3232464536707451,
        1.3237939667194447,
        1.331327199935913,
        1.3223336909679657,
        1.316322163064429,
        1.3186279015338167,
        1.3174180337723265,
        1.3119775158293703,
        1.309112419473364,
        1.3101141820562647,
        1.310050515418357,
        1.3093003478456051,
        1.3063871632231043,
        1.3054252736111904,
        1.306886837837544,
        1.3009594678878784,
        1.2979965197279097,
        1.2964920705937324,
        1.2994662700815405,
        1.2967332271819418,
        1.2954478289218658,
        1.2943042072843998,
        1.2920946795889672,
        1.2951593563911763,
        1.2938553931865286
    ],
    "test_loss": [
        1.384174171835184,
        1.383052285760641,
        1.3661779053509235,
        1.3643440529704094,
        1.3677071072161198,
        1.3585005924105644,
        1.3686762750148773,
        1.3661414086818695,
        1.3499041236937046,
        1.3447522036731243,
        1.341182541102171,
        1.340072151273489,
        1.343196265399456,
        1.347811296582222,
        1.3330650255084038,
        1.3675533905625343,
        1.3423858135938644,
        1.3370516709983349,
        1.340575136244297,
        1.3253993652760983,
        1.337616667151451,
        1.378514625132084,
        1.3294233717024326,
        1.3328763619065285,
        1.32383194565773,
        1.335417203605175,
        1.317278165370226,
        1.3280916027724743,
        1.3232939951121807,
        1.3170361779630184,
        1.3154020570218563,
        1.3314033560454845,
        1.3185221999883652,
        1.3123828284442425,
        1.320177961140871,
        1.316866971552372,
        1.3102133311331272,
        1.309635203331709,
        1.3171411417424679,
        1.3129851929843426,
        1.3233900740742683,
        1.3065358027815819,
        1.3023927323520184,
        1.3150120191276073,
        1.301178727298975
    ],
    "test_accuracy": 0.4015,
    "test_class_accuracy": [
        0.3537832310838446,
        0.5572232645403377,
        0.49563318777292575,
        0.20384615384615384
    ],
    "configs": {
        "embedding_dir": "/users/jakhan/scratch/embeddings/",
        "save_dir": "/users/jakhan/scratch/experiments",
        "model": "DINOv3",
        "layer": "6",
        "probe": "linear",
        "dataset_name": "RAVEN",
        "data_config": "in_center_single_out_center_single",
        "task": "Size_1",
        "seed": "42",
        "lr": "0.001",
        "batch_size": "64",
        "epochs": "45"
    },
    "classes": {
        "0": "Constant",
        "1": "Progression",
        "2": "Arithmetic",
        "3": "Distribute_Three"
    }
}