{
    "train_loss": [
        1.101444590598979,
        1.1009980693776558,
        1.1014984985615344,
        1.1015888503257265,
        1.1028428762517077,
        1.1012144088745117,
        1.1000247065057145,
        1.1004117879461734,
        1.1020398862818455,
        1.1006011531708089,
        1.1009980034320912,
        1.100988731739369,
        1.1016953333895256,
        1.101938824704353,
        1.100434903134691,
        1.1000187916958586,
        1.1006909608840942,
        1.100411671273252,
        1.101446842893641,
        1.1016290758518463,
        1.102509654582815,
        1.1030033661964092,
        1.1015166297872017,
        1.1005028372115278,
        1.1023906684936362,
        1.1022624119799187,
        1.1008782843326002,
        1.1020177450585873,
        1.1012500207474891,
        1.1005605712850044,
        1.1002716891309048,
        1.1020355402155126,
        1.1001875375179535,
        1.100589854920164,
        1.1012041530710586,
        1.1000971261491166,
        1.1010603701814692,
        1.1008708261428994,
        1.1012190453549648,
        1.1018344671168225,
        1.1006192412782223,
        1.100772610370149,
        1.1011006033166926,
        1.0997389149158558,
        1.1022968190781615
    ],
    "test_loss": [
        1.0980706252157688,
        1.097951378673315,
        1.098769772797823,
        1.1059153005480766,
        1.099999900907278,
        1.1004765778779984,
        1.0982520692050457,
        1.1011210344731808,
        1.0987420193850994,
        1.1003702767193317,
        1.1073965318500996,
        1.1009074673056602,
        1.1001497693359852,
        1.1025860756635666,
        1.1009473279118538,
        1.1005836427211761,
        1.0983225144445896,
        1.0983240231871605,
        1.0979174226522446,
        1.1032057031989098,
        1.1013009697198868,
        1.1002257242798805,
        1.1024723201990128,
        1.101156435906887,
        1.09813691675663,
        1.0989669412374496,
        1.1029609255492687,
        1.102071925997734,
        1.1010308489203453,
        1.0981878489255905,
        1.0986602939665318,
        1.098560817539692,
        1.0986272655427456,
        1.0995010398328304,
        1.0997330099344254,
        1.1007208414375782,
        1.0979079008102417,
        1.1021756939589977,
        1.1008179038763046,
        1.09812705591321,
        1.0994432345032692,
        1.1052453145384789,
        1.0982332229614258,
        1.1039193160831928,
        1.0986619032919407
    ],
    "test_accuracy": 0.3505,
    "test_class_accuracy": [
        0.0,
        0.0,
        1.0
    ],
    "configs": {
        "embedding_dir": "/users/jakhan/scratch/embeddings/",
        "save_dir": "/users/jakhan/scratch/experiments",
        "model": "CLIP",
        "layer": "0",
        "probe": "linear",
        "dataset_name": "RAVEN",
        "data_config": "in_center_single_out_center_single",
        "task": "Type_0",
        "seed": "42",
        "lr": "0.001",
        "batch_size": "64",
        "epochs": "45"
    },
    "classes": {
        "0": "Constant",
        "1": "Progression",
        "2": "Distribute_Three"
    }
}