{
    "train_loss": [
        1.0975599060667323,
        1.0934266676294042,
        1.0898743284509538,
        1.0782292003327227,
        1.0664770932907754,
        1.0588928029892293,
        1.0491175087208444,
        1.0448209028294746,
        1.0346382406163723,
        1.0269497309593445,
        1.0185027959498953,
        1.0139819142666269,
        1.0128190796426002,
        1.0072986236278048,
        1.0005621859367857,
        0.99933197777322,
        0.9864774815579678,
        0.98023950926801,
        0.9708441362736073,
        0.9836286858041235,
        0.9694630605109195,
        0.9632182463686517,
        0.9604337754401755,
        0.9610141300140543,
        0.9466516293109731,
        0.9495595655542739,
        0.9425942840728354,
        0.9406998785252266,
        0.9481176099878676,
        0.9444594370557907,
        0.9273471394751934,
        0.9296805693748149,
        0.9219150131053113,
        0.9121793210506439,
        0.9158607702305976,
        0.9141586150260682,
        0.9202202812154242,
        0.9058052250679504,
        0.9053311525507176,
        0.9019364403917435,
        0.9150337805139258,
        0.9058069459935452,
        0.8859629168155345,
        0.89688455995093,
        0.8814576369650821
    ],
    "test_loss": [
        1.1017330139875412,
        1.0918283611536026,
        1.081577856093645,
        1.072403222322464,
        1.0652322266250849,
        1.0527245830744505,
        1.0508011616766453,
        1.0519988350570202,
        1.0330733191221952,
        1.070914264768362,
        1.0354700293391943,
        1.0272117406129837,
        1.0646310970187187,
        1.0157426297664642,
        1.027948284521699,
        1.012395953759551,
        1.001853033900261,
        0.9973292537033558,
        1.0008548758924007,
        1.0105816293507814,
        0.9942737054079771,
        0.9903649240732193,
        1.0564366951584816,
        0.980876849964261,
        0.9858619272708893,
        0.994233675301075,
        0.982891583815217,
        1.0369521863758564,
        0.9774874728173018,
        0.9919024389237165,
        0.9643781166523695,
        1.0122150462120771,
        0.9622345790266991,
        0.9619636628776789,
        0.9775329194962978,
        0.9656725618988276,
        0.952479524537921,
        0.9527662117034197,
        0.9455056823790073,
        0.9830354992300272,
        0.9472371246665716,
        0.9425292368978262,
        0.974919255822897,
        0.9661129526793957,
        0.935753807425499
    ],
    "test_accuracy": 0.548,
    "test_class_accuracy": [
        0.6647230320699709,
        0.4155251141552511,
        0.558599695585997
    ],
    "configs": {
        "embedding_dir": "/users/jakhan/scratch/embeddings/",
        "save_dir": "/users/jakhan/scratch/experiments",
        "model": "CLIP",
        "layer": "8",
        "probe": "MLP",
        "dataset_name": "RAVEN",
        "data_config": "in_center_single_out_center_single",
        "task": "Type_1",
        "seed": "42",
        "lr": "0.001",
        "batch_size": "64",
        "epochs": "45"
    },
    "classes": {
        "0": "Constant",
        "1": "Progression",
        "2": "Distribute_Three"
    }
}