{
    "train_loss": [
        1.588800289529435,
        0.9912126641324226,
        0.9260101172518223,
        0.8871155273407063,
        0.8390478143032561,
        0.8330217701323489,
        0.8086176527307388,
        0.7272996255692016,
        0.7002412702174897,
        0.7123785335966881,
        0.6776474926699984,
        0.656636155349143,
        0.6803660877841584,
        0.6839977157242755,
        0.6518061998042655,
        0.6182225232428693,
        0.6331390196338613,
        0.6656203469697465,
        0.6143964129559537,
        0.5993543730137196,
        0.5893505916316458,
        0.5610315577780947,
        0.6059623319417873,
        0.577390138139116,
        0.58182141723785,
        0.5880268092485185,
        0.5668035669529692,
        0.5828802132226051,
        0.5354255123975429,
        0.545493502249109,
        0.5704446492042947,
        0.5525482392057459,
        0.5330793480289743,
        0.5174701229688969,
        0.5355152009015388,
        0.5162095040717023,
        0.5497448742389679,
        0.5320713960743965,
        0.5201801258198758,
        0.5170894119333713,
        0.5418690167208935,
        0.4895659409304883,
        0.48884409285606223,
        0.4905578443344603,
        0.4924510362300467
    ],
    "test_loss": [
        1.0045032408088446,
        0.8980932701379061,
        0.8421613425016403,
        0.8273921944200993,
        1.0543970298022032,
        0.8248894568532705,
        0.7565974928438663,
        0.8280027285218239,
        0.7094161696732044,
        0.7760741449892521,
        0.6743322685360909,
        0.748613690957427,
        0.6761122327297926,
        0.7449147272855043,
        0.6458788830786943,
        0.6406054347753525,
        0.7020834796130657,
        0.6989362351596355,
        0.6544570391997695,
        0.6415057936683297,
        0.6400939440354705,
        0.8664194270968437,
        0.892703004181385,
        0.6651483466848731,
        0.669662999920547,
        0.6227251775562763,
        0.6072971895337105,
        0.6101684607565403,
        0.5741356313228607,
        0.6286739483475685,
        0.7112967418506742,
        0.5945846801623702,
        0.6323171565309167,
        0.5825907085090876,
        0.5895497733727098,
        0.5804774267598987,
        0.59312688652426,
        0.5778849376365542,
        0.6566345859318972,
        0.5642020171508193,
        0.5910058487206697,
        0.5790496123954654,
        0.5662447335198522,
        0.6355166863650084,
        0.6002335026860237
    ],
    "test_accuracy": 0.7385,
    "test_class_accuracy": [
        0.8425655976676385,
        0.639269406392694,
        0.7290715372907154
    ],
    "configs": {
        "embedding_dir": "/users/jakhan/scratch/embeddings/",
        "save_dir": "/users/jakhan/scratch/experiments",
        "model": "DINOv3",
        "layer": "12",
        "probe": "MLP",
        "dataset_name": "RAVEN",
        "data_config": "in_center_single_out_center_single",
        "task": "Type_1",
        "seed": "42",
        "lr": "0.001",
        "batch_size": "64",
        "epochs": "45"
    },
    "classes": {
        "0": "Constant",
        "1": "Progression",
        "2": "Distribute_Three"
    }
}