{
    "train_loss": [
        1.3985506486385426,
        1.3903331452227654,
        1.3847263873891626,
        1.3865284387101517,
        1.383838066395293,
        1.3823625521456941,
        1.3870759517588513,
        1.3814110654465697,
        1.381461870163045,
        1.3773359504151852,
        1.374372109453729,
        1.3734324853470985,
        1.3737943185136674,
        1.3747117861788323,
        1.3731664102128212,
        1.3714962145115466,
        1.3737884912085025,
        1.372884045255945,
        1.3689352920714846,
        1.368399956124894,
        1.3650308872791046,
        1.368069625915365,
        1.3688224985244426,
        1.3644453642216134,
        1.362190712005534,
        1.363093468737095,
        1.365098978610749,
        1.3609609007835388,
        1.3602443946168778,
        1.3604910475142458,
        1.3596427326506757,
        1.3595148642012413,
        1.3587994397954737,
        1.358507384645178,
        1.3578438771531938,
        1.3560276361221963,
        1.355172243524105,
        1.3532231576899265,
        1.3548531950788294,
        1.3547788845731856,
        1.3533626769451386,
        1.3530734320904345,
        1.351018781357623,
        1.3516555529959657,
        1.3509081069459306
    ],
    "test_loss": [
        1.3921896293759346,
        1.3914739415049553,
        1.3815279453992844,
        1.379090640693903,
        1.3781842179596424,
        1.3770450726151466,
        1.384848352521658,
        1.38867649435997,
        1.3748112879693508,
        1.3750781044363976,
        1.3726799674332142,
        1.371876049786806,
        1.372924454510212,
        1.3726187907159328,
        1.3716447912156582,
        1.3788700848817825,
        1.3727326393127441,
        1.3730305284261703,
        1.3710805885493755,
        1.3700286336243153,
        1.3715808801352978,
        1.3735101073980331,
        1.370427805930376,
        1.3666007556021214,
        1.3635343126952648,
        1.368475466966629,
        1.3625191785395145,
        1.3658743686974049,
        1.3741438761353493,
        1.3656096681952477,
        1.3599728159606457,
        1.3698316812515259,
        1.3723398223519325,
        1.360377173870802,
        1.3647756166756153,
        1.3646915927529335,
        1.3588326014578342,
        1.357439085841179,
        1.3663298040628433,
        1.3814131170511246,
        1.3747972808778286,
        1.3553117513656616,
        1.3557671122252941,
        1.3596563786268234,
        1.3551799468696117
    ],
    "test_accuracy": 0.3085,
    "test_class_accuracy": [
        0.03680981595092025,
        0.24577861163227016,
        0.1943231441048035,
        0.7288461538461538
    ],
    "configs": {
        "embedding_dir": "/users/jakhan/scratch/embeddings/",
        "save_dir": "/users/jakhan/scratch/experiments",
        "model": "DINOv3",
        "layer": "4",
        "probe": "linear",
        "dataset_name": "RAVEN",
        "data_config": "in_center_single_out_center_single",
        "task": "Size_1",
        "seed": "42",
        "lr": "0.001",
        "batch_size": "64",
        "epochs": "45"
    },
    "classes": {
        "0": "Constant",
        "1": "Progression",
        "2": "Arithmetic",
        "3": "Distribute_Three"
    }
}