{
    "train_loss": [
        0.9910515762389974,
        0.773629255117254,
        0.6640171300857625,
        0.5861396307640887,
        0.5618279243403292,
        0.5016945029826875,
        0.47450343884052115,
        0.44623831960749116,
        0.41889575203048424,
        0.4161698231671719,
        0.38869479488819203,
        0.37375972800432367,
        0.3476324274818948,
        0.3359930469317639,
        0.3318732605969652,
        0.32192083606694605,
        0.2912664812930087,
        0.28688674927391905,
        0.27897845224497164,
        0.2797630194653856,
        0.256488598883152,
        0.25058035076932705,
        0.2475612593141008,
        0.2506932015431688,
        0.24231468164857398,
        0.24151228431691515,
        0.23177514241096822,
        0.21523800587400477,
        0.21914581661211682,
        0.21109661705633428,
        0.22298555179162227,
        0.20376166162338663,
        0.1990724394613124,
        0.19264543849102994,
        0.18206834182777304,
        0.18097167343218276,
        0.18531774063693715,
        0.18157352618080505,
        0.17513894321436577,
        0.1757835976462415,
        0.1740423008165461,
        0.16663439254811468,
        0.18156287700254867,
        0.1643606685101986,
        0.15921508243426363
    ],
    "test_loss": [
        0.8682899009436369,
        0.7166884150356054,
        0.6672076862305403,
        0.5497661978006363,
        0.5175825916230679,
        0.5053965803235769,
        0.5007408047094941,
        0.43877696245908737,
        0.42714753933250904,
        0.41277861408889294,
        0.4306864691898227,
        0.3710701181553304,
        0.3540225038304925,
        0.35670757479965687,
        0.33478557830676436,
        0.34951623901724815,
        0.3114190106280148,
        0.2950694113969803,
        0.3021596660837531,
        0.28135965671390295,
        0.3055802364833653,
        0.2742061442695558,
        0.26142334938049316,
        0.2870093733072281,
        0.2640651441179216,
        0.2786626685410738,
        0.2383872433565557,
        0.2423229543492198,
        0.2479200242087245,
        0.27397238183766603,
        0.25675149355083704,
        0.2241097236983478,
        0.2522217514924705,
        0.22107394505292177,
        0.20877088699489832,
        0.2085652770474553,
        0.206663056043908,
        0.2186084627173841,
        0.20626032864674926,
        0.199958412675187,
        0.21638818318024278,
        0.2326061453204602,
        0.22732047084718943,
        0.2102202035021037,
        0.192247717641294
    ],
    "test_accuracy": 0.922,
    "test_class_accuracy": [
        0.9761904761904762,
        0.9178082191780822,
        0.8718330849478391
    ],
    "configs": {
        "embedding_dir": "/users/jakhan/scratch/embeddings/",
        "save_dir": "/users/jakhan/scratch/experiments",
        "model": "CLIP",
        "layer": "10",
        "probe": "MLP",
        "dataset_name": "RAVEN",
        "data_config": "center_single",
        "task": "Type",
        "seed": "42",
        "lr": "0.001",
        "batch_size": "64",
        "epochs": "45"
    },
    "classes": {
        "0": "Constant",
        "1": "Progression",
        "2": "Distribute_Three"
    }
}