{
    "train_loss": [
        1.3889713490262945,
        1.3857462900750182,
        1.3850399915208207,
        1.3831213395646278,
        1.3799730171548559,
        1.373522957588764,
        1.3648563788292256,
        1.355157287831002,
        1.3425137299172423,
        1.3458532817820286,
        1.3273283027588052,
        1.3185265038875824,
        1.3096876321954931,
        1.3005328685679334,
        1.2944773207319544,
        1.284283828228078,
        1.2771430243837072,
        1.2704183548054797,
        1.2639996295279645,
        1.2601063124676968,
        1.2526973802992638,
        1.2483974416205224,
        1.249421573699789,
        1.239253304106124,
        1.2403625059635082,
        1.231831598789134,
        1.2267821355068937,
        1.220969650339573,
        1.2274501602700416,
        1.2221393788114507,
        1.212459273794864,
        1.207313357515538,
        1.2044185450736513,
        1.2019484410894679,
        1.2038735366882163,
        1.205553153727917,
        1.1952907899592786,
        1.1905370329288727,
        1.1864977352162625,
        1.1910107123090865,
        1.1947489748609827,
        1.1847085775213038,
        1.1779224276542664,
        1.1831026457725686,
        1.1723961956957554
    ],
    "test_loss": [
        1.3861617408692837,
        1.3847274594008923,
        1.3855498172342777,
        1.3815380446612835,
        1.3800628334283829,
        1.3667932115495205,
        1.3638392686843872,
        1.3466526456177235,
        1.4261522367596626,
        1.3277051076292992,
        1.3186741806566715,
        1.3140202537178993,
        1.302711620926857,
        1.2954060286283493,
        1.284577015787363,
        1.2819769978523254,
        1.2703163251280785,
        1.288640957325697,
        1.2583187147974968,
        1.2549654059112072,
        1.2789162136614323,
        1.2665514312684536,
        1.2422513663768768,
        1.2343926541507244,
        1.2335865274071693,
        1.2268201261758804,
        1.2195156663656235,
        1.2201182022690773,
        1.2163267955183983,
        1.2096800096333027,
        1.209161914885044,
        1.208763174712658,
        1.2066892609000206,
        1.1995624527335167,
        1.2029237411916256,
        1.191923439502716,
        1.1901974715292454,
        1.1900793053209782,
        1.1864560395479202,
        1.191566776484251,
        1.2139848098158836,
        1.1847676113247871,
        1.1830201111733913,
        1.1885420102626085,
        1.1708748079836369
    ],
    "test_accuracy": 0.455,
    "test_class_accuracy": [
        0.16205533596837945,
        0.7854406130268199,
        0.7839506172839507,
        0.07613168724279835
    ],
    "configs": {
        "embedding_dir": "/users/jakhan/scratch/embeddings/",
        "save_dir": "/users/jakhan/scratch/experiments",
        "model": "CLIP",
        "layer": "2",
        "probe": "MLP",
        "dataset_name": "RAVEN",
        "data_config": "center_single",
        "task": "Size",
        "seed": "42",
        "lr": "0.001",
        "batch_size": "64",
        "epochs": "45"
    },
    "classes": {
        "0": "Constant",
        "1": "Progression",
        "2": "Arithmetic",
        "3": "Distribute_Three"
    }
}