{
    "train_loss": [
        1.1047606328700452,
        1.1027739986460259,
        1.1006808293626664,
        1.0989836898255856,
        1.0992574945409248,
        1.0997864984451455,
        1.0986350762083175,
        1.0981692164502246,
        1.0982791198060868,
        1.0981592016017183,
        1.098400004366611,
        1.0981581857863894,
        1.0974628925323486,
        1.098236158807227,
        1.0972365508688258,
        1.0969942389650549,
        1.0965195754741102,
        1.097014309243953,
        1.0961589331322528,
        1.095556469673806,
        1.0936356465867225,
        1.0954857696878149,
        1.0933552802877222,
        1.0922066861010613,
        1.0923745327807488,
        1.0909667674531327,
        1.0905555080860219,
        1.0895515807131504,
        1.0903323001049934,
        1.0879057683843247,
        1.088429589220818,
        1.0883092296884416,
        1.086340196589206,
        1.0840817816714023,
        1.0843624117526602,
        1.0831272170898762,
        1.0835002990479166,
        1.0863165969544268,
        1.0806000524378838,
        1.081904891957628,
        1.0810047350031264,
        1.0824547955330381,
        1.08235698050641,
        1.0791966027401863,
        1.0811797938448318
    ],
    "test_loss": [
        1.099823359400034,
        1.1005379147827625,
        1.0976693220436573,
        1.1010401584208012,
        1.0989081673324108,
        1.0980711802840233,
        1.097726482897997,
        1.098609086126089,
        1.0986206457018852,
        1.0994264110922813,
        1.0976386778056622,
        1.0976739004254341,
        1.0979850143194199,
        1.0974381230771542,
        1.0977385193109512,
        1.0973662808537483,
        1.0964756719768047,
        1.0964660979807377,
        1.096439491957426,
        1.0960573442280293,
        1.0966881699860096,
        1.0940216332674026,
        1.0931427292525768,
        1.095264371484518,
        1.0987816713750362,
        1.0935646779835224,
        1.0911039225757122,
        1.1016155183315277,
        1.089697241783142,
        1.0888341292738914,
        1.1023051626980305,
        1.0897795744240284,
        1.0875021144747734,
        1.0868621282279491,
        1.0860028676688671,
        1.0848977006971836,
        1.0875404700636864,
        1.0924993827939034,
        1.0857217237353325,
        1.088659018278122,
        1.0830888859927654,
        1.083017397671938,
        1.086333718150854,
        1.0830289795994759,
        1.0836319401860237
    ],
    "test_accuracy": 0.401,
    "test_class_accuracy": [
        0.24553571428571427,
        0.7016742770167428,
        0.26229508196721313
    ],
    "configs": {
        "embedding_dir": "/users/jakhan/scratch/embeddings/",
        "save_dir": "/users/jakhan/scratch/experiments",
        "model": "DINOv3",
        "layer": "2",
        "probe": "MLP",
        "dataset_name": "RAVEN",
        "data_config": "center_single",
        "task": "Type",
        "seed": "42",
        "lr": "0.001",
        "batch_size": "64",
        "epochs": "45"
    },
    "classes": {
        "0": "Constant",
        "1": "Progression",
        "2": "Distribute_Three"
    }
}