{
    "train_loss": [
        1.1033276712640803,
        1.1003905065516209,
        1.0981154860334192,
        1.0916880927187331,
        1.089288570779435,
        1.0888646206957229,
        1.0867323165244245,
        1.0828622173755726,
        1.0830538425039737,
        1.082699309004114,
        1.080074447266599,
        1.081582060519685,
        1.0769805033156212,
        1.0825305416228923,
        1.0792611976887316,
        1.0754803545931553,
        1.0748613793799218,
        1.0709400297479426,
        1.078264502134729,
        1.0720164306620334,
        1.0682068105707778,
        1.070156292078343,
        1.0690172834599272,
        1.065306322371706,
        1.0652915448584455,
        1.0668441754706361,
        1.064495549557057,
        1.0622863870985964,
        1.0596656983203077,
        1.0584450402158372,
        1.055004043147919,
        1.0601427187310888,
        1.059966524864765,
        1.0523464730445375,
        1.0596872111584277,
        1.0528923323813906,
        1.0519203676822337,
        1.0508824206413108,
        1.046977845912284,
        1.0444541053569063,
        1.0468044198573905,
        1.0453642854031095,
        1.045934186970934,
        1.0405768073619681,
        1.0407360912637507
    ],
    "test_loss": [
        1.0977570451796055,
        1.0959473140537739,
        1.093670379370451,
        1.0968077555298805,
        1.0896345525979996,
        1.0910447239875793,
        1.1079006716609001,
        1.0854014828801155,
        1.0880224257707596,
        1.0930106490850449,
        1.0889069065451622,
        1.0856508128345013,
        1.0813845284283161,
        1.0885556414723396,
        1.0813669972121716,
        1.0807185024023056,
        1.0845545269548893,
        1.0794954039156437,
        1.079442784190178,
        1.077151469886303,
        1.0853817090392113,
        1.0842653512954712,
        1.0748731568455696,
        1.09270054474473,
        1.0709730610251427,
        1.0863896943628788,
        1.0697267726063728,
        1.0692788176238537,
        1.071527998894453,
        1.0752739235758781,
        1.095624290406704,
        1.068242747336626,
        1.0678028017282486,
        1.0641597788780928,
        1.0615782290697098,
        1.069400031119585,
        1.063913531601429,
        1.0694531202316284,
        1.0622970201075077,
        1.0615389794111252,
        1.062431413680315,
        1.062851656228304,
        1.0705550462007523,
        1.0590613149106503,
        1.056519988924265
    ],
    "test_accuracy": 0.4245,
    "test_class_accuracy": [
        0.3229166666666667,
        0.3181126331811263,
        0.6304023845007451
    ],
    "configs": {
        "embedding_dir": "/users/jakhan/scratch/embeddings/",
        "save_dir": "/users/jakhan/scratch/experiments",
        "model": "DINOv3",
        "layer": "4",
        "probe": "MLP",
        "dataset_name": "RAVEN",
        "data_config": "center_single",
        "task": "Type",
        "seed": "42",
        "lr": "0.001",
        "batch_size": "64",
        "epochs": "45"
    },
    "classes": {
        "0": "Constant",
        "1": "Progression",
        "2": "Distribute_Three"
    }
}