{
    "train_loss": [
        1.3894140986686057,
        1.3873418290564354,
        1.3864925123275595,
        1.3862229040328493,
        1.3861515839049157,
        1.3861269811366468,
        1.386120469012159,
        1.386150041793255,
        1.3860903255482937,
        1.3861166619239969,
        1.3861814331501088,
        1.3860246488388548,
        1.3860094382407817,
        1.3859758478529909,
        1.3860635427718466,
        1.3858872017961867,
        1.3861779481806653,
        1.3861585348210437,
        1.3861153354036047,
        1.386149341755725,
        1.3861179237670087,
        1.3860946145463497,
        1.3861378748366173,
        1.3860928302115583,
        1.3861211411496426,
        1.3861538780496476,
        1.386101098770791,
        1.386141967266164,
        1.3861314045621993,
        1.386089729501846,
        1.3861110387964453,
        1.3860980183520215,
        1.3861147241389498,
        1.3861072976538475,
        1.3861616000216057,
        1.3860751885048888,
        1.3861595493681886,
        1.3861653234096283,
        1.3861558247119823,
        1.386121596427674,
        1.3860915873913056,
        1.3860905576259532,
        1.3861122917621693,
        1.3860829168177666,
        1.3861467254922746
    ],
    "test_loss": [
        1.3888962343335152,
        1.3871560171246529,
        1.3867186717689037,
        1.3867881409823895,
        1.3866720274090767,
        1.3865232281386852,
        1.3864000923931599,
        1.386704109609127,
        1.3866136968135834,
        1.3867205083370209,
        1.3865079283714294,
        1.386586394160986,
        1.3863641545176506,
        1.3862760066986084,
        1.3864733912050724,
        1.3862337842583656,
        1.3864526003599167,
        1.3865999840199947,
        1.3866448625922203,
        1.3866553492844105,
        1.3867430202662945,
        1.3866793513298035,
        1.386809516698122,
        1.3867866434156895,
        1.3868453316390514,
        1.3867969810962677,
        1.3867174871265888,
        1.3867583870887756,
        1.3867811858654022,
        1.386743362993002,
        1.3868227042257786,
        1.3867915757000446,
        1.386831197887659,
        1.3868179060518742,
        1.3867942541837692,
        1.3867306262254715,
        1.3867979124188423,
        1.3867644220590591,
        1.3868119418621063,
        1.386710025370121,
        1.3867247998714447,
        1.386812474578619,
        1.3867542631924152,
        1.3867881260812283,
        1.3867392130196095
    ],
    "test_accuracy": 0.2435,
    "test_class_accuracy": [
        0.0,
        0.0,
        1.0,
        0.0
    ],
    "configs": {
        "embedding_dir": "/users/jakhan/scratch/embeddings/",
        "save_dir": "/users/jakhan/scratch/experiments",
        "model": "CLIP",
        "layer": "2",
        "probe": "MLP",
        "dataset_name": "RAVEN",
        "data_config": "in_center_single_out_center_single",
        "task": "Color_1",
        "seed": "42",
        "lr": "0.001",
        "batch_size": "64",
        "epochs": "45"
    },
    "classes": {
        "0": "Constant",
        "1": "Progression",
        "2": "Arithmetic",
        "3": "Distribute_Three"
    }
}