{
    "train_loss": [
        1.0572468080419175,
        1.0488906230064148,
        1.045689897334322,
        1.0415196260239215,
        1.0382477622082893,
        1.03510818899946,
        1.0361980929019603,
        1.0324143887834345,
        1.029424952065691,
        1.0269585866877373,
        1.0278165663810486,
        1.023794378371949,
        1.0240044999629894,
        1.0232692836446966,
        1.0219877863183935,
        1.0226206018569621,
        1.018240879824821,
        1.0151216115089172,
        1.0154718173311112,
        1.0152754358788754,
        1.0129254447652938,
        1.0121858880874959,
        1.0095870951388746,
        1.0103934223347522,
        1.011659786422202,
        1.00688022755562,
        1.006590315002076,
        1.0043235541658198,
        1.0048312119981075,
        1.003011112517499,
        1.0034073198095281,
        1.001510850926663,
        1.0006848167865834,
        1.0006031844210117,
        0.9974704999872979,
        0.9989137421263025,
        0.9973501100185069,
        0.9958495751340338,
        0.9958258670695285,
        0.9924166722500578,
        0.993987465792514,
        0.9938688531835028,
        0.9912226669331814,
        0.9900453198463359,
        0.9906753764507619
    ],
    "test_loss": [
        1.0590742379426956,
        1.0602080840617418,
        1.0590622797608376,
        1.0494774617254734,
        1.0490846298635006,
        1.0456683244556189,
        1.0470995251089334,
        1.0431416258215904,
        1.043026864528656,
        1.050839439034462,
        1.0371497478336096,
        1.0400422774255276,
        1.035754095762968,
        1.0396391060203314,
        1.0347640942782164,
        1.0450175534933805,
        1.0329745132476091,
        1.0300372000783682,
        1.0286024864763021,
        1.0273762661963701,
        1.0314631089568138,
        1.0318946838378906,
        1.027834041044116,
        1.0305320397019386,
        1.0252551455050707,
        1.0406686253845692,
        1.0217421390116215,
        1.029652090743184,
        1.0243219509720802,
        1.0208150316029787,
        1.0200088359415531,
        1.0183307155966759,
        1.016775006428361,
        1.0169579684734344,
        1.0215922705829144,
        1.0180027019232512,
        1.015747256577015,
        1.0187294576317072,
        1.0125103536993265,
        1.0287068709731102,
        1.0191999152302742,
        1.0253093373030424,
        1.0129768569022417,
        1.0120089296251535,
        1.010727170854807
    ],
    "test_accuracy": 0.484,
    "test_class_accuracy": [
        0.43073047858942065,
        0.014218009478672985,
        0.7908163265306123
    ],
    "configs": {
        "embedding_dir": "/users/jakhan/scratch/embeddings/",
        "save_dir": "/users/jakhan/scratch/experiments",
        "model": "CLIP",
        "layer": "10",
        "probe": "linear",
        "dataset_name": "RAVEN",
        "data_config": "in_center_single_out_center_single",
        "task": "Size_0",
        "seed": "42",
        "lr": "0.001",
        "batch_size": "64",
        "epochs": "45"
    },
    "classes": {
        "0": "Constant",
        "1": "Progression",
        "2": "Distribute_Three"
    }
}