{
    "train_loss": [
        1.1005052594428366,
        1.0983848368867914,
        1.099928136835707,
        1.1008433585471296,
        1.1007813950802416,
        1.099755269415835,
        1.1000380338506495,
        1.101057397558334,
        1.1006840835226344,
        1.1002839169603713,
        1.0999891491646463,
        1.1010738661948671,
        1.0996331851533119,
        1.0999430658969473,
        1.0996139328530494,
        1.0997263307267047,
        1.1000731232318472,
        1.0997145860753161,
        1.0996674920650238,
        1.0995633069505082,
        1.0993742600400398,
        1.0998579631460474,
        1.1002501972178196,
        1.0992416422417823,
        1.09964475225895,
        1.1000920610224947,
        1.099264953998809,
        1.0988456023500321,
        1.0994578637975327,
        1.1008709960795464,
        1.1007549940271582,
        1.1001182934071154,
        1.0993867491153961,
        1.0998498987644276,
        1.0996700740875083,
        1.0995734942720292,
        1.0999127880055855,
        1.0999986554713959,
        1.1000177162758848,
        1.0989528552014778,
        1.0993138627803072,
        1.099293385414367,
        1.0998022505577574,
        1.099212425820371,
        1.0996410719891812
    ],
    "test_loss": [
        1.0991455540060997,
        1.1033176966011524,
        1.0993068404495716,
        1.0983297526836395,
        1.1033877804875374,
        1.0990815572440624,
        1.1011777371168137,
        1.0994119457900524,
        1.1022291667759418,
        1.0999466255307198,
        1.099034883081913,
        1.098415568470955,
        1.0983967036008835,
        1.0985273532569408,
        1.0990520156919956,
        1.101435225456953,
        1.0992726050317287,
        1.099088940769434,
        1.101924616843462,
        1.098640087991953,
        1.0985639244318008,
        1.0985730476677418,
        1.099115826189518,
        1.0983362458646297,
        1.0995268262922764,
        1.1012029349803925,
        1.0989351645112038,
        1.1013085767626762,
        1.1000210531055927,
        1.1036608964204788,
        1.0983832590281963,
        1.1003881096839905,
        1.101065669208765,
        1.0988633818924427,
        1.098364733159542,
        1.1013358011841774,
        1.0983702801167965,
        1.0986997671425343,
        1.0987284034490585,
        1.0991352871060371,
        1.0985759794712067,
        1.0984070487320423,
        1.09911585226655,
        1.0996146984398365,
        1.1019173189997673
    ],
    "test_accuracy": 0.343,
    "test_class_accuracy": [
        1.0,
        0.0,
        0.0
    ],
    "configs": {
        "embedding_dir": "/users/jakhan/scratch/embeddings/",
        "save_dir": "/users/jakhan/scratch/experiments",
        "model": "DINOv3",
        "layer": "0",
        "probe": "linear",
        "dataset_name": "RAVEN",
        "data_config": "in_center_single_out_center_single",
        "task": "Type_1",
        "seed": "42",
        "lr": "0.001",
        "batch_size": "64",
        "epochs": "45"
    },
    "classes": {
        "0": "Constant",
        "1": "Progression",
        "2": "Distribute_Three"
    }
}