{
    "train_loss": [
        1.1083489326720541,
        1.1074412515822878,
        1.099912035972514,
        1.0994772429161883,
        1.0976715265436376,
        1.0985886479945892,
        1.0974404583586024,
        1.0973465594839542,
        1.0978580345498754,
        1.0974214584269422,
        1.097564883688663,
        1.0980424500526267,
        1.097103127773772,
        1.0982559767175228,
        1.097355989699668,
        1.0980396613161614,
        1.0974771076060357,
        1.097901854109257,
        1.0982019799820921,
        1.0984918817560723,
        1.0976282548397145,
        1.0973251880483423,
        1.0970813251556235,
        1.0969300511035514,
        1.096348763780391,
        1.0965250540286937,
        1.0956293445952394,
        1.0962842461910653,
        1.09580796957016,
        1.0948780280478456,
        1.0941479244130723,
        1.0942234726662332,
        1.095264642796618,
        1.0944519474151286,
        1.09411510127656,
        1.0933736271046577,
        1.0919135606035273,
        1.091642034814713,
        1.0904169425051262,
        1.090133673333107,
        1.0909817675326734,
        1.0893135983893212,
        1.089514449555823,
        1.0902184324061617,
        1.0878020017705066
    ],
    "test_loss": [
        1.1239694952964783,
        1.101383127272129,
        1.0987445153295994,
        1.0961920097470284,
        1.1016131229698658,
        1.0966113395988941,
        1.096382036805153,
        1.0985331051051617,
        1.0966048911213875,
        1.0980899259448051,
        1.096588671207428,
        1.0963750965893269,
        1.1008540503680706,
        1.098461702466011,
        1.0972816944122314,
        1.0970991291105747,
        1.0972084067761898,
        1.098812684416771,
        1.0975100249052048,
        1.0977734103798866,
        1.0986195094883442,
        1.097146436572075,
        1.0965091176331043,
        1.0964341387152672,
        1.0967864654958248,
        1.0964761599898338,
        1.0962934382259846,
        1.0958791561424732,
        1.0954104140400887,
        1.0953080728650093,
        1.0957780666649342,
        1.095114104449749,
        1.0942612923681736,
        1.093758337199688,
        1.0933128409087658,
        1.0930670909583569,
        1.0925389155745506,
        1.0924337692558765,
        1.0919979438185692,
        1.091164655983448,
        1.0908945091068745,
        1.0916360169649124,
        1.089950542896986,
        1.0931537970900536,
        1.0890938341617584
    ],
    "test_accuracy": 0.401,
    "test_class_accuracy": [
        0.0,
        0.4826021180030257,
        0.6890156918687589
    ],
    "configs": {
        "embedding_dir": "/users/jakhan/scratch/embeddings/",
        "save_dir": "/users/jakhan/scratch/experiments",
        "model": "DINOv3",
        "layer": "4",
        "probe": "MLP",
        "dataset_name": "RAVEN",
        "data_config": "in_center_single_out_center_single",
        "task": "Type_0",
        "seed": "42",
        "lr": "0.001",
        "batch_size": "64",
        "epochs": "45"
    },
    "classes": {
        "0": "Constant",
        "1": "Progression",
        "2": "Distribute_Three"
    }
}