{
    "train_loss": [
        1.3591448994393045,
        1.2734956462332543,
        1.2132582829353658,
        1.1603702319429277,
        1.119566337859377,
        1.0792098685782006,
        1.0656791227929137,
        1.0171035122364125,
        0.9973865798179139,
        0.9740541399793422,
        0.9580133183205382,
        0.9420146117819116,
        0.9152781912621032,
        0.9006569271392011,
        0.8861160544638939,
        0.8889280728837277,
        0.8697688167399549,
        0.8534282002043216,
        0.8416953758990511,
        0.84178900084597,
        0.8200359357164261,
        0.8160265195876995,
        0.8227428686111531,
        0.7956401762810159,
        0.7974408249905769,
        0.7879916144178268,
        0.7653535794704518,
        0.7729525597805672,
        0.7775590768519868,
        0.7513161884977463,
        0.7477101531434567,
        0.7486350219300453,
        0.7429866613225734,
        0.7440767307230767,
        0.7231397698534295,
        0.7286966132356766,
        0.7179505216314438,
        0.7216370121595708,
        0.719743419517862,
        0.7152619076536056,
        0.7168594966543481,
        0.7192451173954821,
        0.7043602910447628,
        0.6939056566421021,
        0.7096790801337425
    ],
    "test_loss": [
        1.3169459737837315,
        1.2393244430422783,
        1.1754498817026615,
        1.1405845768749714,
        1.0943790674209595,
        1.0784478187561035,
        1.0390862338244915,
        1.0294652041047812,
        1.001316599547863,
        0.9776419568806887,
        0.962945556268096,
        0.9551188442856073,
        0.9286258239299059,
        0.9056652765721083,
        0.8983041886240244,
        0.9080102201551199,
        0.8775760103017092,
        0.9060140270739794,
        0.9022247605025768,
        0.8575289528816938,
        0.8575171027332544,
        0.8422792199999094,
        0.8396934065967798,
        0.8236983846873045,
        0.8608566503971815,
        0.8313826471567154,
        0.869687894359231,
        0.8707180786877871,
        0.8018272183835506,
        0.815507173538208,
        0.836681554093957,
        0.8142366427928209,
        0.7824029382318258,
        0.8189026080071926,
        0.7933915741741657,
        0.836774593219161,
        0.7850454859435558,
        0.7962137423455715,
        0.7931508589535952,
        0.7842894699424505,
        0.8296182733029127,
        0.7894930355250835,
        0.7832687273621559,
        0.77104177698493,
        0.8113500270992517
    ],
    "test_accuracy": 0.674,
    "test_class_accuracy": [
        0.5691699604743083,
        0.8505747126436781,
        0.8251028806584362,
        0.44238683127572015
    ],
    "configs": {
        "embedding_dir": "/users/jakhan/scratch/embeddings/",
        "save_dir": "/users/jakhan/scratch/experiments",
        "model": "CLIP",
        "layer": "10",
        "probe": "MLP",
        "dataset_name": "RAVEN",
        "data_config": "center_single",
        "task": "Size",
        "seed": "42",
        "lr": "0.001",
        "batch_size": "64",
        "epochs": "45"
    },
    "classes": {
        "0": "Constant",
        "1": "Progression",
        "2": "Arithmetic",
        "3": "Distribute_Three"
    }
}