{
    "train_loss": [
        1.0594670493552025,
        1.0560166265102142,
        1.0548703949502174,
        1.05520853273412,
        1.0540987322939204,
        1.0551618179108233,
        1.0533182646365875,
        1.054069642690902,
        1.0537015802048622,
        1.0532586955009622,
        1.0545528474006247,
        1.0546067667768357,
        1.0551384922037734,
        1.0536887087720506,
        1.0536797687094261,
        1.0539636066619387,
        1.0536082475743396,
        1.0533205701949748,
        1.0533248135384092,
        1.0538607360200678,
        1.0527845690859126,
        1.0545012405578127,
        1.053800566399351,
        1.0538158822566905,
        1.053681159273107,
        1.0539159825507631,
        1.0532588128079758,
        1.0540939639223383,
        1.053567885084355,
        1.053718389348781,
        1.053423454152777,
        1.0534909481697894,
        1.0535818712508425,
        1.0535728709494814,
        1.0531667629455,
        1.0536495402772377,
        1.0533560666632145,
        1.0533551205980016,
        1.0533852545504874,
        1.0531390797584614,
        1.0529484374726072,
        1.054203211627108,
        1.0531289888189195,
        1.0532533716648182,
        1.0532866614930174
    ],
    "test_loss": [
        1.062292816117406,
        1.064402649179101,
        1.0695544760674238,
        1.0626951903104782,
        1.062859907746315,
        1.062897713854909,
        1.0618494395166636,
        1.0627126600593328,
        1.0621789582073689,
        1.0618658941239119,
        1.063420932739973,
        1.0620061978697777,
        1.0638969242572784,
        1.0619865655899048,
        1.0627181138843298,
        1.0621798783540726,
        1.062797786667943,
        1.061869028955698,
        1.0621956884860992,
        1.0632473975419998,
        1.0638851560652256,
        1.0622876305133104,
        1.0633129179477692,
        1.0626438651233912,
        1.0618405379354954,
        1.0652501620352268,
        1.0622675362974405,
        1.0629625283181667,
        1.0627845618873835,
        1.0631349254399538,
        1.062652749940753,
        1.06193957477808,
        1.0628704857081175,
        1.0642296634614468,
        1.0618338137865067,
        1.0625726114958525,
        1.0621183309704065,
        1.0644245855510235,
        1.0634048022329807,
        1.0621722489595413,
        1.0644947793334723,
        1.0624267887324095,
        1.062658429145813,
        1.061861403286457,
        1.0622301753610373
    ],
    "test_accuracy": 0.392,
    "test_class_accuracy": [
        0.0,
        0.0,
        1.0
    ],
    "configs": {
        "embedding_dir": "/users/jakhan/scratch/embeddings/",
        "save_dir": "/users/jakhan/scratch/experiments",
        "model": "CLIP",
        "layer": "0",
        "probe": "MLP",
        "dataset_name": "RAVEN",
        "data_config": "in_center_single_out_center_single",
        "task": "Size_0",
        "seed": "42",
        "lr": "0.001",
        "batch_size": "64",
        "epochs": "45"
    },
    "classes": {
        "0": "Constant",
        "1": "Progression",
        "2": "Distribute_Three"
    }
}