{
    "train_loss": [
        1.384797436125735,
        1.3665641127748693,
        1.3434904775720962,
        1.3239610258569108,
        1.31383301222578,
        1.3042451726629378,
        1.2990490718090788,
        1.2920640123651383,
        1.2839983549523861,
        1.2722707733194878,
        1.2662372830066275,
        1.2608791602418778,
        1.258192482146811,
        1.2524123382061085,
        1.244285967755825,
        1.2445564549019996,
        1.2327323885674173,
        1.230516589702444,
        1.2218457739403907,
        1.2196281476223723,
        1.2161644012370008,
        1.2126003896936457,
        1.2017606699720342,
        1.2173392125900755,
        1.2005588386921173,
        1.1903798098259784,
        1.184570717050674,
        1.1783341004493388,
        1.1846231830880998,
        1.1737946550896827,
        1.1823792280034815,
        1.1735963390228596,
        1.1745546574288226,
        1.1629513831848795,
        1.1673933102729472,
        1.156373697392484,
        1.1633257859564843,
        1.1541222467067394,
        1.1572757889615728,
        1.1500839933435967,
        1.149714059018074,
        1.145149936701389,
        1.1376436923412567,
        1.137506365776062,
        1.1316815621041236
    ],
    "test_loss": [
        1.3989668786525726,
        1.3534677922725677,
        1.3357073292136192,
        1.3188927583396435,
        1.3064769394695759,
        1.3118191957473755,
        1.2916240468621254,
        1.2878494374454021,
        1.2794656455516815,
        1.2800335362553596,
        1.2684219107031822,
        1.2824358567595482,
        1.2875002808868885,
        1.2572861388325691,
        1.2504970766603947,
        1.251473791897297,
        1.245813813060522,
        1.23838434740901,
        1.2510246075689793,
        1.2290272563695908,
        1.2464076839387417,
        1.2237152196466923,
        1.2283736243844032,
        1.2578778378665447,
        1.2315454445779324,
        1.212976261973381,
        1.2138021551072598,
        1.2108253873884678,
        1.2252993434667587,
        1.2587405554950237,
        1.2124138213694096,
        1.202411688864231,
        1.2263610139489174,
        1.2169465608894825,
        1.1982511430978775,
        1.2261224873363972,
        1.2015102878212929,
        1.2171589881181717,
        1.193387683480978,
        1.2076640911400318,
        1.216091725975275,
        1.1850195936858654,
        1.2008605673909187,
        1.2042985558509827,
        1.195447288453579
    ],
    "test_accuracy": 0.452,
    "test_class_accuracy": [
        0.48261758691206547,
        0.3151969981238274,
        0.7030567685589519,
        0.3423076923076923
    ],
    "configs": {
        "embedding_dir": "/users/jakhan/scratch/embeddings/",
        "save_dir": "/users/jakhan/scratch/experiments",
        "model": "CLIP",
        "layer": "12",
        "probe": "MLP",
        "dataset_name": "RAVEN",
        "data_config": "in_center_single_out_center_single",
        "task": "Size_1",
        "seed": "42",
        "lr": "0.001",
        "batch_size": "64",
        "epochs": "45"
    },
    "classes": {
        "0": "Constant",
        "1": "Progression",
        "2": "Arithmetic",
        "3": "Distribute_Three"
    }
}