{
    "train_loss": [
        1.397139625346407,
        1.3708820977109544,
        1.3565817107545568,
        1.349963164075892,
        1.340559925170655,
        1.3413734613580908,
        1.3330640348982303,
        1.3299395188372185,
        1.3200484628373004,
        1.3237674616752786,
        1.3142180113082236,
        1.3143243865763887,
        1.3074373133639072,
        1.305841327981746,
        1.2990656558503495,
        1.2967781576704471,
        1.298510451266106,
        1.2910852381523619,
        1.2898646694548586,
        1.2852502909112484,
        1.2829751144064234,
        1.2854233992860673,
        1.2802598565182788,
        1.276929794473851,
        1.2753015997562003,
        1.2749425413760733,
        1.270926443820304,
        1.2725659761023014,
        1.2646993842530758,
        1.2662204871786402,
        1.2689756510105539,
        1.2646830246803609,
        1.2641259685475776,
        1.2565447852966634,
        1.258365163143645,
        1.255316986682567,
        1.25286672977691,
        1.2536535922517167,
        1.2578616167636627,
        1.2490297898333123,
        1.251019632562678,
        1.249003878299226,
        1.2451940952463354,
        1.2410738988125578,
        1.2440990995853505
    ],
    "test_loss": [
        1.3887662179768085,
        1.360040195286274,
        1.3706611655652523,
        1.3473617024719715,
        1.34451724588871,
        1.3347956836223602,
        1.3419133313000202,
        1.3308668062090874,
        1.3307550176978111,
        1.3301730528473854,
        1.3343501798808575,
        1.3227021023631096,
        1.3252386674284935,
        1.306129828095436,
        1.3131455034017563,
        1.3020391948521137,
        1.3068604953587055,
        1.2989590018987656,
        1.3031771704554558,
        1.2989211864769459,
        1.3070352002978325,
        1.3064616918563843,
        1.2963377460837364,
        1.2911413088440895,
        1.287944469600916,
        1.2927038557827473,
        1.2984665632247925,
        1.2851631119847298,
        1.2896249182522297,
        1.2848102934658527,
        1.2805707305669785,
        1.2853158712387085,
        1.2772182114422321,
        1.2824748046696186,
        1.2780394330620766,
        1.2737745642662048,
        1.2733963876962662,
        1.270079080015421,
        1.2761650495231152,
        1.2727944254875183,
        1.2793134599924088,
        1.2855823412537575,
        1.2676006332039833,
        1.2749073132872581,
        1.2651412263512611
    ],
    "test_accuracy": 0.4235,
    "test_class_accuracy": [
        0.4969939879759519,
        0.5352380952380953,
        0.33880903490759756,
        0.3128834355828221
    ],
    "configs": {
        "embedding_dir": "/users/jakhan/scratch/embeddings/",
        "save_dir": "/users/jakhan/scratch/experiments",
        "model": "DINOv3",
        "layer": "6",
        "probe": "linear",
        "dataset_name": "RAVEN",
        "data_config": "in_center_single_out_center_single",
        "task": "Color_1",
        "seed": "42",
        "lr": "0.001",
        "batch_size": "64",
        "epochs": "45"
    },
    "classes": {
        "0": "Constant",
        "1": "Progression",
        "2": "Arithmetic",
        "3": "Distribute_Three"
    }
}