{
    "train_loss": [
        1.3889120030910411,
        1.3882996224342508,
        1.3916737272384319,
        1.3913492611114016,
        1.3893014065762783,
        1.3900119002829208,
        1.388719823766262,
        1.3895910141315866,
        1.3912365284371884,
        1.3896605562656483,
        1.3905027242417032,
        1.3891332720188385,
        1.3887163223104273,
        1.3892130268380998,
        1.389876867862458,
        1.389955292356775,
        1.3888434691632048,
        1.3892271379207044,
        1.3897648821485804,
        1.3897025192037542,
        1.3931938080077475,
        1.388848714371945,
        1.3892096686870494,
        1.3896348184727607,
        1.3898461029884663,
        1.3895140797533887,
        1.3886960871676182,
        1.3881779630133446,
        1.3899784506635462,
        1.388477009661654,
        1.3909785557300487,
        1.3897782196389867,
        1.3898091240132109,
        1.3892855136952502,
        1.390550011015953,
        1.389138750573422,
        1.389848676133663,
        1.390052928569469,
        1.389968549951594,
        1.3899075414272064,
        1.3906673053477674,
        1.3896540124365624,
        1.390652153086155,
        1.3915115366590785,
        1.38950980597354
    ],
    "test_loss": [
        1.3891472443938255,
        1.3910390846431255,
        1.3876183852553368,
        1.3857378251850605,
        1.3893724381923676,
        1.3855154439806938,
        1.3892450146377087,
        1.3873900696635246,
        1.3866614028811455,
        1.3876638635993004,
        1.3872606605291367,
        1.3862621523439884,
        1.3873068429529667,
        1.393156599253416,
        1.3974941335618496,
        1.3866134695708752,
        1.386566624045372,
        1.394380647689104,
        1.3928451873362064,
        1.3951475620269775,
        1.388364877551794,
        1.3960367999970913,
        1.392944049090147,
        1.3891530893743038,
        1.3882245868444443,
        1.388126589357853,
        1.391083985567093,
        1.386890646070242,
        1.3927764408290386,
        1.3936098702251911,
        1.393322441726923,
        1.394396509975195,
        1.3903313055634499,
        1.3862423747777939,
        1.3949658758938313,
        1.3924529142677784,
        1.3879822865128517,
        1.387445107102394,
        1.3879115022718906,
        1.391557153314352,
        1.3904215060174465,
        1.3934115320444107,
        1.3856346681714058,
        1.4074223563075066,
        1.3889562040567398
    ],
    "test_accuracy": 0.243,
    "test_class_accuracy": [
        0.0,
        0.0,
        1.0,
        0.0
    ],
    "configs": {
        "embedding_dir": "/users/jakhan/scratch/embeddings/",
        "save_dir": "/users/jakhan/scratch/experiments",
        "model": "CLIP",
        "layer": "0",
        "probe": "linear",
        "dataset_name": "RAVEN",
        "data_config": "center_single",
        "task": "Size",
        "seed": "42",
        "lr": "0.001",
        "batch_size": "64",
        "epochs": "45"
    },
    "classes": {
        "0": "Constant",
        "1": "Progression",
        "2": "Arithmetic",
        "3": "Distribute_Three"
    }
}