{
    "train_loss": [
        1.5834493966812784,
        1.0746715176612773,
        0.9809839338698285,
        0.9317813902459247,
        0.9357535243034363,
        0.8763772261903641,
        0.889908659965434,
        0.8711760836712857,
        0.8130881247368265,
        0.8285137827092028,
        0.7781237015064727,
        0.8063482058809158,
        0.7709477087284656,
        0.7759878400792467,
        0.7931654294754596,
        0.7814512760081189,
        0.7388204475666614,
        0.7438757527381816,
        0.7804208334456099,
        0.7269949076023507,
        0.7468851747665,
        0.79672194922224,
        0.7505181986600795,
        0.7414325773715973,
        0.7208903720404239,
        0.7085785605805985,
        0.7165799955738351,
        0.699372409823093,
        0.6943030975600506,
        0.7301252424082858,
        0.7243405739043621,
        0.6923991029566907,
        0.6952611157234679,
        0.6930898884509472,
        0.719866970118056,
        0.6837607064145677,
        0.6946475807022541,
        0.7975408999209709,
        0.7117158986152486,
        0.6887464748418077,
        0.6931035103316002,
        0.6793070603558358,
        0.6578435815395193,
        0.7476917137490943,
        0.6768854580661083
    ],
    "test_loss": [
        1.0792677719146013,
        0.9679129533469677,
        0.9676049407571554,
        0.900082228705287,
        1.0001167468726635,
        0.8688045591115952,
        0.8044258709996939,
        0.9240209981799126,
        0.7783278096467257,
        0.7851872146129608,
        0.7717320751398802,
        0.7663569804280996,
        0.7751393280923367,
        0.784958565607667,
        0.7778216134756804,
        0.7434971742331982,
        0.7739682961255312,
        0.7080117333680391,
        0.7788718286901712,
        0.723744597285986,
        0.7152176164090633,
        0.7933925706893206,
        0.7308862712234259,
        0.6960000479593873,
        0.7498789727687836,
        0.8338378611952066,
        0.7534101232886314,
        0.7583472263067961,
        0.8018857911229134,
        0.7061833571642637,
        0.6952231135219336,
        0.932934120297432,
        0.6714626792818308,
        0.6902383249253035,
        0.7615902088582516,
        0.7402160707861185,
        0.6772384373471141,
        0.7916414197534323,
        0.6619148962199688,
        0.7943872101604939,
        0.687765883281827,
        0.7009788993746042,
        0.6817872524261475,
        0.9471871629357338,
        0.6741395760327578
    ],
    "test_accuracy": 0.709,
    "test_class_accuracy": [
        0.8454810495626822,
        0.6834094368340944,
        0.5920852359208524
    ],
    "configs": {
        "embedding_dir": "/users/jakhan/scratch/embeddings/",
        "save_dir": "/users/jakhan/scratch/experiments",
        "model": "DINOv3",
        "layer": "12",
        "probe": "linear",
        "dataset_name": "RAVEN",
        "data_config": "in_center_single_out_center_single",
        "task": "Type_1",
        "seed": "42",
        "lr": "0.001",
        "batch_size": "64",
        "epochs": "45"
    },
    "classes": {
        "0": "Constant",
        "1": "Progression",
        "2": "Distribute_Three"
    }
}