{
    "train_loss": [
        1.1088764730920182,
        1.100797859912223,
        1.0991911063803004,
        1.0997702758362953,
        1.0986503058291497,
        1.0982056678609644,
        1.0971461547181962,
        1.0950566542909501,
        1.0965002711783065,
        1.094427836702225,
        1.0937948886384354,
        1.0955433312882767,
        1.0927162018228085,
        1.0916314277243107,
        1.090867355782935,
        1.0901518705043387,
        1.0883584783432332,
        1.0891150756085173,
        1.089251735108964,
        1.0885664833352922,
        1.0864954996616283,
        1.08683144031687,
        1.0852281628771032,
        1.0866910726466077,
        1.085112862130429,
        1.0845084697642224,
        1.084697444388207,
        1.0841335502076657,
        1.0816655323860493,
        1.0830470412335498,
        1.0876991558582225,
        1.0817700890784567,
        1.0806489066874727,
        1.0814650743565661,
        1.0818929279104192,
        1.0791921564873228,
        1.0799571009392435,
        1.079067072969802,
        1.080532673825609,
        1.0802092450730345,
        1.0782444870218317,
        1.0769158906125007,
        1.0790574195537161,
        1.0780239511043468,
        1.0768240855095235
    ],
    "test_loss": [
        1.097583394497633,
        1.0973370745778084,
        1.102783378213644,
        1.0953979529440403,
        1.095891997218132,
        1.1118682585656643,
        1.0936274603009224,
        1.0961437039077282,
        1.0958486013114452,
        1.0921871550381184,
        1.0907923988997936,
        1.0932947546243668,
        1.092105146497488,
        1.08973004296422,
        1.0920689888298512,
        1.088710118085146,
        1.0886737294495106,
        1.0917863473296165,
        1.0872447229921818,
        1.0870104171335697,
        1.0911041758954525,
        1.0899445116519928,
        1.090505987405777,
        1.0937189124524593,
        1.0888584479689598,
        1.0849053338170052,
        1.0851378291845322,
        1.0832705162465572,
        1.0847977735102177,
        1.0872609615325928,
        1.0857226103544235,
        1.0831242054700851,
        1.0842267572879791,
        1.0828594081103802,
        1.0835369117558002,
        1.08326743170619,
        1.082369338721037,
        1.0888798870146275,
        1.0863167569041252,
        1.0805724002420902,
        1.0786209180951118,
        1.0798817537724972,
        1.0783125422894955,
        1.0785212777554989,
        1.0776953659951687
    ],
    "test_accuracy": 0.4205,
    "test_class_accuracy": [
        0.3432601880877743,
        0.30559757942511345,
        0.5991440798858774
    ],
    "configs": {
        "embedding_dir": "/users/jakhan/scratch/embeddings/",
        "save_dir": "/users/jakhan/scratch/experiments",
        "model": "DINOv3",
        "layer": "4",
        "probe": "linear",
        "dataset_name": "RAVEN",
        "data_config": "in_center_single_out_center_single",
        "task": "Type_0",
        "seed": "42",
        "lr": "0.001",
        "batch_size": "64",
        "epochs": "45"
    },
    "classes": {
        "0": "Constant",
        "1": "Progression",
        "2": "Distribute_Three"
    }
}