{
    "train_loss": [
        1.3852677040911736,
        1.3537294585654076,
        1.3347568194916908,
        1.3205755644656243,
        1.3070599284577877,
        1.2952210192984723,
        1.2851955763837124,
        1.2780311678318268,
        1.2700573954176395,
        1.265890139214536,
        1.2573630454692435,
        1.2527637443643935,
        1.2455647727276415,
        1.2403228739474683,
        1.238825500011444,
        1.2360789623666317,
        1.2327292802486014,
        1.2270605285116967,
        1.2259929585964122,
        1.2201567254167922,
        1.2183761672770723,
        1.2168360339834334,
        1.2129088830440602,
        1.2102887224643788,
        1.205360451911358,
        1.2038620190417513,
        1.2030966598936852,
        1.2000606605347166,
        1.1991183364644964,
        1.1965037064349398,
        1.1955426893335708,
        1.1949840086571715,
        1.1914267045386293,
        1.1896503364786188,
        1.1889182760360393,
        1.187814474105835,
        1.1853411590799372,
        1.1832139415943876,
        1.1838689395721922,
        1.179849700724825,
        1.1799112850047173,
        1.179760566417207,
        1.175463653625326,
        1.1750458022381396,
        1.1717445989872546
    ],
    "test_loss": [
        1.366967674344778,
        1.3401371538639069,
        1.3282787837088108,
        1.3126174174249172,
        1.3042357228696346,
        1.2913118116557598,
        1.286033608019352,
        1.2728350795805454,
        1.2735698223114014,
        1.262536320835352,
        1.2575514502823353,
        1.2525855414569378,
        1.2449951581656933,
        1.2407688088715076,
        1.2507954016327858,
        1.2422225773334503,
        1.2335797660052776,
        1.2272211164236069,
        1.2375704124569893,
        1.2205854319036007,
        1.2178819179534912,
        1.2150940150022507,
        1.2248830758035183,
        1.216694314032793,
        1.2085990384221077,
        1.2091717831790447,
        1.2053328156471252,
        1.2030318044126034,
        1.2011492811143398,
        1.2009343542158604,
        1.200878530740738,
        1.1977295652031898,
        1.1962854973971844,
        1.1954675652086735,
        1.193723637610674,
        1.1932823061943054,
        1.1886519305408,
        1.1875552609562874,
        1.1877653747797012,
        1.1842179708182812,
        1.2032464668154716,
        1.1862344853579998,
        1.1803844906389713,
        1.1791546270251274,
        1.1832975186407566
    ],
    "test_accuracy": 0.4635,
    "test_class_accuracy": [
        0.5109090909090909,
        0.4369747899159664,
        0.534020618556701,
        0.3660531697341513
    ],
    "configs": {
        "embedding_dir": "/users/jakhan/scratch/embeddings/",
        "save_dir": "/users/jakhan/scratch/experiments",
        "model": "DINOv3",
        "layer": "4",
        "probe": "linear",
        "dataset_name": "RAVEN",
        "data_config": "center_single",
        "task": "Color",
        "seed": "42",
        "lr": "0.001",
        "batch_size": "64",
        "epochs": "45"
    },
    "classes": {
        "0": "Constant",
        "1": "Progression",
        "2": "Arithmetic",
        "3": "Distribute_Three"
    }
}