{
    "train_loss": [
        1.211367869630773,
        1.107297864366085,
        1.111262077980853,
        1.0837559192738635,
        1.0682064687952082,
        1.0742618346467931,
        1.0580887344289334,
        1.0564873966764896,
        1.0529093380938186,
        1.0312626273074048,
        1.0437930492644614,
        1.0275724156105772,
        1.0339406177084496,
        1.0247688908526238,
        1.041173130273819,
        1.0413792076263022,
        1.0186463626141244,
        1.0220877712077283,
        1.02089132653906,
        1.0540690954695358,
        1.018369842716988,
        1.0054746656975848,
        1.0295602622184348,
        1.028233712657969,
        1.0121826580230227,
        1.0115704796415694,
        1.024762600660324,
        1.0355999729734786,
        1.00071212522527,
        1.002899945416349,
        0.9929143906907832,
        1.0013838936673833,
        0.988642303867543,
        1.001391239622806,
        0.9930424652201064,
        0.9761276543140411,
        0.9801937462167537,
        0.988424484400039,
        0.9775356663034317,
        0.965411938885425,
        0.9851463823876483,
        0.9647744215549307,
        0.967973011605283,
        0.9644114774592379,
        0.9731759130954742
    ],
    "test_loss": [
        1.1136900708079338,
        1.082760777324438,
        1.0890692584216595,
        1.1082471050322056,
        1.1567502804100513,
        1.0627919882535934,
        1.0449729412794113,
        1.0564779974520206,
        1.0608846545219421,
        1.0422117058187723,
        1.040059071034193,
        1.030940555036068,
        1.085693433880806,
        1.019120616838336,
        1.024521864950657,
        1.1058099027723074,
        1.0208484008908272,
        1.0556328799575567,
        1.0279285293072462,
        1.0363895557820797,
        1.0195968467742205,
        1.014428487047553,
        1.0265275351703167,
        1.020067036151886,
        1.020965650677681,
        1.0090827196836472,
        1.0062421653419733,
        1.0176006145775318,
        1.0203660149127245,
        1.0144785344600677,
        1.010270280763507,
        1.003686161711812,
        1.0492094215005636,
        0.9940594676882029,
        0.9891622494906187,
        1.01053162291646,
        0.9969056509435177,
        0.9938854780048132,
        0.988375211134553,
        0.9758346807211637,
        0.9807375799864531,
        0.9713932666927576,
        1.006191037595272,
        0.9858412146568298,
        0.9905157666653395
    ],
    "test_accuracy": 0.504,
    "test_class_accuracy": [
        0.4679300291545189,
        0.7579908675799086,
        0.2876712328767123
    ],
    "configs": {
        "embedding_dir": "/users/jakhan/scratch/embeddings/",
        "save_dir": "/users/jakhan/scratch/experiments",
        "model": "DINOv3",
        "layer": "8",
        "probe": "MLP",
        "dataset_name": "RAVEN",
        "data_config": "in_center_single_out_center_single",
        "task": "Type_1",
        "seed": "42",
        "lr": "0.001",
        "batch_size": "64",
        "epochs": "45"
    },
    "classes": {
        "0": "Constant",
        "1": "Progression",
        "2": "Distribute_Three"
    }
}