{
    "train_loss": [
        1.3984300582966906,
        1.388714501198302,
        1.3849409083102613,
        1.3857269249063857,
        1.3835338810656934,
        1.3821252064501985,
        1.3847503307017874,
        1.3815110097540186,
        1.3808067922896528,
        1.3780506595652153,
        1.376294604007234,
        1.3751724539919103,
        1.3755987857250458,
        1.375490777035977,
        1.373757485379564,
        1.3725312288771285,
        1.3746639819855386,
        1.372730036999317,
        1.3713232025187065,
        1.3705856964943257,
        1.368379499049897,
        1.3710803833413632,
        1.369842141232592,
        1.3680446211327897,
        1.3667251759387078,
        1.3674531667790515,
        1.3680680381490828,
        1.3647865792538256,
        1.364981379914791,
        1.3658489280558648,
        1.3642989143412163,
        1.3646894186101062,
        1.3631580332492261,
        1.3639765331085691,
        1.363567849423023,
        1.361408768816197,
        1.3608263807093843,
        1.3597939521708386,
        1.3617811177639252,
        1.360791712365252,
        1.3591404417727857,
        1.3603500191201554,
        1.358949989714521,
        1.3576682273377763,
        1.3583744472645698
    ],
    "test_loss": [
        1.3895042091608047,
        1.3901491090655327,
        1.3840433806180954,
        1.3813210390508175,
        1.381192907691002,
        1.3788344897329807,
        1.3789435476064682,
        1.3819744624197483,
        1.3796243518590927,
        1.3791323900222778,
        1.375570397824049,
        1.3753917664289474,
        1.3773705624043941,
        1.375163022428751,
        1.3725495040416718,
        1.3770598024129868,
        1.376992091536522,
        1.3736974708735943,
        1.3709738031029701,
        1.3750615641474724,
        1.3712563030421734,
        1.3693200051784515,
        1.3720735013484955,
        1.3703031577169895,
        1.3695973120629787,
        1.3702073208987713,
        1.3682455345988274,
        1.3671757318079472,
        1.3760632909834385,
        1.3705223463475704,
        1.3674871027469635,
        1.365322321653366,
        1.3705183789134026,
        1.3686982467770576,
        1.3649563267827034,
        1.3665295280516148,
        1.3632396720349789,
        1.3625416234135628,
        1.3673337064683437,
        1.370020367205143,
        1.370190478861332,
        1.3621840216219425,
        1.3617814518511295,
        1.367538709193468,
        1.3618833646178246
    ],
    "test_accuracy": 0.291,
    "test_class_accuracy": [
        0.002044989775051125,
        0.2795497185741088,
        0.1965065502183406,
        0.6576923076923077
    ],
    "configs": {
        "embedding_dir": "/users/jakhan/scratch/embeddings/",
        "save_dir": "/users/jakhan/scratch/experiments",
        "model": "DINOv3",
        "layer": "2",
        "probe": "linear",
        "dataset_name": "RAVEN",
        "data_config": "in_center_single_out_center_single",
        "task": "Size_1",
        "seed": "42",
        "lr": "0.001",
        "batch_size": "64",
        "epochs": "45"
    },
    "classes": {
        "0": "Constant",
        "1": "Progression",
        "2": "Arithmetic",
        "3": "Distribute_Three"
    }
}