{
    "train_loss": [
        1.3503782495539238,
        1.0446341323091628,
        0.9757552248366336,
        0.9395668430531279,
        0.8922074367391303,
        0.8594242499229756,
        0.819898693485463,
        0.7889320431871617,
        0.7732112788139506,
        0.7515483048368008,
        0.7500348674490097,
        0.7186539515535882,
        0.6964197609018772,
        0.6967746545659735,
        0.669958234467405,
        0.670491283878367,
        0.6452077322817863,
        0.6354281800858518,
        0.6254326885050916,
        0.6305368967512821,
        0.6293733991841053,
        0.6079478060945551,
        0.5942654685771211,
        0.5882609914591972,
        0.5862946139371141,
        0.5717436496881728,
        0.5825593921732395,
        0.5680584308314831,
        0.5601626701177435,
        0.5478038962217088,
        0.5447443127632141,
        0.5433088572735482,
        0.5293590239387878,
        0.5339033460997521,
        0.5251823172290274,
        0.520657443936835,
        0.5158245836166625,
        0.5240848692173653,
        0.525845189677908,
        0.5161023980125468,
        0.5108241908093716,
        0.5137427557022014,
        0.4934308861798428,
        0.48980153811738847,
        0.48728934405966007
    ],
    "test_loss": [
        1.065367717295885,
        1.0562123507261276,
        0.9643973987549543,
        0.9221405144780874,
        0.8852839358150959,
        0.8424713239073753,
        0.8135701902210712,
        0.8018834944814444,
        0.7754304856061935,
        0.7655057534575462,
        0.8260164260864258,
        0.7145504597574472,
        0.7034543547779322,
        0.6994920186698437,
        0.6966026742011309,
        0.6671729944646358,
        0.6787087246775627,
        0.6665419302880764,
        0.6411618776619434,
        0.6715442650020123,
        0.7233666349202394,
        0.6276703085750341,
        0.6203652583062649,
        0.6328250775113702,
        0.5927751371636987,
        0.6077763009816408,
        0.6015485115349293,
        0.592175081372261,
        0.5790520468726754,
        0.5953730018809438,
        0.575395449064672,
        0.5691426591947675,
        0.5514288544654846,
        0.5489035425707698,
        0.5454064626246691,
        0.5864347629249096,
        0.5366969052702188,
        0.5662848446518183,
        0.5475493241101503,
        0.5763787180185318,
        0.5628580264747143,
        0.5181530062109232,
        0.5211735460907221,
        0.5291133094578981,
        0.518166464753449
    ],
    "test_accuracy": 0.795,
    "test_class_accuracy": [
        0.8260188087774295,
        0.7503782148260212,
        0.8088445078459344
    ],
    "configs": {
        "embedding_dir": "/users/jakhan/scratch/embeddings/",
        "save_dir": "/users/jakhan/scratch/experiments",
        "model": "DINOv3",
        "layer": "10",
        "probe": "linear",
        "dataset_name": "RAVEN",
        "data_config": "in_center_single_out_center_single",
        "task": "Type_0",
        "seed": "42",
        "lr": "0.001",
        "batch_size": "64",
        "epochs": "45"
    },
    "classes": {
        "0": "Constant",
        "1": "Progression",
        "2": "Distribute_Three"
    }
}