{
    "train_loss": [
        1.1122826756315027,
        1.098527655956593,
        1.1000145217205615,
        1.1018030846372564,
        1.1026587219948465,
        1.100960576787908,
        1.0993063728860084,
        1.1009919744856813,
        1.1002480730097344,
        1.1010140167905929,
        1.099884647004148,
        1.1003618823721053,
        1.099552238241155,
        1.1000533915580588,
        1.098816877983986,
        1.0987104228202333,
        1.1001385412317641,
        1.0983380015860214,
        1.0985529295941616,
        1.0980976021036188,
        1.0981137651078245,
        1.098448911879925,
        1.1001637907738382,
        1.097360113833813,
        1.097907062540663,
        1.0993083119392395,
        1.0974368376934782,
        1.0962965196751533,
        1.0970619219414732,
        1.0992055053406573,
        1.0976390623031778,
        1.0970503700540422,
        1.0961089704899079,
        1.0974556524702843,
        1.097117968062137,
        1.096724989566397,
        1.097984698224575,
        1.0969460403665583,
        1.0970790804700647,
        1.095610036494884,
        1.0965322256088257,
        1.0964003230663055,
        1.0967527285535286,
        1.0963310802236517,
        1.0966817305443135
    ],
    "test_loss": [
        1.099047001451254,
        1.1005820594727993,
        1.1013754904270172,
        1.0983303822577,
        1.099477469921112,
        1.098848506808281,
        1.1076881103217602,
        1.098796769976616,
        1.1002486757934093,
        1.0987470671534538,
        1.0982496738433838,
        1.0986079797148705,
        1.0981633923947811,
        1.0998893603682518,
        1.0986888594925404,
        1.1024316810071468,
        1.0984061919152737,
        1.0977791212499142,
        1.101252969354391,
        1.0974663943052292,
        1.098414983600378,
        1.0989994257688522,
        1.098002903163433,
        1.0983513742685318,
        1.0976203940808773,
        1.1042583659291267,
        1.0981325171887875,
        1.1006390117108822,
        1.1013685651123524,
        1.104628149420023,
        1.0986609421670437,
        1.1008699126541615,
        1.1005353294312954,
        1.0974343866109848,
        1.0980978943407536,
        1.102285958826542,
        1.0975321009755135,
        1.1017237901687622,
        1.0969784036278725,
        1.0978010930120945,
        1.0979190319776535,
        1.0971229895949364,
        1.0977004766464233,
        1.1018430106341839,
        1.0993128940463066
    ],
    "test_accuracy": 0.346,
    "test_class_accuracy": [
        0.9096209912536443,
        0.1035007610350076,
        0.0
    ],
    "configs": {
        "embedding_dir": "/users/jakhan/scratch/embeddings/",
        "save_dir": "/users/jakhan/scratch/experiments",
        "model": "DINOv3",
        "layer": "2",
        "probe": "linear",
        "dataset_name": "RAVEN",
        "data_config": "in_center_single_out_center_single",
        "task": "Type_1",
        "seed": "42",
        "lr": "0.001",
        "batch_size": "64",
        "epochs": "45"
    },
    "classes": {
        "0": "Constant",
        "1": "Progression",
        "2": "Distribute_Three"
    }
}