{
    "train_loss": [
        1.3371163784189428,
        1.2576194747965386,
        1.2058171591860183,
        1.169243703497217,
        1.1346852056523586,
        1.1090986842804766,
        1.085572748108113,
        1.0675435820792585,
        1.0484585058181843,
        1.034332551854722,
        1.0152626988735605,
        1.0046099627271612,
        0.9891942282940479,
        0.9771763492137828,
        0.9687432773569797,
        0.9564719624975895,
        0.9540895978186993,
        0.9414484202861786,
        0.9310462493845757,
        0.923764556012255,
        0.9175142893131744,
        0.912732018435255,
        0.903268519868242,
        0.8990976005158526,
        0.8893778019763053,
        0.8846920234091739,
        0.8809603750705719,
        0.8744553739720202,
        0.8709630858390889,
        0.8635577787744239,
        0.8592613364787812,
        0.8539469146982153,
        0.8513062450479953,
        0.8461985727573963,
        0.8410774050874913,
        0.8388586247220953,
        0.8397680140556173,
        0.8316893729757755,
        0.8271184500227583,
        0.8215065370214746,
        0.8230363447615441,
        0.8152275193244853,
        0.8135473912066602,
        0.8093367770631262,
        0.805021012083013
    ],
    "test_loss": [
        1.2911505810916424,
        1.2306838408112526,
        1.1986257657408714,
        1.1550757437944412,
        1.1227664537727833,
        1.100897142663598,
        1.0833526756614447,
        1.0575168300420046,
        1.0446210522204638,
        1.0241344552487135,
        1.0387161243706942,
        0.9999535456299782,
        0.9855716954916716,
        0.9747914224863052,
        0.9674422796815634,
        0.9614453017711639,
        0.9516631253063679,
        0.9381527565419674,
        0.9329853262752295,
        0.9245532359927893,
        0.9215965587645769,
        0.9083450082689524,
        0.9064067732542753,
        0.9086335711181164,
        0.8895177710801363,
        0.8914856631308794,
        0.8825101722031832,
        0.8786618858575821,
        0.8806889988481998,
        0.8675626162439585,
        0.8606893680989742,
        0.8577282186597586,
        0.8668148927390575,
        0.8489880803972483,
        0.8488539550453424,
        0.8497495111078024,
        0.8445710819214582,
        0.8372681625187397,
        0.8311408068984747,
        0.82993751950562,
        0.8313853330910206,
        0.820334542542696,
        0.8229003176093102,
        0.8201411738991737,
        0.8206154815852642
    ],
    "test_accuracy": 0.6695,
    "test_class_accuracy": [
        0.7890909090909091,
        0.726890756302521,
        0.6412371134020619,
        0.5071574642126789
    ],
    "configs": {
        "embedding_dir": "/users/jakhan/scratch/embeddings/",
        "save_dir": "/users/jakhan/scratch/experiments",
        "model": "CLIP",
        "layer": "12",
        "probe": "linear",
        "dataset_name": "RAVEN",
        "data_config": "center_single",
        "task": "Color",
        "seed": "42",
        "lr": "0.001",
        "batch_size": "64",
        "epochs": "45"
    },
    "classes": {
        "0": "Constant",
        "1": "Progression",
        "2": "Arithmetic",
        "3": "Distribute_Three"
    }
}