{
    "train_loss": [
        1.37057633983328,
        1.3340642693194937,
        1.313690423965454,
        1.2937774087520355,
        1.2740106011958832,
        1.2592660467675392,
        1.2464562908132026,
        1.2344036799796083,
        1.2267105059420809,
        1.2132216489061396,
        1.2050500499441268,
        1.195587843022448,
        1.1869873835685405,
        1.1790582448878186,
        1.1729886557193512,
        1.1666104895003298,
        1.1582695296470156,
        1.1526064606423074,
        1.1469544755651595,
        1.1414688445152121,
        1.1386171845679587,
        1.1299844257375027,
        1.125685748901773,
        1.119795248863545,
        1.116342601623941,
        1.1103858738503558,
        1.1047458217499104,
        1.1010642869675413,
        1.0973374761165458,
        1.0921945007557565,
        1.0906928156284577,
        1.084380915824403,
        1.0815310173846306,
        1.0771894309114902,
        1.0746946550430136,
        1.0683263838291168,
        1.0677352534963729,
        1.0645724446215528,
        1.059356095943045,
        1.0557382366758712,
        1.0542660000476431,
        1.051401286049092,
        1.0479325683827097,
        1.0466904316810852,
        1.041290023859511
    ],
    "test_loss": [
        1.3505109325051308,
        1.3221117816865444,
        1.2970086373388767,
        1.2783034071326256,
        1.2650088742375374,
        1.2480906248092651,
        1.239826936274767,
        1.2289674691855907,
        1.2177966386079788,
        1.2099972441792488,
        1.1990046091377735,
        1.1912968456745148,
        1.183610487729311,
        1.1884968467056751,
        1.1839154735207558,
        1.1640138365328312,
        1.1577524691820145,
        1.1573648266494274,
        1.150462094694376,
        1.1500108279287815,
        1.1418135054409504,
        1.1481784991919994,
        1.133964892476797,
        1.1256142407655716,
        1.1215575635433197,
        1.117323361337185,
        1.1126602031290531,
        1.1094021052122116,
        1.1052576191723347,
        1.1053392812609673,
        1.0993626527488232,
        1.0992530025541782,
        1.0900060646235943,
        1.0845813266932964,
        1.096683718264103,
        1.0840638726949692,
        1.0777213405817747,
        1.0729337241500616,
        1.0715376399457455,
        1.0706249829381704,
        1.0677534118294716,
        1.0685770455747843,
        1.059877885505557,
        1.0752630159258842,
        1.0576472990214825
    ],
    "test_accuracy": 0.5585,
    "test_class_accuracy": [
        0.5177865612648221,
        0.5095785440613027,
        0.7448559670781894,
        0.4670781893004115
    ],
    "configs": {
        "embedding_dir": "/users/jakhan/scratch/embeddings/",
        "save_dir": "/users/jakhan/scratch/experiments",
        "model": "CLIP",
        "layer": "10",
        "probe": "linear",
        "dataset_name": "RAVEN",
        "data_config": "center_single",
        "task": "Size",
        "seed": "42",
        "lr": "0.001",
        "batch_size": "64",
        "epochs": "45"
    },
    "classes": {
        "0": "Constant",
        "1": "Progression",
        "2": "Arithmetic",
        "3": "Distribute_Three"
    }
}