{
    "train_loss": [
        1.082233062449922,
        1.0411074573689318,
        1.0083976686000824,
        0.9791438826855193,
        0.9557048399397667,
        0.9354510649721673,
        0.9151583358328393,
        0.8985155979369549,
        0.8829052581432018,
        0.868365264319359,
        0.8559875006371356,
        0.8438928615539631,
        0.8338270758060699,
        0.8234013154151592,
        0.8130605474431464,
        0.8041945226649021,
        0.7962552391468211,
        0.7875324519390755,
        0.779239832720858,
        0.7729529846221843,
        0.7667891554375912,
        0.7589337800411468,
        0.7535549966578788,
        0.7466646508967623,
        0.740379420366693,
        0.7344058035536015,
        0.729146160977952,
        0.7246082380731055,
        0.7190538023380523,
        0.7146188077774454,
        0.709518035041525,
        0.7053857115989036,
        0.7002196115382174,
        0.6963398532664522,
        0.6915852554300999,
        0.6873272651053489,
        0.6829537261039653,
        0.679258017463887,
        0.6779692153981391,
        0.6717276738045064,
        0.6675865637495163,
        0.6648615262609847,
        0.6619355082511902,
        0.657028797459095,
        0.6549364696157739
    ],
    "test_loss": [
        1.061314981430769,
        1.0256286151707172,
        0.993311295285821,
        0.9732123091816902,
        0.9478067606687546,
        0.9279250092804432,
        0.9078309442847967,
        0.8919704258441925,
        0.8773351963609457,
        0.8647107779979706,
        0.8539086915552616,
        0.8417179808020592,
        0.8306321874260902,
        0.822884701192379,
        0.817008875310421,
        0.8032247517257929,
        0.7951147053390741,
        0.7881779372692108,
        0.7823367509990931,
        0.7754145935177803,
        0.7669089883565903,
        0.7662142850458622,
        0.7559180464595556,
        0.7485320195555687,
        0.7430659048259258,
        0.7368632014840841,
        0.7321765795350075,
        0.7264490481466055,
        0.7232899032533169,
        0.7173240166157484,
        0.7141664121299982,
        0.7093940172344446,
        0.7036099042743444,
        0.6997868847101927,
        0.7045473046600819,
        0.6920968387275934,
        0.688164584338665,
        0.6893653254956007,
        0.6802297011017799,
        0.6771328020840883,
        0.6759907715022564,
        0.6697851177304983,
        0.6659667398780584,
        0.6625916622579098,
        0.6716949194669724
    ],
    "test_accuracy": 0.7135,
    "test_class_accuracy": [
        0.8244047619047619,
        0.4901065449010654,
        0.8211624441132638
    ],
    "configs": {
        "embedding_dir": "/users/jakhan/scratch/embeddings/",
        "save_dir": "/users/jakhan/scratch/experiments",
        "model": "CLIP",
        "layer": "8",
        "probe": "linear",
        "dataset_name": "RAVEN",
        "data_config": "center_single",
        "task": "Type",
        "seed": "42",
        "lr": "0.001",
        "batch_size": "64",
        "epochs": "45"
    },
    "classes": {
        "0": "Constant",
        "1": "Progression",
        "2": "Distribute_Three"
    }
}