{
    "train_loss": [
        1.3888599492133933,
        1.386805661181186,
        1.3865584033600828,
        1.3866563972006454,
        1.3864770480927,
        1.3864124024167974,
        1.3863734044927232,
        1.3863821232572515,
        1.3862688693594425,
        1.3862668212423934,
        1.386380951455299,
        1.3862751227744081,
        1.3862774435510026,
        1.3861785023770434,
        1.3864042289713596,
        1.3863329570344154,
        1.386220466583333,
        1.3861874316601044,
        1.3862590422021581,
        1.386245367374826,
        1.3862318396568298,
        1.3862540899439062,
        1.3862699612658074,
        1.3862518642811066,
        1.3862052813489387,
        1.3862440129543872,
        1.3861734562731804,
        1.386200803391477,
        1.3862251588638792,
        1.386224996536336,
        1.3861761752595292,
        1.3861377492864082,
        1.3861991141704804,
        1.3861782347902338,
        1.3861706929003939,
        1.3861915621351688,
        1.3861997558715495,
        1.3861520176238202,
        1.3861860670941941,
        1.386137883713905,
        1.3861670202397285,
        1.38615534660664,
        1.386116861028874,
        1.386177624793763,
        1.3861223598744006
    ],
    "test_loss": [
        1.3857031054794788,
        1.3855871483683586,
        1.3854342550039291,
        1.385596688836813,
        1.3856045231223106,
        1.385607771575451,
        1.3857065625488758,
        1.3860589861869812,
        1.3858319334685802,
        1.385957483202219,
        1.3857475370168686,
        1.3856821618974209,
        1.385713268071413,
        1.3858938105404377,
        1.3861049376428127,
        1.3859786614775658,
        1.3857334777712822,
        1.3857620619237423,
        1.3858247958123684,
        1.3858195878565311,
        1.3859519436955452,
        1.3858499340713024,
        1.3859831541776657,
        1.3857947997748852,
        1.386044092476368,
        1.385931346565485,
        1.3858407884836197,
        1.3857987150549889,
        1.3856912180781364,
        1.3858584463596344,
        1.38588722422719,
        1.3858578689396381,
        1.3858414180576801,
        1.3858937956392765,
        1.3859124928712845,
        1.3857779577374458,
        1.3857782147824764,
        1.3859083764255047,
        1.3858144171535969,
        1.3858659900724888,
        1.385885275900364,
        1.385886836796999,
        1.3858934827148914,
        1.3859059400856495,
        1.385923609137535
    ],
    "test_accuracy": 0.2425,
    "test_class_accuracy": [
        0.0,
        0.0,
        1.0,
        0.0
    ],
    "configs": {
        "embedding_dir": "/users/jakhan/scratch/embeddings/",
        "save_dir": "/users/jakhan/scratch/experiments",
        "model": "DINOv3",
        "layer": "0",
        "probe": "MLP",
        "dataset_name": "RAVEN",
        "data_config": "center_single",
        "task": "Color",
        "seed": "42",
        "lr": "0.001",
        "batch_size": "64",
        "epochs": "45"
    },
    "classes": {
        "0": "Constant",
        "1": "Progression",
        "2": "Arithmetic",
        "3": "Distribute_Three"
    }
}