{
    "train_loss": [
        1.015459694760911,
        0.9098969254087894,
        0.8486804499271068,
        0.8065256882221141,
        0.7736532612049833,
        0.7469876928532377,
        0.7247972513766999,
        0.7077343641443455,
        0.6869991079289862,
        0.6740593796080732,
        0.6610324937612453,
        0.6507331323116383,
        0.6401492382617707,
        0.6274267793335813,
        0.6193726944162491,
        0.6104929415469474,
        0.6036697857557459,
        0.5933066577987468,
        0.5857235199593483,
        0.5825055869335823,
        0.5749137747160932,
        0.5664093789268048,
        0.5612775889482904,
        0.5560604467036876,
        0.5511390243438964,
        0.5443450193455879,
        0.5394410101023126,
        0.5361785809410379,
        0.5311570687496916,
        0.5275989178013294,
        0.5206981253750781,
        0.5186101416958139,
        0.5125608215940759,
        0.5109554015575571,
        0.5064951698196695,
        0.5020610078218135,
        0.49896565682076394,
        0.4953463540432301,
        0.49377272040285963,
        0.4874981752735503,
        0.48592530127535477,
        0.48162812913985964,
        0.4793092643326901,
        0.4741821054448473,
        0.4730586143250161
    ],
    "test_loss": [
        0.9454771224409342,
        0.8745769001543522,
        0.8251394797116518,
        0.7939412593841553,
        0.7577623203396797,
        0.7506574243307114,
        0.7147180121392012,
        0.6974487416446209,
        0.6853439137339592,
        0.6731353793293238,
        0.6582538578659296,
        0.6484445966780186,
        0.6391015220433474,
        0.6276675891131163,
        0.6208138279616833,
        0.6101081259548664,
        0.6021899972110987,
        0.5953080877661705,
        0.5911119114607573,
        0.5856755543500185,
        0.578804119490087,
        0.5790456682443619,
        0.5653102276846766,
        0.5591731555759907,
        0.5572473397478461,
        0.5498678265139461,
        0.5444947313517332,
        0.5397510603070259,
        0.5383725017309189,
        0.5361862033605576,
        0.5289451628923416,
        0.5434752898290753,
        0.5214413832873106,
        0.5160852884873748,
        0.523808728903532,
        0.5085065495222807,
        0.5046349111944437,
        0.5111666992306709,
        0.4993770392611623,
        0.4967730715870857,
        0.49589316733181477,
        0.4909798363223672,
        0.4861877001821995,
        0.4833334721624851,
        0.4843452926725149
    ],
    "test_accuracy": 0.805,
    "test_class_accuracy": [
        0.8526785714285714,
        0.7427701674277016,
        0.8181818181818182
    ],
    "configs": {
        "embedding_dir": "/users/jakhan/scratch/embeddings/",
        "save_dir": "/users/jakhan/scratch/experiments",
        "model": "CLIP",
        "layer": "12",
        "probe": "linear",
        "dataset_name": "RAVEN",
        "data_config": "center_single",
        "task": "Type",
        "seed": "42",
        "lr": "0.001",
        "batch_size": "64",
        "epochs": "45"
    },
    "classes": {
        "0": "Constant",
        "1": "Progression",
        "2": "Distribute_Three"
    }
}