{
    "train_loss": [
        1.0573188370846687,
        1.0543253656397475,
        1.052696240709183,
        1.0523571733464585,
        1.0506428873285334,
        1.0508184261778568,
        1.047127959576059,
        1.0456901256074296,
        1.04305407214672,
        1.0377140653894303,
        1.0360066687807123,
        1.0301381317859,
        1.0250576379451346,
        1.0217379604248291,
        1.0129400060531941,
        1.002172219626447,
        0.9960484206676483,
        0.9851507246494293,
        0.9757918601340436,
        0.9721558664707427,
        0.9629971803502834,
        0.9559020476138338,
        0.9588260847203275,
        0.9645567016398653,
        0.9530543684959412,
        0.9402486941915877,
        0.9306194490574776,
        0.9323079351415026,
        0.9238998851877578,
        0.9196534759186684,
        0.9280217949380266,
        0.9176936016437856,
        0.9090230655162892,
        0.9102044543053242,
        0.904795360692004,
        0.9008349395812826,
        0.9017711345185625,
        0.9020713187278585,
        0.894123688657233,
        0.8937799429639857,
        0.8913434598040073,
        0.8874802170915806,
        0.8885487635084923,
        0.8926661458421261,
        0.8794002957800602
    ],
    "test_loss": [
        1.0619642212986946,
        1.062393844127655,
        1.0678774416446686,
        1.0598670691251755,
        1.0603480339050293,
        1.0575707145035267,
        1.0555065236985683,
        1.0535772927105427,
        1.0502585209906101,
        1.0500605031847954,
        1.0404505878686905,
        1.0404869876801968,
        1.032062228769064,
        1.0508150048553944,
        1.0176937617361546,
        1.0110440086573362,
        1.0067248530685902,
        0.9987663310021162,
        0.9885790124535561,
        0.9941130466759205,
        0.9831895157694817,
        0.984373914077878,
        1.050170160830021,
        0.9942463021725416,
        0.963567353785038,
        0.9545536395162344,
        0.9503469653427601,
        0.964628154411912,
        0.945181218907237,
        0.9467008449137211,
        0.934837905690074,
        0.9353943672031164,
        0.9291102644056082,
        0.9293073508888483,
        0.9272909462451935,
        0.9269962348043919,
        0.9187338948249817,
        0.9264270458370447,
        0.9186307638883591,
        0.9223277065902948,
        0.9126678984612226,
        0.9312854874879122,
        0.931922884657979,
        0.9047083705663681,
        0.9018881637603045
    ],
    "test_accuracy": 0.4655,
    "test_class_accuracy": [
        0.33249370277078083,
        0.6113744075829384,
        0.5216836734693877
    ],
    "configs": {
        "embedding_dir": "/users/jakhan/scratch/embeddings/",
        "save_dir": "/users/jakhan/scratch/experiments",
        "model": "CLIP",
        "layer": "2",
        "probe": "MLP",
        "dataset_name": "RAVEN",
        "data_config": "in_center_single_out_center_single",
        "task": "Size_0",
        "seed": "42",
        "lr": "0.001",
        "batch_size": "64",
        "epochs": "45"
    },
    "classes": {
        "0": "Constant",
        "1": "Progression",
        "2": "Distribute_Three"
    }
}