{
    "train_loss": [
        1.1566572062512661,
        1.0715943441746083,
        1.062699741505562,
        1.070772295936625,
        1.0752587730580188,
        1.060278834180629,
        1.0553366827203872,
        1.063950423864608,
        1.048735960366878,
        1.0441946640927742,
        1.0531128556170362,
        1.059394506697959,
        1.0512961022397305,
        1.0483271162560646,
        1.0505334240324953,
        1.0472921798837946,
        1.0474332659802539,
        1.0512778378547507,
        1.046526661578645,
        1.0485585598235434,
        1.0443533468753734,
        1.0495760656417685,
        1.0451527941734233,
        1.0508053676879152,
        1.0466702586792884,
        1.0456875404144854,
        1.0449361731397344,
        1.0455515289560278,
        1.0451882386461218,
        1.0479557165440092,
        1.0450830852731745,
        1.042050246228563,
        1.0434113347784002,
        1.0466706201117089,
        1.0453137349575123,
        1.0441990139636588,
        1.0472071735148734,
        1.0435485953980304,
        1.0407770517024588,
        1.0398188639194408,
        1.0417125358226451,
        1.040244423328562,
        1.0419641974124503,
        1.0418706472883834,
        1.037321908676878
    ],
    "test_loss": [
        1.084465779364109,
        1.111421512439847,
        1.0586375333368778,
        1.0910568851977587,
        1.091954691335559,
        1.0670518018305302,
        1.0733200497925282,
        1.061169682070613,
        1.058181433007121,
        1.0509021542966366,
        1.0570836942642927,
        1.0671488773077726,
        1.0740022249519825,
        1.0605198442935944,
        1.059707622975111,
        1.0603243708610535,
        1.0672548040747643,
        1.0640662126243114,
        1.0569956582039595,
        1.05606609582901,
        1.05855724029243,
        1.0687390565872192,
        1.077678320929408,
        1.0599399916827679,
        1.0561872329562902,
        1.0551939643919468,
        1.0628914516419172,
        1.054555743932724,
        1.0622612610459328,
        1.0565276220440865,
        1.0586254447698593,
        1.066084261983633,
        1.055194679647684,
        1.0600341018289328,
        1.0589304864406586,
        1.0640426278114319,
        1.0583201963454485,
        1.0585552956908941,
        1.0603000968694687,
        1.053885268047452,
        1.056199824437499,
        1.0514927133917809,
        1.0519233979284763,
        1.0559719055891037,
        1.0488502383232117
    ],
    "test_accuracy": 0.4385,
    "test_class_accuracy": [
        0.4534005037783375,
        0.0,
        0.6594387755102041
    ],
    "configs": {
        "embedding_dir": "/users/jakhan/scratch/embeddings/",
        "save_dir": "/users/jakhan/scratch/experiments",
        "model": "DINOv3",
        "layer": "8",
        "probe": "MLP",
        "dataset_name": "RAVEN",
        "data_config": "in_center_single_out_center_single",
        "task": "Size_0",
        "seed": "42",
        "lr": "0.001",
        "batch_size": "64",
        "epochs": "45"
    },
    "classes": {
        "0": "Constant",
        "1": "Progression",
        "2": "Distribute_Three"
    }
}