{
    "train_loss": [
        1.1118326377361378,
        1.0981905143311683,
        1.0964940710270659,
        1.0937799304089648,
        1.0934247298443571,
        1.0911775497680014,
        1.0890362782681242,
        1.0895595093990893,
        1.0842674476035097,
        1.0875436701673142,
        1.085529865102565,
        1.081899845853765,
        1.0840916646287797,
        1.0816882519011801,
        1.080388681685671,
        1.0788461312334587,
        1.0829081332429926,
        1.0794441420981224,
        1.078703891723714,
        1.0770075004151527,
        1.0771946031996544,
        1.0745748053205775,
        1.0748328820187996,
        1.075951705587671,
        1.0753636702578118,
        1.0733687611336404,
        1.075895888374207,
        1.0717232125870726,
        1.0722517231677442,
        1.0722966080016278,
        1.0713047131578972,
        1.0720655994212374,
        1.070963276827589,
        1.070561813547256,
        1.0693787678759148,
        1.0678908660056743,
        1.0708454542971673,
        1.0683364259435775,
        1.067986563165137,
        1.067650277563866,
        1.068146067096832,
        1.0673851941494232,
        1.065307358477978,
        1.0676032355491152,
        1.066329929422825
    ],
    "test_loss": [
        1.1021680980920792,
        1.0946684032678604,
        1.0977325104176998,
        1.1069748885929585,
        1.0965388901531696,
        1.0950585007667542,
        1.0945500321686268,
        1.0892338976264,
        1.0963236764073372,
        1.0996879898011684,
        1.0878504663705826,
        1.0872120596468449,
        1.0860455855727196,
        1.0921886898577213,
        1.0864320695400238,
        1.088428571820259,
        1.0847585313022137,
        1.0845361463725567,
        1.091476146131754,
        1.0903103314340115,
        1.0903395228087902,
        1.0858222544193268,
        1.0890680886805058,
        1.0857383869588375,
        1.0821796245872974,
        1.0852309204638004,
        1.081297405064106,
        1.0816404595971107,
        1.083197258412838,
        1.090290941298008,
        1.0878855399787426,
        1.0832721516489983,
        1.080543827265501,
        1.0821898467838764,
        1.0807364918291569,
        1.079536758363247,
        1.0892261005938053,
        1.0848628021776676,
        1.0836398527026176,
        1.0786202922463417,
        1.0792366713285446,
        1.0798981823027134,
        1.0805733650922775,
        1.0825139731168747,
        1.0796423219144344
    ],
    "test_accuracy": 0.4,
    "test_class_accuracy": [
        0.5669642857142857,
        0.5951293759512938,
        0.041728763040238454
    ],
    "configs": {
        "embedding_dir": "/users/jakhan/scratch/embeddings/",
        "save_dir": "/users/jakhan/scratch/experiments",
        "model": "DINOv3",
        "layer": "4",
        "probe": "linear",
        "dataset_name": "RAVEN",
        "data_config": "center_single",
        "task": "Type",
        "seed": "42",
        "lr": "0.001",
        "batch_size": "64",
        "epochs": "45"
    },
    "classes": {
        "0": "Constant",
        "1": "Progression",
        "2": "Distribute_Three"
    }
}