{
    "train_loss": [
        1.3869469317984073,
        1.3812179413247616,
        1.3753280347966133,
        1.371119645047695,
        1.3663959300264399,
        1.3615449210430712,
        1.3578134407388402,
        1.3527088913511722,
        1.349911906617753,
        1.3454422354698181,
        1.3429279885393508,
        1.3391210462184662,
        1.3363813326713887,
        1.3343068462737062,
        1.3313914461338774,
        1.32772192802835,
        1.3265326479648023,
        1.3224134762236412,
        1.3209110460382827,
        1.318523368936904,
        1.315289634339353,
        1.3130992549531004,
        1.3109556068765356,
        1.3087980696495543,
        1.3070516269257728,
        1.3042559370081475,
        1.3037198135193357,
        1.3015408021338442,
        1.2993695380839896,
        1.2982181741836223,
        1.297657884181814,
        1.2954678294506479,
        1.29374760389328,
        1.2928014980985763,
        1.2903120099230017,
        1.288723831481122,
        1.2887386984013496,
        1.2856095737599311,
        1.2848226986032851,
        1.282667318557171,
        1.2838504327104447,
        1.2822314373990322,
        1.2789346867419304,
        1.278819515350017,
        1.2774162672935647
    ],
    "test_loss": [
        1.3870218098163605,
        1.3758740462362766,
        1.3723482228815556,
        1.370682429522276,
        1.36155678704381,
        1.3585568740963936,
        1.3581183291971684,
        1.3502221554517746,
        1.3470615409314632,
        1.3521680980920792,
        1.345258329063654,
        1.3408713936805725,
        1.3387198820710182,
        1.3360908851027489,
        1.3308377638459206,
        1.329870406538248,
        1.3274063430726528,
        1.3268146440386772,
        1.325010672211647,
        1.3196935877203941,
        1.3201349079608917,
        1.316496804356575,
        1.3137473054230213,
        1.3156185820698738,
        1.3096685968339443,
        1.3084974139928818,
        1.3081474527716637,
        1.3042526803910732,
        1.3025689199566841,
        1.305949978530407,
        1.3059940375387669,
        1.2989888228476048,
        1.296359796077013,
        1.2954692654311657,
        1.2967794500291348,
        1.2945801876485348,
        1.294083807617426,
        1.2984795980155468,
        1.2956124246120453,
        1.29182917624712,
        1.2943085581064224,
        1.2889196313917637,
        1.2847398482263088,
        1.2830357402563095,
        1.2875536046922207
    ],
    "test_accuracy": 0.4135,
    "test_class_accuracy": [
        0.1390593047034765,
        0.4709193245778612,
        0.7489082969432315,
        0.3173076923076923
    ],
    "configs": {
        "embedding_dir": "/users/jakhan/scratch/embeddings/",
        "save_dir": "/users/jakhan/scratch/experiments",
        "model": "CLIP",
        "layer": "6",
        "probe": "linear",
        "dataset_name": "RAVEN",
        "data_config": "in_center_single_out_center_single",
        "task": "Size_1",
        "seed": "42",
        "lr": "0.001",
        "batch_size": "64",
        "epochs": "45"
    },
    "classes": {
        "0": "Constant",
        "1": "Progression",
        "2": "Arithmetic",
        "3": "Distribute_Three"
    }
}