{
    "train_loss": [
        1.110826664782585,
        1.0913393865240382,
        1.081188219658872,
        1.07435845567825,
        1.067310316765562,
        1.0671498902300571,
        1.0629016528738306,
        1.0521633250916258,
        1.0507571373848206,
        1.045035515059816,
        1.0454797376977636,
        1.0413204234965303,
        1.038170668038916,
        1.0338460327462946,
        1.0314800441265106,
        1.0271215927093587,
        1.0224599686074765,
        1.022428643830279,
        1.022245354474859,
        1.0187078803143603,
        1.0129634186308434,
        1.0115246810811631,
        1.0083673349086275,
        1.0098503593434678,
        1.0067685468399779,
        1.0050024948221572,
        1.0015833346133536,
        1.001404917620598,
        0.9969851634603866,
        0.9979981215710335,
        1.0008787836166138,
        0.9924298727765997,
        0.9903572201728821,
        0.9911305644410722,
        0.9892450837378807,
        0.9865663622287993,
        0.9856089594516348,
        0.9855941147246259,
        0.987347588894215,
        0.982534962765714,
        0.9806648505494949,
        0.9777649653718826,
        0.9770462107151112,
        0.9788074487067283,
        0.9745629949772612
    ],
    "test_loss": [
        1.0893751606345177,
        1.0838306173682213,
        1.0863474868237972,
        1.0728362053632736,
        1.0681696981191635,
        1.0951521657407284,
        1.0577767603099346,
        1.0682054869830608,
        1.0494905300438404,
        1.0552490390837193,
        1.0426734294742346,
        1.0545930936932564,
        1.040577508509159,
        1.0363373197615147,
        1.0325444042682648,
        1.0311812181025743,
        1.033928494900465,
        1.0298353843390942,
        1.0291314758360386,
        1.0213506631553173,
        1.0207816995680332,
        1.0181527733802795,
        1.017575740814209,
        1.0155748650431633,
        1.0130729638040066,
        1.0149992816150188,
        1.010261857882142,
        1.010225536301732,
        1.0173087194561958,
        1.0079317931085825,
        1.0148444548249245,
        1.008163508027792,
        1.0113128051161766,
        0.9995695184916258,
        1.009906578809023,
        0.9995145779103041,
        0.9970806445926428,
        1.0135442595928907,
        1.0035957712680101,
        0.9912926834076643,
        0.9908901937305927,
        0.9886906277388334,
        0.992404205724597,
        0.9888237062841654,
        0.991750929504633
    ],
    "test_accuracy": 0.514,
    "test_class_accuracy": [
        0.7178683385579937,
        0.5370650529500757,
        0.3067047075606277
    ],
    "configs": {
        "embedding_dir": "/users/jakhan/scratch/embeddings/",
        "save_dir": "/users/jakhan/scratch/experiments",
        "model": "DINOv3",
        "layer": "6",
        "probe": "linear",
        "dataset_name": "RAVEN",
        "data_config": "in_center_single_out_center_single",
        "task": "Type_0",
        "seed": "42",
        "lr": "0.001",
        "batch_size": "64",
        "epochs": "45"
    },
    "classes": {
        "0": "Constant",
        "1": "Progression",
        "2": "Distribute_Three"
    }
}