{
    "train_loss": [
        1.0814967282274937,
        1.042832445591054,
        1.0097052955881078,
        0.9793368616002671,
        0.9532010510880896,
        0.9274704786057167,
        0.9040621582497942,
        0.884339636310618,
        0.8659235930189173,
        0.8480825297375942,
        0.831655816828951,
        0.8163956372027702,
        0.8024044252456503,
        0.7890206550029998,
        0.7757163111199724,
        0.763640154549416,
        0.7531114138187246,
        0.7424704286646335,
        0.7327888842592848,
        0.7228242590072307,
        0.714177186818833,
        0.7055150226075598,
        0.6969309937446675,
        0.6879226438542629,
        0.6809837564508966,
        0.6738861792899192,
        0.6652695587340821,
        0.6603632505903853,
        0.6517580709558852,
        0.645429717099413,
        0.6397219629997902,
        0.6345126521080098,
        0.6269628906503637,
        0.6220031463085337,
        0.6172099481237695,
        0.6112685850326051,
        0.6061349840874367,
        0.601485827501784,
        0.5968055899472947,
        0.5927066302045862,
        0.5873318209927133,
        0.5828426626134426,
        0.5780917317309278,
        0.5730883127197306,
        0.5697930569344378
    ],
    "test_loss": [
        1.0622196272015572,
        1.0292470380663872,
        1.0009868796914816,
        0.9790222141891718,
        0.9527182094752789,
        0.9293324016034603,
        0.90884811244905,
        0.8914280869066715,
        0.8737743627279997,
        0.8600468542426825,
        0.8510969169437885,
        0.8315494358539581,
        0.8173150364309549,
        0.806660121306777,
        0.7943890523165464,
        0.7829995844513178,
        0.7711095940321684,
        0.7614530920982361,
        0.7516398187726736,
        0.7445309031754732,
        0.7341848835349083,
        0.7267804741859436,
        0.720207279548049,
        0.7114008907228708,
        0.7028157580643892,
        0.6956673096865416,
        0.6916179172694683,
        0.6830252446234226,
        0.6773296967148781,
        0.6694871410727501,
        0.6644769050180912,
        0.6576119419187307,
        0.6519577521830797,
        0.6471463330090046,
        0.6416916120797396,
        0.6366124134510756,
        0.6311761401593685,
        0.6272571962326765,
        0.6240808516740799,
        0.6168712191283703,
        0.6127819530665874,
        0.6080936975777149,
        0.604584438726306,
        0.6020483151078224,
        0.5954322600737214
    ],
    "test_accuracy": 0.7715,
    "test_class_accuracy": [
        0.9388714733542319,
        0.6293494704992436,
        0.7532097004279601
    ],
    "configs": {
        "embedding_dir": "/users/jakhan/scratch/embeddings/",
        "save_dir": "/users/jakhan/scratch/experiments",
        "model": "CLIP",
        "layer": "8",
        "probe": "linear",
        "dataset_name": "RAVEN",
        "data_config": "in_center_single_out_center_single",
        "task": "Type_0",
        "seed": "42",
        "lr": "0.001",
        "batch_size": "64",
        "epochs": "45"
    },
    "classes": {
        "0": "Constant",
        "1": "Progression",
        "2": "Distribute_Three"
    }
}