{
    "train_loss": [
        1.389244224162812,
        1.3876020692764444,
        1.389376198991816,
        1.3895461800250601,
        1.3901903122029406,
        1.3888677422036515,
        1.38921782691428,
        1.388470171613896,
        1.3894558815245932,
        1.3898912795046543,
        1.3889795744672735,
        1.390187458789095,
        1.3894517764132073,
        1.3893881769890482,
        1.390687791590995,
        1.3896810285588528,
        1.3888116631102054,
        1.3884272283696113,
        1.3896457350000422,
        1.3887134143646727,
        1.3903047822891397,
        1.3911997067167403,
        1.3919967869494825,
        1.390117917923217,
        1.389020322485173,
        1.3881875707748088,
        1.3891892610712255,
        1.390190398439448,
        1.3897837907709973,
        1.3902143595066476,
        1.388441283652123,
        1.3898480395053296,
        1.3912357725995652,
        1.389569565336755,
        1.390665462676515,
        1.3886912033912984,
        1.3896301591649969,
        1.3895046229058123,
        1.3917228896567162,
        1.3897573237723493,
        1.3910406460153295,
        1.3883723210781178,
        1.3879207499483799,
        1.3885290698802217,
        1.3883171335179756
    ],
    "test_loss": [
        1.38749935105443,
        1.3975521586835384,
        1.3885232210159302,
        1.3946991972625256,
        1.3913945443928242,
        1.3874791711568832,
        1.3873776011168957,
        1.3860828131437302,
        1.3885267190635204,
        1.390661634504795,
        1.386187382042408,
        1.3882752247154713,
        1.388258546590805,
        1.3873600251972675,
        1.3862834721803665,
        1.393277145922184,
        1.387088619172573,
        1.3883858248591423,
        1.3892882615327835,
        1.390682514756918,
        1.3888791017234325,
        1.3878618143498898,
        1.3870457410812378,
        1.3861642889678478,
        1.388487733900547,
        1.3907169289886951,
        1.389204479753971,
        1.3908556327223778,
        1.3964462503790855,
        1.3861058726906776,
        1.3900770097970963,
        1.3961360193789005,
        1.390287283807993,
        1.3871680833399296,
        1.3952674008905888,
        1.3877729251980782,
        1.3883050344884396,
        1.3928346075117588,
        1.3881784193217754,
        1.394546814262867,
        1.3896529376506805,
        1.38802644982934,
        1.3860762640833855,
        1.388721790164709,
        1.3860333040356636
    ],
    "test_accuracy": 0.2625,
    "test_class_accuracy": [
        0.0,
        1.0,
        0.0,
        0.0
    ],
    "configs": {
        "embedding_dir": "/users/jakhan/scratch/embeddings/",
        "save_dir": "/users/jakhan/scratch/experiments",
        "model": "CLIP",
        "layer": "0",
        "probe": "linear",
        "dataset_name": "RAVEN",
        "data_config": "in_center_single_out_center_single",
        "task": "Color_1",
        "seed": "42",
        "lr": "0.001",
        "batch_size": "64",
        "epochs": "45"
    },
    "classes": {
        "0": "Constant",
        "1": "Progression",
        "2": "Arithmetic",
        "3": "Distribute_Three"
    }
}