{
    "train_loss": [
        1.3867191139687882,
        1.3694287830210747,
        1.3555523639029645,
        1.3426943446727508,
        1.3335040465314338,
        1.3270686991671299,
        1.3198211281857593,
        1.313526247410064,
        1.3105358836498666,
        1.3045769346521257,
        1.3023086405814963,
        1.2969701873495223,
        1.2944555320638291,
        1.2935968548693555,
        1.2887739513782746,
        1.2844489216804504,
        1.2845809764050422,
        1.2790427423538047,
        1.2763262555954304,
        1.274235175011006,
        1.272615373134613,
        1.2704814279333074,
        1.266981748824424,
        1.2652189795007096,
        1.2655975970816105,
        1.2603649015122271,
        1.2586991431865286,
        1.2584775153626786,
        1.2541098759529439,
        1.2530316317335088,
        1.2543497326526236,
        1.2513830737864717,
        1.250068853510187,
        1.2503416956739222,
        1.2477022827939783,
        1.245663083614187,
        1.2455977277552828,
        1.2408345113409327,
        1.2422743426992537,
        1.238053929298482,
        1.2403333745104201,
        1.2348800555188606,
        1.2347729091948652,
        1.2340225907082254,
        1.231665977772246
    ],
    "test_loss": [
        1.3853775970637798,
        1.351874653249979,
        1.3410905115306377,
        1.3403878808021545,
        1.3277084082365036,
        1.3219288066029549,
        1.3174432553350925,
        1.310915756970644,
        1.306184560060501,
        1.3097298853099346,
        1.302257552742958,
        1.2984433323144913,
        1.3002034090459347,
        1.2950511872768402,
        1.289752058684826,
        1.2878505624830723,
        1.2879530750215054,
        1.2877273261547089,
        1.286593597382307,
        1.2877420596778393,
        1.277854546904564,
        1.275759570300579,
        1.2725934125483036,
        1.2702539414167404,
        1.2732701823115349,
        1.2775445990264416,
        1.2726087272167206,
        1.2685238607227802,
        1.2639002166688442,
        1.2689200416207314,
        1.2688916735351086,
        1.2685123533010483,
        1.2609255388379097,
        1.2601636536419392,
        1.260287031531334,
        1.2608200646936893,
        1.2573941349983215,
        1.2582070343196392,
        1.2561207637190819,
        1.262039441615343,
        1.2644692845642567,
        1.2496789507567883,
        1.2522502802312374,
        1.26641283929348,
        1.263720627874136
    ],
    "test_accuracy": 0.427,
    "test_class_accuracy": [
        0.15950920245398773,
        0.49530956848030017,
        0.7510917030567685,
        0.3230769230769231
    ],
    "configs": {
        "embedding_dir": "/users/jakhan/scratch/embeddings/",
        "save_dir": "/users/jakhan/scratch/experiments",
        "model": "CLIP",
        "layer": "12",
        "probe": "linear",
        "dataset_name": "RAVEN",
        "data_config": "in_center_single_out_center_single",
        "task": "Size_1",
        "seed": "42",
        "lr": "0.001",
        "batch_size": "64",
        "epochs": "45"
    },
    "classes": {
        "0": "Constant",
        "1": "Progression",
        "2": "Arithmetic",
        "3": "Distribute_Three"
    }
}