{
    "train_loss": [
        1.0984389046405225,
        1.0824576616287231,
        1.075387623715908,
        1.0664853136590187,
        1.0600400503645553,
        1.0555632786547884,
        1.05231821917473,
        1.0461883367376124,
        1.0434339211342183,
        1.040948084060182,
        1.0360547507062872,
        1.0308320959831805,
        1.027365392826973,
        1.0262225137111989,
        1.0216923704806795,
        1.0195342733504924,
        1.017626870185771,
        1.0154208217529541,
        1.0135428987919015,
        1.0098859737528132,
        1.009789375548667,
        1.0059272995654573,
        1.0056867719964777,
        1.0022017505574734,
        0.999491440488937,
        0.999759685485921,
        0.9954816920960203,
        0.9972886779206864,
        0.9950296225699973,
        0.9932613550348485,
        0.9905038266739947,
        0.9881316987757988,
        0.9870810223386642,
        0.9841344876492277,
        0.9838113182402671,
        0.9815689566287589,
        0.9806239871268577,
        0.9785667302760672,
        0.9780138337865789,
        0.9763285841079469,
        0.975719725832026,
        0.9737631336171576,
        0.9731306287836521,
        0.9712715599131077,
        0.9686215507223251
    ],
    "test_loss": [
        1.0890358835458755,
        1.094142459332943,
        1.0744255930185318,
        1.0673825480043888,
        1.076624907553196,
        1.0632618702948093,
        1.053795512765646,
        1.0563592053949833,
        1.0468643046915531,
        1.04414801299572,
        1.0418614409863949,
        1.0409910790622234,
        1.039958519861102,
        1.0325217302888632,
        1.0305510219186544,
        1.0322799906134605,
        1.0313439425081015,
        1.0235976055264473,
        1.025466674938798,
        1.0322962030768394,
        1.0243551768362522,
        1.0184261538088322,
        1.0153729692101479,
        1.0177134685218334,
        1.0164483822882175,
        1.0194811131805182,
        1.0191973708570004,
        1.0079664774239063,
        1.017720503732562,
        1.006863271817565,
        1.0059598702937365,
        1.0125299505889416,
        1.0062712635844946,
        1.0002640038728714,
        0.9984650127589703,
        0.9980748519301414,
        0.9963372386991978,
        0.9953566249459982,
        1.0000637378543615,
        0.9988106954842806,
        1.0078306552022696,
        1.0095597226172686,
        0.9919540677219629,
        0.9908087514340878,
        0.9877528492361307
    ],
    "test_accuracy": 0.5125,
    "test_class_accuracy": [
        0.5714285714285714,
        0.4094368340943683,
        0.5540334855403348
    ],
    "configs": {
        "embedding_dir": "/users/jakhan/scratch/embeddings/",
        "save_dir": "/users/jakhan/scratch/experiments",
        "model": "CLIP",
        "layer": "10",
        "probe": "linear",
        "dataset_name": "RAVEN",
        "data_config": "in_center_single_out_center_single",
        "task": "Type_1",
        "seed": "42",
        "lr": "0.001",
        "batch_size": "64",
        "epochs": "45"
    },
    "classes": {
        "0": "Constant",
        "1": "Progression",
        "2": "Distribute_Three"
    }
}