{
    "train_loss": [
        1.3899007084521842,
        1.3870818843232824,
        1.3864326768733086,
        1.3862897449351372,
        1.3863289673277672,
        1.3862183106706498,
        1.386327456920705,
        1.3862630331769903,
        1.3862166709088264,
        1.3862239680391677,
        1.3862183652025588,
        1.386179580333385,
        1.3861636722341497,
        1.3862036618780582,
        1.3861829397526193,
        1.3861600033780361,
        1.3861664343387523,
        1.3861836562765406,
        1.3861553542157437,
        1.3861670620897983,
        1.3861258993757533,
        1.3861716478428943,
        1.3861265207858795,
        1.3861718089022534,
        1.386142980545125,
        1.3861355591327587,
        1.386123260284992,
        1.3861987704926348,
        1.3861371824081907,
        1.386144536606809,
        1.3861804756712406,
        1.38611723387495,
        1.3861123488304463,
        1.386177883503285,
        1.3861598131504465,
        1.386154168463768,
        1.3861155307039301,
        1.386174293274575,
        1.3861441624925492,
        1.3861224955700813,
        1.3861813913000391,
        1.3861662517202662,
        1.3861417745022064,
        1.3861484299314784,
        1.3861367841984362
    ],
    "test_loss": [
        1.3896638490259647,
        1.3860752545297146,
        1.3863045573234558,
        1.3861778900027275,
        1.3860518150031567,
        1.38601154088974,
        1.385987687855959,
        1.3861480914056301,
        1.3859543800354004,
        1.3859616629779339,
        1.3859484158456326,
        1.3858535587787628,
        1.3858801610767841,
        1.3859426081180573,
        1.3858172968029976,
        1.3858582191169262,
        1.3859468139708042,
        1.385848831385374,
        1.3859246224164963,
        1.3859076909720898,
        1.3859208598732948,
        1.385840404778719,
        1.3858533389866352,
        1.3859215937554836,
        1.3858435712754726,
        1.3858666233718395,
        1.3858813382685184,
        1.3858772777020931,
        1.3859423696994781,
        1.3858507871627808,
        1.3858285397291183,
        1.3858919739723206,
        1.385877601802349,
        1.3858606927096844,
        1.385790292173624,
        1.3859394155442715,
        1.3859078511595726,
        1.385908529162407,
        1.385831743478775,
        1.385930597782135,
        1.3859586119651794,
        1.3858595192432404,
        1.3858333602547646,
        1.385787483304739,
        1.3858618289232254
    ],
    "test_accuracy": 0.2425,
    "test_class_accuracy": [
        0.0,
        0.0,
        1.0,
        0.0
    ],
    "configs": {
        "embedding_dir": "/users/jakhan/scratch/embeddings/",
        "save_dir": "/users/jakhan/scratch/experiments",
        "model": "CLIP",
        "layer": "0",
        "probe": "MLP",
        "dataset_name": "RAVEN",
        "data_config": "center_single",
        "task": "Color",
        "seed": "42",
        "lr": "0.001",
        "batch_size": "64",
        "epochs": "45"
    },
    "classes": {
        "0": "Constant",
        "1": "Progression",
        "2": "Arithmetic",
        "3": "Distribute_Three"
    }
}