{
    "train_loss": [
        1.1020945792502546,
        1.0996571538296152,
        1.0990466259895486,
        1.0984108688983512,
        1.0989902755047412,
        1.0989467374821926,
        1.0986900989045487,
        1.0986981493361452,
        1.0987771825587496,
        1.09869673150651,
        1.0987395365187462,
        1.0986275660230758,
        1.098734472660308,
        1.0987531580823533,
        1.0986963561240664,
        1.0987213431520666,
        1.0986154814983935,
        1.0987519013120772,
        1.0986776947975159,
        1.0986781652937545,
        1.0986317573709692,
        1.098605934609758,
        1.09869676701566,
        1.098627319995393,
        1.098638080536051,
        1.098654883973142,
        1.0985341401810342,
        1.0985648987141061,
        1.0985971752633439,
        1.0985707704057084,
        1.098580004052913,
        1.0985622304551146,
        1.0985644713361213,
        1.0986431000080514,
        1.098567876409977,
        1.0985592895365777,
        1.0985654884196343,
        1.0986239161897213,
        1.0985479202676327,
        1.0985263256316489,
        1.0985602089699278,
        1.0985734729056662,
        1.0985268937780501,
        1.0985294758005346,
        1.0985345180998458
    ],
    "test_loss": [
        1.0990144051611423,
        1.0982240177690983,
        1.098427452147007,
        1.0979364849627018,
        1.0986582562327385,
        1.0980768650770187,
        1.0981590524315834,
        1.0984753593802452,
        1.0983476340770721,
        1.0982023812830448,
        1.0980792865157127,
        1.0983321517705917,
        1.0981038138270378,
        1.0984001345932484,
        1.098499495536089,
        1.0984313189983368,
        1.098184373229742,
        1.0984345376491547,
        1.0981058664619923,
        1.0981028750538826,
        1.0980676487088203,
        1.0981647111475468,
        1.0981568582355976,
        1.0981367863714695,
        1.0983242020010948,
        1.0984293259680271,
        1.098088078200817,
        1.0982549227774143,
        1.0982864759862423,
        1.098150309175253,
        1.0982150509953499,
        1.0981281846761703,
        1.0981420502066612,
        1.098255842924118,
        1.0982122868299484,
        1.0981233082711697,
        1.0981514416635036,
        1.0981115773320198,
        1.0981466621160507,
        1.0981437638401985,
        1.0981091931462288,
        1.0981055982410908,
        1.0981293842196465,
        1.0981101132929325,
        1.0980826392769814
    ],
    "test_accuracy": 0.3505,
    "test_class_accuracy": [
        0.0,
        0.0,
        1.0
    ],
    "configs": {
        "embedding_dir": "/users/jakhan/scratch/embeddings/",
        "save_dir": "/users/jakhan/scratch/experiments",
        "model": "CLIP",
        "layer": "0",
        "probe": "MLP",
        "dataset_name": "RAVEN",
        "data_config": "in_center_single_out_center_single",
        "task": "Type_0",
        "seed": "42",
        "lr": "0.001",
        "batch_size": "64",
        "epochs": "45"
    },
    "classes": {
        "0": "Constant",
        "1": "Progression",
        "2": "Distribute_Three"
    }
}