{
    "train_loss": [
        1.100328174043209,
        1.0990698502418843,
        1.100317894144261,
        1.0983720650064184,
        1.0979596921738157,
        1.0982899551695966,
        1.098803016733616,
        1.097180370320665,
        1.097788061233277,
        1.0984538400426824,
        1.0966108225761575,
        1.0958743146125307,
        1.0960979220714975,
        1.0957721357649945,
        1.094971018902799,
        1.095076266755449,
        1.0958264609600634,
        1.094127915007003,
        1.0939486026763916,
        1.0939400576530618,
        1.0950377507412687,
        1.0928642229830965,
        1.0941607419480668,
        1.092957414211111,
        1.0927342569574396,
        1.0928371878380472,
        1.0927226568790191,
        1.092969279339973,
        1.093086231262126,
        1.0932688839892124,
        1.092431479312004,
        1.0910982451540359,
        1.0908929096891524,
        1.0904778089929135,
        1.0907047619210912,
        1.0913219299722225,
        1.0909481048583984,
        1.0902615963144506,
        1.090308482342578,
        1.0898684174456494,
        1.0902603687124048,
        1.0898294030351843,
        1.0891802602625908,
        1.0894992300804625,
        1.0889707245725266
    ],
    "test_loss": [
        1.0986882522702217,
        1.1035764440894127,
        1.098067570477724,
        1.0982664227485657,
        1.1028825417160988,
        1.1030704528093338,
        1.097669955343008,
        1.0978753454983234,
        1.0977875478565693,
        1.0979039445519447,
        1.0979915484786034,
        1.097279042005539,
        1.099186610430479,
        1.0987094789743423,
        1.0987570136785507,
        1.099902916699648,
        1.0985280312597752,
        1.0968629010021687,
        1.0972628518939018,
        1.1006133332848549,
        1.0992342568933964,
        1.0994889549911022,
        1.1006862446665764,
        1.0981789790093899,
        1.0981855802237988,
        1.0983958840370178,
        1.0980403646826744,
        1.0968305356800556,
        1.104005429893732,
        1.0978552103042603,
        1.0963274836540222,
        1.0977641679346561,
        1.1008305288851261,
        1.0976549424231052,
        1.096142414957285,
        1.098963849246502,
        1.0961667746305466,
        1.0965608209371567,
        1.098185021430254,
        1.0977231562137604,
        1.097030259668827,
        1.099119070917368,
        1.099392268806696,
        1.0963520742952824,
        1.0975502096116543
    ],
    "test_accuracy": 0.35,
    "test_class_accuracy": [
        0.8513119533527697,
        0.1491628614916286,
        0.0273972602739726
    ],
    "configs": {
        "embedding_dir": "/users/jakhan/scratch/embeddings/",
        "save_dir": "/users/jakhan/scratch/experiments",
        "model": "CLIP",
        "layer": "4",
        "probe": "linear",
        "dataset_name": "RAVEN",
        "data_config": "in_center_single_out_center_single",
        "task": "Type_1",
        "seed": "42",
        "lr": "0.001",
        "batch_size": "64",
        "epochs": "45"
    },
    "classes": {
        "0": "Constant",
        "1": "Progression",
        "2": "Distribute_Three"
    }
}