{
    "train_loss": [
        1.0999013756183869,
        1.096542662762581,
        1.094400871307292,
        1.0907433007625824,
        1.0835745385352602,
        1.0816596822535738,
        1.0763676356762013,
        1.0672945202665125,
        1.0624969221175986,
        1.0592085161107652,
        1.0518298421768433,
        1.0493719729971378,
        1.0440207371052275,
        1.0415850979216554,
        1.0334859477712752,
        1.0283206701278687,
        1.0227536273763536,
        1.021665836902375,
        1.0104071954463392,
        1.0145786854814975,
        1.003496969633914,
        0.9999003454725793,
        0.9946147317581988,
        0.9924414075435476,
        0.9863952696323395,
        0.9831049099881598,
        0.975639245611556,
        0.9714731738922444,
        0.9763935360502689,
        0.9809100019170883,
        0.9643607951225118,
        0.9585577610959398,
        0.9634576604721394,
        0.9563871146516597,
        0.9548012753750416,
        0.9499908692025124,
        0.9410545737185376,
        0.9427660868522969,
        0.936526320716168,
        0.9329133731253604,
        0.9291806030780712,
        0.9308123125674876,
        0.922587865844686,
        0.9166700694155185,
        0.9142652236400767
    ],
    "test_loss": [
        1.1001388132572174,
        1.0944530852138996,
        1.0922796837985516,
        1.0873048231005669,
        1.0823010690510273,
        1.080967616289854,
        1.0733056254684925,
        1.0699869208037853,
        1.0691876374185085,
        1.0649088360369205,
        1.0585345290601254,
        1.0531875230371952,
        1.0562235154211521,
        1.0465334206819534,
        1.0442159436643124,
        1.0474971048533916,
        1.0393418241292238,
        1.0525014400482178,
        1.0266050528734922,
        1.0267267934978008,
        1.0223296992480755,
        1.0134833008050919,
        1.0209239646792412,
        1.0057327598333359,
        1.047834001481533,
        1.005108218640089,
        0.9957446530461311,
        0.9914522394537926,
        1.0105627812445164,
        1.000104270875454,
        0.9810196198523045,
        0.9818790778517723,
        0.9781071990728378,
        0.9755829144269228,
        0.986350879073143,
        0.9812461119145155,
        0.967135850340128,
        0.9670449960976839,
        0.9759450480341911,
        0.9543256349861622,
        0.9591940995305777,
        0.9565271511673927,
        0.9509580619633198,
        0.9521502461284399,
        0.9435681197792292
    ],
    "test_accuracy": 0.539,
    "test_class_accuracy": [
        0.38392857142857145,
        0.791476407914764,
        0.44709388971684055
    ],
    "configs": {
        "embedding_dir": "/users/jakhan/scratch/embeddings/",
        "save_dir": "/users/jakhan/scratch/experiments",
        "model": "CLIP",
        "layer": "4",
        "probe": "MLP",
        "dataset_name": "RAVEN",
        "data_config": "center_single",
        "task": "Type",
        "seed": "42",
        "lr": "0.001",
        "batch_size": "64",
        "epochs": "45"
    },
    "classes": {
        "0": "Constant",
        "1": "Progression",
        "2": "Distribute_Three"
    }
}