{
    "train_loss": [
        1.3770353565824793,
        1.3213193251731548,
        1.2480066482056962,
        1.194773089378438,
        1.150309457423839,
        1.1091995930418055,
        1.0810159679422988,
        1.0488636487341942,
        1.0300037417005985,
        1.007603757558985,
        0.9887004228348427,
        0.9780810849463686,
        0.9552279159109643,
        0.9428185306965037,
        0.9368558259720497,
        0.9154509699090998,
        0.9062863068377718,
        0.897075446996283,
        0.8854286810185047,
        0.8776430214973207,
        0.8642675318616502,
        0.8545761907354315,
        0.8531281256929357,
        0.8409564431677473,
        0.8421998049350495,
        0.8337150120988805,
        0.8184927156630982,
        0.8100988224465796,
        0.8218233858017211,
        0.8106186542105167,
        0.798918329654856,
        0.7973209537090139,
        0.7853208780288696,
        0.7845944337388302,
        0.7771750707575615,
        0.7707555839355956,
        0.7765042991080182,
        0.7718236294198544,
        0.7691683515589288,
        0.7684833578606869,
        0.7605867208318507,
        0.7505327139763122,
        0.7397423354869194,
        0.7402574198043093,
        0.7461609314096734
    ],
    "test_loss": [
        1.353420540690422,
        1.2757340483367443,
        1.22923044860363,
        1.178017970174551,
        1.1241489090025425,
        1.0836406610906124,
        1.0597315169870853,
        1.0351243577897549,
        1.038435222581029,
        0.9948303457349539,
        1.0204720385372639,
        0.9790059234946966,
        0.948140274733305,
        0.9520850889384747,
        0.9415606521070004,
        0.9312039613723755,
        0.9070238750427961,
        0.8984605502337217,
        0.8848247770220041,
        0.8762962091714144,
        0.8859368115663528,
        0.8885463625192642,
        0.8949635587632656,
        0.8644068744033575,
        0.8859134111553431,
        0.8421569969505072,
        0.8517336044460535,
        0.8360693883150816,
        0.8261578623205423,
        0.8171228133141994,
        0.8231517821550369,
        0.8212501239031553,
        0.8130949139595032,
        0.8215306811034679,
        0.7961493656039238,
        0.8105436619371176,
        0.7982096523046494,
        0.8246413748711348,
        0.7990549374371767,
        0.8140943553298712,
        0.8078798521310091,
        0.7851852532476187,
        0.792513320222497,
        0.7955082599073648,
        0.7807995360344648
    ],
    "test_accuracy": 0.687,
    "test_class_accuracy": [
        0.7944664031620553,
        0.657088122605364,
        0.7818930041152263,
        0.5123456790123457
    ],
    "configs": {
        "embedding_dir": "/users/jakhan/scratch/embeddings/",
        "save_dir": "/users/jakhan/scratch/experiments",
        "model": "CLIP",
        "layer": "6",
        "probe": "MLP",
        "dataset_name": "RAVEN",
        "data_config": "center_single",
        "task": "Size",
        "seed": "42",
        "lr": "0.001",
        "batch_size": "64",
        "epochs": "45"
    },
    "classes": {
        "0": "Constant",
        "1": "Progression",
        "2": "Arithmetic",
        "3": "Distribute_Three"
    }
}