{
    "train_loss": [
        1.3965167783676309,
        1.3858920386497011,
        1.3859211472754782,
        1.3834681244606668,
        1.379806211654176,
        1.3800368727521692,
        1.377602422491033,
        1.378348837507532,
        1.374848260524425,
        1.374733696592615,
        1.3717067165577665,
        1.3725807337050742,
        1.3715795785822766,
        1.3703200018152277,
        1.3697497502286384,
        1.367508110847879,
        1.3678766222710306,
        1.366744931707991,
        1.3664743659344125,
        1.3645665899236152,
        1.3648602391811127,
        1.3656331567054099,
        1.363980880443086,
        1.3623676135184917,
        1.3639832037560484,
        1.360866516194445,
        1.3600459086134078,
        1.3607680899031618,
        1.360835095669361,
        1.3594160333592842,
        1.3602487241968195,
        1.3595326441399596,
        1.3585014216443325,
        1.358207052058362,
        1.357850744369182,
        1.3566515699346016,
        1.3562235248849748,
        1.3560102886341987,
        1.3585065577892548,
        1.3557602801221482,
        1.3545698092338887,
        1.354919211661562,
        1.354837568516427,
        1.3534172228042116,
        1.3537133602385825
    ],
    "test_loss": [
        1.3886022120714188,
        1.3825584761798382,
        1.3834455721080303,
        1.3823000006377697,
        1.3837175853550434,
        1.378937367349863,
        1.379813052713871,
        1.3773359917104244,
        1.3754174150526524,
        1.3736901171505451,
        1.3768239505589008,
        1.372156672179699,
        1.3789754621684551,
        1.3764329440891743,
        1.3687405325472355,
        1.3700276650488377,
        1.3761181943118572,
        1.3674624785780907,
        1.367215070873499,
        1.3683994188904762,
        1.3743536993861198,
        1.3703402057290077,
        1.366076186299324,
        1.3635131269693375,
        1.3685547783970833,
        1.3664509505033493,
        1.36217625066638,
        1.3668865710496902,
        1.3648003749549389,
        1.366410132497549,
        1.3638008385896683,
        1.3652356192469597,
        1.362119171768427,
        1.359868612140417,
        1.3593716360628605,
        1.3611607551574707,
        1.360183984041214,
        1.360970076173544,
        1.3613538220524788,
        1.3582888208329678,
        1.3622177690267563,
        1.36078180372715,
        1.3647818230092525,
        1.3647793419659138,
        1.3588470630347729
    ],
    "test_accuracy": 0.312,
    "test_class_accuracy": [
        0.002004008016032064,
        0.23809523809523808,
        0.5893223819301848,
        0.43149284253578735
    ],
    "configs": {
        "embedding_dir": "/users/jakhan/scratch/embeddings/",
        "save_dir": "/users/jakhan/scratch/experiments",
        "model": "DINOv3",
        "layer": "2",
        "probe": "linear",
        "dataset_name": "RAVEN",
        "data_config": "in_center_single_out_center_single",
        "task": "Color_1",
        "seed": "42",
        "lr": "0.001",
        "batch_size": "64",
        "epochs": "45"
    },
    "classes": {
        "0": "Constant",
        "1": "Progression",
        "2": "Arithmetic",
        "3": "Distribute_Three"
    }
}