{
    "train_loss": [
        1.3819491837887055,
        1.3497356315876574,
        1.311241161315999,
        1.284924866037166,
        1.2629579876331574,
        1.2479082891281614,
        1.2338684949469059,
        1.222978490464231,
        1.209122177134169,
        1.201205405783146,
        1.1972047065166718,
        1.1793811727077403,
        1.1796777324473604,
        1.1831159819947912,
        1.1630788851291576,
        1.1502470691153344,
        1.1491017722068948,
        1.1496038849049426,
        1.1369273966931281,
        1.139526092625679,
        1.1269670547323023,
        1.1290205070312986,
        1.1237481845186112,
        1.1199511632006218,
        1.104996604488251,
        1.1030260723956087,
        1.0983184189238446,
        1.0935452377542536,
        1.092005767086719,
        1.086430493821489,
        1.0867816190770332,
        1.0733547477011984,
        1.0777182090789714,
        1.0663501163746447,
        1.0763573931886794,
        1.066356379935082,
        1.0587863712868792,
        1.0538961468858923,
        1.0506691140063265,
        1.0471839194602155,
        1.0521576081184632,
        1.0472239160791357,
        1.0519958068715765,
        1.0380386247279796,
        1.0337247214418777
    ],
    "test_loss": [
        1.3668456859886646,
        1.3213076926767826,
        1.2871714495122433,
        1.2778345793485641,
        1.2504068166017532,
        1.2520665153861046,
        1.228290919214487,
        1.2302318140864372,
        1.2191893458366394,
        1.2107530944049358,
        1.19374805316329,
        1.238932628184557,
        1.2050043568015099,
        1.1752717941999435,
        1.1694930605590343,
        1.170421987771988,
        1.1747108213603497,
        1.1630192529410124,
        1.1713426671922207,
        1.1782167553901672,
        1.1596766114234924,
        1.1743503995239735,
        1.1547180898487568,
        1.1384008154273033,
        1.1326273772865534,
        1.146751383319497,
        1.1246013548225164,
        1.1405232567340136,
        1.1330156307667494,
        1.1427836045622826,
        1.1445949953049421,
        1.1505496967583895,
        1.125140493735671,
        1.112691754475236,
        1.1152743492275476,
        1.1035500392317772,
        1.1118439715355635,
        1.1026559378951788,
        1.1162779666483402,
        1.1086437720805407,
        1.0917429476976395,
        1.0998303294181824,
        1.1004980690777302,
        1.0869384966790676,
        1.1132979523390532
    ],
    "test_accuracy": 0.504,
    "test_class_accuracy": [
        0.4589178356713427,
        0.3942857142857143,
        0.731006160164271,
        0.44171779141104295
    ],
    "configs": {
        "embedding_dir": "/users/jakhan/scratch/embeddings/",
        "save_dir": "/users/jakhan/scratch/experiments",
        "model": "CLIP",
        "layer": "12",
        "probe": "MLP",
        "dataset_name": "RAVEN",
        "data_config": "in_center_single_out_center_single",
        "task": "Color_1",
        "seed": "42",
        "lr": "0.001",
        "batch_size": "64",
        "epochs": "45"
    },
    "classes": {
        "0": "Constant",
        "1": "Progression",
        "2": "Arithmetic",
        "3": "Distribute_Three"
    }
}