{
    "train_loss": [
        1.0568974373188424,
        1.0546096893067056,
        1.0549596059829631,
        1.055043396797586,
        1.0536714506910203,
        1.054325319985126,
        1.0538867394974891,
        1.0535752684512036,
        1.0541280634859775,
        1.0536825041821662,
        1.0540699559323332,
        1.053308793838988,
        1.0536584492693557,
        1.0536798010481165,
        1.0539388542479657,
        1.0535621053360877,
        1.0529794654947646,
        1.0573973135745272,
        1.0538053544277841,
        1.0538822913423498,
        1.0528771737788587,
        1.0535776741961216,
        1.0535543795595779,
        1.0533611818831017,
        1.0532156888474808,
        1.0533301303995417,
        1.053340918206154,
        1.0531141681874052,
        1.0533280930620559,
        1.0531572839047045,
        1.0531480787916387,
        1.0534336097696995,
        1.0532137199919274,
        1.0532258799735537,
        1.0533806478723566,
        1.05297896075756,
        1.0534102219216368,
        1.053273546568891,
        1.0531312816954674,
        1.0536431131210733,
        1.0539468545862969,
        1.0530839765325506,
        1.053735801514159,
        1.0536461631034284,
        1.0531005383806025
    ],
    "test_loss": [
        1.0654385928064585,
        1.0622414015233517,
        1.0642920657992363,
        1.0627605803310871,
        1.0623116958886385,
        1.0619117096066475,
        1.06442198343575,
        1.0636959336698055,
        1.0621285121887922,
        1.0623692870140076,
        1.063086686655879,
        1.0628019701689482,
        1.0618998631834984,
        1.0620615631341934,
        1.0618720464408398,
        1.064932405948639,
        1.0657655224204063,
        1.0618100371211767,
        1.0627328492701054,
        1.0659433845430613,
        1.0630586463958025,
        1.0627227444201708,
        1.0624805428087711,
        1.0635976549237967,
        1.0637849755585194,
        1.0634423568844795,
        1.06246199272573,
        1.0621213279664516,
        1.061923760920763,
        1.0620565004646778,
        1.0636636391282082,
        1.063120486214757,
        1.0618440881371498,
        1.0624448340386152,
        1.0628768149763346,
        1.0634264200925827,
        1.064347431063652,
        1.062733605504036,
        1.0620179660618305,
        1.0618473663926125,
        1.0630282331258059,
        1.061846062541008,
        1.0627351067960262,
        1.062589157372713,
        1.0619245581328869
    ],
    "test_accuracy": 0.392,
    "test_class_accuracy": [
        0.0,
        0.0,
        1.0
    ],
    "configs": {
        "embedding_dir": "/users/jakhan/scratch/embeddings/",
        "save_dir": "/users/jakhan/scratch/experiments",
        "model": "DINOv3",
        "layer": "0",
        "probe": "MLP",
        "dataset_name": "RAVEN",
        "data_config": "in_center_single_out_center_single",
        "task": "Size_0",
        "seed": "42",
        "lr": "0.001",
        "batch_size": "64",
        "epochs": "45"
    },
    "classes": {
        "0": "Constant",
        "1": "Progression",
        "2": "Distribute_Three"
    }
}