{
    "train_loss": [
        1.3971891923153654,
        1.3860436576478026,
        1.3827791505671563,
        1.3808835300993412,
        1.3757681504208992,
        1.373396486678022,
        1.3645067189602142,
        1.3606239240220253,
        1.3545397304474038,
        1.355979064677624,
        1.3456229656300647,
        1.3441712285609955,
        1.3474728896262798,
        1.3350647497684398,
        1.3237548356360578,
        1.3247441611391433,
        1.317175142308499,
        1.3134249068321067,
        1.3011560617609228,
        1.3083197309615764,
        1.3030006276800277,
        1.2962237888194146,
        1.2926469470592254,
        1.2889438220795164,
        1.293547052018186,
        1.2839859584544568,
        1.2822982250375952,
        1.2826603156455019,
        1.2737392681710265,
        1.2669812085780692,
        1.2712778436376693,
        1.281540221356331,
        1.2795249921210268,
        1.2721303346309256,
        1.263307476297338,
        1.2694943864294823,
        1.255703421349221,
        1.2488786070904834,
        1.249535119279902,
        1.2455232333629689,
        1.2545642510373542,
        1.2506900138043342,
        1.2467471779660975,
        1.2433047205843824,
        1.2431172512947244
    ],
    "test_loss": [
        1.4187367595732212,
        1.3881142996251583,
        1.3762907683849335,
        1.3817325755953789,
        1.3772150725126266,
        1.375673584640026,
        1.3653160072863102,
        1.3534999564290047,
        1.3888090215623379,
        1.3591113723814487,
        1.3396779596805573,
        1.3596926778554916,
        1.3337625339627266,
        1.3315201550722122,
        1.319510567933321,
        1.342857986688614,
        1.338691208511591,
        1.3259303867816925,
        1.320119719952345,
        1.3831535317003727,
        1.3111785873770714,
        1.287637896835804,
        1.2959863916039467,
        1.2863634154200554,
        1.2843164280056953,
        1.3125572353601456,
        1.2886789254844189,
        1.2949392087757587,
        1.282225038856268,
        1.2688518650829792,
        1.2767564468085766,
        1.3181449174880981,
        1.261029127985239,
        1.2839308008551598,
        1.258765235543251,
        1.255896307528019,
        1.2482982762157917,
        1.2575694657862186,
        1.2783872000873089,
        1.244365781545639,
        1.2880699187517166,
        1.249889500439167,
        1.2654771395027637,
        1.2522347085177898,
        1.2731486447155476
    ],
    "test_accuracy": 0.3855,
    "test_class_accuracy": [
        0.1225296442687747,
        0.24904214559386972,
        0.49794238683127573,
        0.6934156378600823
    ],
    "configs": {
        "embedding_dir": "/users/jakhan/scratch/embeddings/",
        "save_dir": "/users/jakhan/scratch/experiments",
        "model": "DINOv3",
        "layer": "4",
        "probe": "MLP",
        "dataset_name": "RAVEN",
        "data_config": "center_single",
        "task": "Size",
        "seed": "42",
        "lr": "0.001",
        "batch_size": "64",
        "epochs": "45"
    },
    "classes": {
        "0": "Constant",
        "1": "Progression",
        "2": "Arithmetic",
        "3": "Distribute_Three"
    }
}