{
    "train_loss": [
        1.1005380483383829,
        1.0998410455724026,
        1.0988679274599602,
        1.098863846444069,
        1.0986930804049715,
        1.0988926773375653,
        1.0987607633813898,
        1.0987792496985578,
        1.0987275876897447,
        1.0989592367030205,
        1.0987507878465856,
        1.098735714212377,
        1.0986725751389848,
        1.0987869082613195,
        1.098739725478152,
        1.098658616238452,
        1.098677911656968,
        1.0987838988608503,
        1.0986961354600622,
        1.0986326514406408,
        1.0987251147310784,
        1.0986838175895366,
        1.098678302257619,
        1.098665748504882,
        1.098633588628566,
        1.0986811734260398,
        1.0986541522310136,
        1.098697786635541,
        1.0986463135861335,
        1.0986501029197207,
        1.0986596447356203,
        1.0986376493535144,
        1.0986289394662736,
        1.0986081602725577,
        1.0986379638631294,
        1.098619596755251,
        1.0986355758727866,
        1.0986453497663458,
        1.0986863083027778,
        1.0986253657239549,
        1.0986525631965476,
        1.098618081275453,
        1.0986329773639112,
        1.0986408299588142,
        1.0986618082574073
    ],
    "test_loss": [
        1.0988827869296074,
        1.0987799130380154,
        1.098701823502779,
        1.0987948328256607,
        1.0990906469523907,
        1.0987846553325653,
        1.0986714661121368,
        1.098698802292347,
        1.0987127348780632,
        1.0986585952341557,
        1.0986813716590405,
        1.0986256152391434,
        1.098659958690405,
        1.0986800342798233,
        1.0986187681555748,
        1.0986503511667252,
        1.0986916273832321,
        1.0986517295241356,
        1.0986536033451557,
        1.098641823977232,
        1.0986488610506058,
        1.0986981578171253,
        1.098650086671114,
        1.0986639112234116,
        1.098676647990942,
        1.0986754409968853,
        1.0986635573208332,
        1.0986702144145966,
        1.0986527688801289,
        1.098645456135273,
        1.0986478589475155,
        1.0986368209123611,
        1.0986527800559998,
        1.0986418761312962,
        1.0986406318843365,
        1.098625261336565,
        1.098656628280878,
        1.0986536517739296,
        1.0986399874091148,
        1.0986483246088028,
        1.0986563637852669,
        1.0986622422933578,
        1.098641026765108,
        1.0986297093331814,
        1.0986316613852978
    ],
    "test_accuracy": 0.3355,
    "test_class_accuracy": [
        0.0,
        0.0,
        1.0
    ],
    "configs": {
        "embedding_dir": "/users/jakhan/scratch/embeddings/",
        "save_dir": "/users/jakhan/scratch/experiments",
        "model": "DINOv3",
        "layer": "0",
        "probe": "MLP",
        "dataset_name": "RAVEN",
        "data_config": "center_single",
        "task": "Type",
        "seed": "42",
        "lr": "0.001",
        "batch_size": "64",
        "epochs": "45"
    },
    "classes": {
        "0": "Constant",
        "1": "Progression",
        "2": "Distribute_Three"
    }
}