{
    "train_loss": [
        1.391848065751664,
        1.3828069440861965,
        1.3825118262717064,
        1.3783613722375099,
        1.3786458119432976,
        1.3763695587503149,
        1.3728436472568106,
        1.3710881890134607,
        1.3691798080789281,
        1.368308020398972,
        1.3660822447310104,
        1.3655380619333146,
        1.3624104857444763,
        1.361055460382015,
        1.3623027154739866,
        1.3594260634259974,
        1.3582365411393187,
        1.3569230424596908,
        1.3545395567062053,
        1.3549924733790946,
        1.351050469469517,
        1.3520900125199176,
        1.351379966482203,
        1.3512780996079141,
        1.3481096447782313,
        1.3477662801742554,
        1.344271626878292,
        1.343496118454223,
        1.3434805451555456,
        1.3420409306566765,
        1.341846060245595,
        1.3394543198829,
        1.3408389852402058,
        1.3390531172143652,
        1.3384913764101394,
        1.3360867893442194,
        1.3360478396111346,
        1.334964762342737,
        1.3348913852204667,
        1.3328561427745413,
        1.332322157443838,
        1.3312168146701568,
        1.3310427323300789,
        1.3290819601809725,
        1.3285860558773608
    ],
    "test_loss": [
        1.3835724331438541,
        1.3801592476665974,
        1.3825556933879852,
        1.3824466988444328,
        1.3810042589902878,
        1.3770702667534351,
        1.3711602352559566,
        1.3716206401586533,
        1.369571153074503,
        1.3683631643652916,
        1.3725144192576408,
        1.3660829737782478,
        1.363381925970316,
        1.3635223135352135,
        1.363508302718401,
        1.360197987407446,
        1.3599944785237312,
        1.3636542111635208,
        1.3601514250040054,
        1.3564476892352104,
        1.358618851751089,
        1.359420906752348,
        1.3548317104578018,
        1.3537376560270786,
        1.3502133190631866,
        1.354002222418785,
        1.349056500941515,
        1.347269430756569,
        1.3513164557516575,
        1.354085061699152,
        1.3459279276430607,
        1.3508222103118896,
        1.343371644616127,
        1.3440994881093502,
        1.3413888178765774,
        1.3487108461558819,
        1.3424519076943398,
        1.3388616256415844,
        1.3387616872787476,
        1.3391081392765045,
        1.341500323265791,
        1.339873731136322,
        1.3354955427348614,
        1.3415948934853077,
        1.3330143354833126
    ],
    "test_accuracy": 0.378,
    "test_class_accuracy": [
        0.41304347826086957,
        0.367816091954023,
        0.676954732510288,
        0.053497942386831275
    ],
    "configs": {
        "embedding_dir": "/users/jakhan/scratch/embeddings/",
        "save_dir": "/users/jakhan/scratch/experiments",
        "model": "DINOv3",
        "layer": "2",
        "probe": "linear",
        "dataset_name": "RAVEN",
        "data_config": "center_single",
        "task": "Size",
        "seed": "42",
        "lr": "0.001",
        "batch_size": "64",
        "epochs": "45"
    },
    "classes": {
        "0": "Constant",
        "1": "Progression",
        "2": "Arithmetic",
        "3": "Distribute_Three"
    }
}