{
    "train_loss": [
        1.3886196854266715,
        1.384343759810671,
        1.3789331507175526,
        1.3658209075319006,
        1.347884604271422,
        1.331204167071809,
        1.3179381984345457,
        1.3073090479729024,
        1.2963056374103465,
        1.2885425078107955,
        1.2856473643729027,
        1.2782160221262182,
        1.273342213732131,
        1.2714420899431755,
        1.2616766386843743,
        1.2609977088076003,
        1.2533838558704296,
        1.2500793046139655,
        1.2446707487106323,
        1.239004061577168,
        1.235708253180727,
        1.22917233122156,
        1.2249033400352964,
        1.220764530465958,
        1.2186471870604982,
        1.207318089109786,
        1.202512780402569,
        1.1954874409005998,
        1.1957134769317952,
        1.193269096790476,
        1.1846278271776565,
        1.1770848162630771,
        1.1752952717720193,
        1.1701537129726816,
        1.1705257296562195,
        1.1605011161337508,
        1.1554025715969978,
        1.155779705402699,
        1.146355264998497,
        1.1444683417360833,
        1.1397665853196002,
        1.1352133205596437,
        1.13069135331093,
        1.1243673417162388,
        1.1222258045318279
    ],
    "test_loss": [
        1.3843731731176376,
        1.379592590034008,
        1.3734087087213993,
        1.3564472049474716,
        1.3443204164505005,
        1.3283597491681576,
        1.3117698542773724,
        1.3160956837236881,
        1.2980401776731014,
        1.3000308685004711,
        1.2919359765946865,
        1.2774148993194103,
        1.2716175839304924,
        1.273857057094574,
        1.261490423232317,
        1.2679758109152317,
        1.2532676123082638,
        1.2541524060070515,
        1.242019783705473,
        1.2466669343411922,
        1.2321746610105038,
        1.228805247694254,
        1.225699283182621,
        1.2236407324671745,
        1.2133354730904102,
        1.2099713943898678,
        1.206077467650175,
        1.2174006141722202,
        1.2145602144300938,
        1.1896098032593727,
        1.2091141566634178,
        1.1866646632552147,
        1.1817711107432842,
        1.1749439015984535,
        1.1708749905228615,
        1.1729533970355988,
        1.166835904121399,
        1.1667160168290138,
        1.1562512665987015,
        1.1624572947621346,
        1.1597644090652466,
        1.1454706490039825,
        1.1567393392324448,
        1.1367537789046764,
        1.1330841295421124
    ],
    "test_accuracy": 0.489,
    "test_class_accuracy": [
        0.3783231083844581,
        0.48405253283302063,
        0.7751091703056768,
        0.34615384615384615
    ],
    "configs": {
        "embedding_dir": "/users/jakhan/scratch/embeddings/",
        "save_dir": "/users/jakhan/scratch/experiments",
        "model": "CLIP",
        "layer": "6",
        "probe": "MLP",
        "dataset_name": "RAVEN",
        "data_config": "in_center_single_out_center_single",
        "task": "Size_1",
        "seed": "42",
        "lr": "0.001",
        "batch_size": "64",
        "epochs": "45"
    },
    "classes": {
        "0": "Constant",
        "1": "Progression",
        "2": "Arithmetic",
        "3": "Distribute_Three"
    }
}