{
    "train_loss": [
        1.057901733099146,
        1.0533112566521827,
        1.051216020863107,
        1.0498711232175217,
        1.046615608195041,
        1.0439685361182436,
        1.0376538380663445,
        1.0325097517764315,
        1.0283364913565047,
        1.0279675107052986,
        1.019069122507217,
        1.0165903815563688,
        1.0124432045094511,
        1.003841945465575,
        0.995748628327187,
        0.99309947896511,
        0.9869616037987649,
        0.980423518951903,
        0.9730065154268387,
        0.9609722609215594,
        0.9543772948549148,
        0.9563983507612919,
        0.9422011800268864,
        0.9408874099558973,
        0.9354939968027967,
        0.9263076427135062,
        0.9092130293237403,
        0.9066230305965911,
        0.8950507837407132,
        0.8905272198484299,
        0.893098180598401,
        0.8781203830495794,
        0.8654712635151883,
        0.8599093410562961,
        0.8453082156942245,
        0.8433813592220875,
        0.8351002088252534,
        0.829007423304497,
        0.8117819542580462,
        0.8096476996198614,
        0.8054900429350265,
        0.7904809028544324,
        0.7892605098004036,
        0.7817375583851591,
        0.7605322542342734
    ],
    "test_loss": [
        1.0611026901751757,
        1.0615691561251879,
        1.065860828384757,
        1.056417305022478,
        1.0549042094498873,
        1.0499284621328115,
        1.0443039443343878,
        1.044233549386263,
        1.0441496782004833,
        1.0326785910874605,
        1.0289174932986498,
        1.0251548439264297,
        1.019527543336153,
        1.0245700925588608,
        1.0085474178195,
        1.0064995717257261,
        0.9984940476715565,
        1.0172304566949606,
        0.9886960964649916,
        0.9878918435424566,
        0.9697671737521887,
        1.0119532775133848,
        1.0071701519191265,
        0.9602703303098679,
        0.9612671378999949,
        0.9381824787706137,
        0.9365859627723694,
        0.9524056240916252,
        0.9345818236470222,
        0.9190965909510851,
        0.9052310399711132,
        0.9147938061505556,
        0.8878953121602535,
        0.8915673550218344,
        0.8878875225782394,
        0.8796041887253523,
        0.8651868272572756,
        0.8501444552093744,
        0.8597006518393755,
        0.8462412338703871,
        0.8420639000833035,
        0.842218054458499,
        0.8172268029302359,
        0.8048759754747152,
        0.7992618549615145
    ],
    "test_accuracy": 0.638,
    "test_class_accuracy": [
        0.7342569269521411,
        0.590047393364929,
        0.5663265306122449
    ],
    "configs": {
        "embedding_dir": "/users/jakhan/scratch/embeddings/",
        "save_dir": "/users/jakhan/scratch/experiments",
        "model": "CLIP",
        "layer": "6",
        "probe": "MLP",
        "dataset_name": "RAVEN",
        "data_config": "in_center_single_out_center_single",
        "task": "Size_0",
        "seed": "42",
        "lr": "0.001",
        "batch_size": "64",
        "epochs": "45"
    },
    "classes": {
        "0": "Constant",
        "1": "Progression",
        "2": "Distribute_Three"
    }
}