{
    "train_loss": [
        1.0587073386983668,
        1.0530733929035512,
        1.050223357499914,
        1.048340746062867,
        1.042543798050982,
        1.0381463239801692,
        1.0332116776324334,
        1.0279989768850042,
        1.022146242730161,
        1.0235820818454662,
        1.0156974722730352,
        1.0153215546557244,
        1.013604442489908,
        1.0055197775363922,
        1.0008982166330864,
        1.000932368826359,
        0.9983793078584874,
        0.9918129621668065,
        0.9827131901649718,
        0.9780836200460474,
        0.9701167465524471,
        0.9711994744361715,
        0.9659540735660715,
        0.9600262635565818,
        0.9597846111084553,
        0.9491414687734969,
        0.9365005004913249,
        0.9319200078223614,
        0.9284408561726833,
        0.9199770720715218,
        0.9247439123214559,
        0.91775155764945,
        0.9088209721636265,
        0.9011769916148896,
        0.8921335466364597,
        0.8939364355929355,
        0.8868929477448159,
        0.8896590534676897,
        0.8716804112525697,
        0.8749424555200211,
        0.8620508585838561,
        0.8556306685539002,
        0.8547942904715843,
        0.8560264738316231,
        0.8415075984406979
    ],
    "test_loss": [
        1.0605584681034088,
        1.0608381610363722,
        1.0623583309352398,
        1.0544572696089745,
        1.0514213405549526,
        1.0487204510718584,
        1.0401321314275265,
        1.0390773992985487,
        1.04357966221869,
        1.0366147235035896,
        1.0278869587928057,
        1.0299614667892456,
        1.022972920909524,
        1.0273829475045204,
        1.015978278592229,
        1.0248297434300184,
        1.0098314955830574,
        1.016122978180647,
        1.00153324380517,
        1.001135429367423,
        0.995527196675539,
        1.040740728378296,
        1.0202831644564867,
        0.994920639321208,
        0.9767844714224339,
        0.9743719920516014,
        0.9810638427734375,
        0.9707003235816956,
        0.962455753237009,
        0.953790545463562,
        0.9437198098748922,
        0.9445881769061089,
        0.9363139364868402,
        0.9680126421153545,
        0.9458146095275879,
        0.9271365273743868,
        0.921548143029213,
        0.9183276630938053,
        0.9118683692067862,
        0.901252880692482,
        0.9172574952244759,
        0.9025421496480703,
        0.8881971873342991,
        0.8886402640491724,
        0.8761805780231953
    ],
    "test_accuracy": 0.569,
    "test_class_accuracy": [
        0.6020151133501259,
        0.25118483412322273,
        0.7066326530612245
    ],
    "configs": {
        "embedding_dir": "/users/jakhan/scratch/embeddings/",
        "save_dir": "/users/jakhan/scratch/experiments",
        "model": "CLIP",
        "layer": "8",
        "probe": "MLP",
        "dataset_name": "RAVEN",
        "data_config": "in_center_single_out_center_single",
        "task": "Size_0",
        "seed": "42",
        "lr": "0.001",
        "batch_size": "64",
        "epochs": "45"
    },
    "classes": {
        "0": "Constant",
        "1": "Progression",
        "2": "Distribute_Three"
    }
}