{
    "train_loss": [
        1.0844002480202533,
        0.9903357916689933,
        0.8521786718926532,
        0.760709174135898,
        0.6934421322447188,
        0.651160514101069,
        0.6117932156045386,
        0.5842717217004045,
        0.5637561060646747,
        0.5329570973173101,
        0.5132562752733839,
        0.49345211367657843,
        0.47682455277189295,
        0.4646372956798432,
        0.44701710058019517,
        0.4359795961608278,
        0.4260974573962232,
        0.43195818998712177,
        0.4057360545117804,
        0.40285686768115836,
        0.3930252332319605,
        0.39118158325869984,
        0.38107495215979026,
        0.38092156483771955,
        0.3742111179422825,
        0.3759309601910571,
        0.3566011310891902,
        0.3515735802815316,
        0.347101462806793,
        0.3433604877679906,
        0.3443931483841957,
        0.326952226142934,
        0.3327665814059846,
        0.3280374531416183,
        0.32742555296801507,
        0.3220800307202846,
        0.31679567282504223,
        0.3117696829932801,
        0.3063713846371529,
        0.3073543050187699,
        0.2938246782472793,
        0.2993492049739716,
        0.2988314224367446,
        0.2955338189259489,
        0.2929882289881402
    ],
    "test_loss": [
        1.0546263977885246,
        0.9200283866375685,
        0.8153539057821035,
        0.7349096424877644,
        0.6842836029827595,
        0.6528732646256685,
        0.6239116741344333,
        0.5990315265953541,
        0.5729900784790516,
        0.5600074836984277,
        0.5451771272346377,
        0.5171984704211354,
        0.5158342588692904,
        0.49475444573909044,
        0.4750249618664384,
        0.4953007763251662,
        0.4586087176576257,
        0.459490392357111,
        0.4400939838960767,
        0.4373858096078038,
        0.43302778899669647,
        0.424987374804914,
        0.4683601576834917,
        0.44099348224699497,
        0.4418927887454629,
        0.4453839873895049,
        0.39314473047852516,
        0.39604854211211205,
        0.38297688215970993,
        0.42157308384776115,
        0.3811122076585889,
        0.37081679701805115,
        0.40783963492140174,
        0.3739704303443432,
        0.38834198005497456,
        0.39896690659224987,
        0.3549788538366556,
        0.4006790374405682,
        0.39338199608027935,
        0.34254869585856795,
        0.34447141271084547,
        0.3390373163856566,
        0.41056292969733477,
        0.34080095682293177,
        0.37844941951334476
    ],
    "test_accuracy": 0.838,
    "test_class_accuracy": [
        0.8557993730407524,
        0.9122541603630863,
        0.7517831669044223
    ],
    "configs": {
        "embedding_dir": "/users/jakhan/scratch/embeddings/",
        "save_dir": "/users/jakhan/scratch/experiments",
        "model": "CLIP",
        "layer": "6",
        "probe": "MLP",
        "dataset_name": "RAVEN",
        "data_config": "in_center_single_out_center_single",
        "task": "Type_0",
        "seed": "42",
        "lr": "0.001",
        "batch_size": "64",
        "epochs": "45"
    },
    "classes": {
        "0": "Constant",
        "1": "Progression",
        "2": "Distribute_Three"
    }
}