{
    "train_loss": [
        1.3880642880784704,
        1.3867950008270589,
        1.3864515690093344,
        1.3865586696787084,
        1.386463611683947,
        1.3864646794948172,
        1.3864844657005149,
        1.386355143912295,
        1.3862586173605411,
        1.3864746930751395,
        1.3863768019574754,
        1.3862096071243286,
        1.3862961860413248,
        1.3862389769959957,
        1.3864109947326335,
        1.3862873746993694,
        1.3862778366880213,
        1.3862714095318571,
        1.386184795105711,
        1.3862365217919046,
        1.386208805632084,
        1.3862652233306398,
        1.3861585525756186,
        1.3861370061306244,
        1.3861260185850428,
        1.3860860454275252,
        1.386155993380445,
        1.3861218272371496,
        1.386106607761789,
        1.3861133608412235,
        1.3861066343936514,
        1.3861112252194832,
        1.386113925183073,
        1.3861439557785684,
        1.3861246083645111,
        1.3860911485996652,
        1.3861410744646763,
        1.3861355274281604,
        1.3861216813959973,
        1.3862004546408957,
        1.386150563016851,
        1.3861312130664258,
        1.3861266995998138,
        1.3861060104471572,
        1.3861420319435445
    ],
    "test_loss": [
        1.387551210820675,
        1.38619789108634,
        1.3868485242128372,
        1.3864117749035358,
        1.3865170925855637,
        1.3867044672369957,
        1.3864684626460075,
        1.3868956714868546,
        1.3877752907574177,
        1.3863350078463554,
        1.3864653073251247,
        1.386478804051876,
        1.3870606310665607,
        1.3864433392882347,
        1.3862794898450375,
        1.3864119611680508,
        1.3866357430815697,
        1.3865491077303886,
        1.3866823762655258,
        1.386750552803278,
        1.3863419964909554,
        1.3863453827798367,
        1.3864993415772915,
        1.3866178020834923,
        1.3866704925894737,
        1.3866653144359589,
        1.3867352567613125,
        1.386676698923111,
        1.3867481909692287,
        1.386878613382578,
        1.386766403913498,
        1.3868297152221203,
        1.3866670355200768,
        1.3867300301790237,
        1.3868255503475666,
        1.3868006840348244,
        1.3867577500641346,
        1.386823121458292,
        1.3867229521274567,
        1.3868851028382778,
        1.3867666386067867,
        1.3867390342056751,
        1.3867501318454742,
        1.386783517897129,
        1.3867708183825016
    ],
    "test_accuracy": 0.2435,
    "test_class_accuracy": [
        0.0,
        0.0,
        1.0,
        0.0
    ],
    "configs": {
        "embedding_dir": "/users/jakhan/scratch/embeddings/",
        "save_dir": "/users/jakhan/scratch/experiments",
        "model": "DINOv3",
        "layer": "0",
        "probe": "MLP",
        "dataset_name": "RAVEN",
        "data_config": "in_center_single_out_center_single",
        "task": "Color_1",
        "seed": "42",
        "lr": "0.001",
        "batch_size": "64",
        "epochs": "45"
    },
    "classes": {
        "0": "Constant",
        "1": "Progression",
        "2": "Arithmetic",
        "3": "Distribute_Three"
    }
}