{
    "train_loss": [
        1.3734801931584135,
        1.345353902654445,
        1.3238738191888688,
        1.3076477367827233,
        1.2990507293254772,
        1.283547615751307,
        1.275444062466317,
        1.2670321984493986,
        1.258154217233049,
        1.2550079797176605,
        1.2463168882309121,
        1.2441139487510031,
        1.2385059696562746,
        1.2363496638358908,
        1.2308244172562943,
        1.2266338087142783,
        1.220400632695949,
        1.217135804764768,
        1.2146546155848401,
        1.2116753547749621,
        1.2091445922851562,
        1.209731401281154,
        1.2082748983768707,
        1.2013051966403394,
        1.1976668111821438,
        1.194409375495099,
        1.1947770410395684,
        1.1932307215447122,
        1.1918427411546098,
        1.1886287192080884,
        1.183943136575374,
        1.1833410212334166,
        1.1816532523074048,
        1.1833552236252642,
        1.1791465168303632,
        1.1749010770878894,
        1.1745008382391422,
        1.1725431604588286,
        1.173035127051333,
        1.1707807538357187,
        1.1718877312984872,
        1.1650894373021228,
        1.1629344250293487,
        1.1623868092577507,
        1.1608402741716264
    ],
    "test_loss": [
        1.3534517921507359,
        1.336903389543295,
        1.3111355304718018,
        1.3091384880244732,
        1.3002951107919216,
        1.2791855782270432,
        1.2728695683181286,
        1.2622635513544083,
        1.2601991035044193,
        1.252694245427847,
        1.2469032667577267,
        1.241442397236824,
        1.239721704274416,
        1.2449529059231281,
        1.230527002364397,
        1.2353907749056816,
        1.2237664349377155,
        1.2269402369856834,
        1.2241681776940823,
        1.2255866676568985,
        1.212930355221033,
        1.213660106062889,
        1.2136852070689201,
        1.2057657688856125,
        1.2082833349704742,
        1.209888443350792,
        1.2066332548856735,
        1.209969975054264,
        1.2053383477032185,
        1.1960017830133438,
        1.2083545662462711,
        1.2043801471590996,
        1.2047388590872288,
        1.1916567087173462,
        1.2067062444984913,
        1.1894175484776497,
        1.18579525873065,
        1.1867275536060333,
        1.1851594187319279,
        1.1874419823288918,
        1.1806924790143967,
        1.1817248538136482,
        1.1805388070642948,
        1.1759563572704792,
        1.1788734905421734
    ],
    "test_accuracy": 0.4675,
    "test_class_accuracy": [
        0.3466933867735471,
        0.6247619047619047,
        0.5872689938398358,
        0.30265848670756645
    ],
    "configs": {
        "embedding_dir": "/users/jakhan/scratch/embeddings/",
        "save_dir": "/users/jakhan/scratch/experiments",
        "model": "CLIP",
        "layer": "12",
        "probe": "linear",
        "dataset_name": "RAVEN",
        "data_config": "in_center_single_out_center_single",
        "task": "Color_1",
        "seed": "42",
        "lr": "0.001",
        "batch_size": "64",
        "epochs": "45"
    },
    "classes": {
        "0": "Constant",
        "1": "Progression",
        "2": "Arithmetic",
        "3": "Distribute_Three"
    }
}