{
    "train_loss": [
        1.1008006613305275,
        1.0988518950786996,
        1.0986629635729688,
        1.0986602014683662,
        1.0986453066480921,
        1.0987019462788359,
        1.09868068644341,
        1.0986553138874946,
        1.0986525276873975,
        1.0985955557924636,
        1.0985503767399079,
        1.0984706612343484,
        1.0985682150150866,
        1.098531570840389,
        1.098449355744301,
        1.0984975162972794,
        1.098518781205441,
        1.098462461157048,
        1.0985709669742179,
        1.0984526200497404,
        1.0984654350483671,
        1.0984569318751072,
        1.0984867874612199,
        1.0983868647128978,
        1.0984463577574872,
        1.0984470920359835,
        1.09840120406861,
        1.0984319841608088,
        1.0984220948625119,
        1.0984519720077515,
        1.0984610331819413,
        1.0983741410235142,
        1.0983758923855234,
        1.0984050225704274,
        1.0983954718772402,
        1.0984048539019646,
        1.0983803487838584,
        1.0983774433744715,
        1.0983726876847288,
        1.0983910256243767,
        1.0983840772446165,
        1.0983721271474312,
        1.0983991978016305,
        1.0984033168630396,
        1.0983984559140307
    ],
    "test_loss": [
        1.0989765487611294,
        1.0983305536210537,
        1.0984226651489735,
        1.0988684929907322,
        1.0984209813177586,
        1.0985208936035633,
        1.0985781773924828,
        1.0984400697052479,
        1.0986758582293987,
        1.0984155535697937,
        1.0985411405563354,
        1.0984689258038998,
        1.098667498677969,
        1.0984920635819435,
        1.0984907411038876,
        1.098616972565651,
        1.0986457020044327,
        1.098585993051529,
        1.0984974466264248,
        1.0984611734747887,
        1.098443765193224,
        1.0985898897051811,
        1.0985874682664871,
        1.0984476171433926,
        1.0983887650072575,
        1.0985770151019096,
        1.0984520763158798,
        1.0984629653394222,
        1.0984179377555847,
        1.0985312573611736,
        1.0984761267900467,
        1.0984423942863941,
        1.0984623171389103,
        1.0984411239624023,
        1.0984623581171036,
        1.098441243171692,
        1.098445925861597,
        1.0984234176576138,
        1.098430123180151,
        1.0984498970210552,
        1.0984514392912388,
        1.098459616303444,
        1.0984409637749195,
        1.0984756015241146,
        1.0984097011387348
    ],
    "test_accuracy": 0.343,
    "test_class_accuracy": [
        1.0,
        0.0,
        0.0
    ],
    "configs": {
        "embedding_dir": "/users/jakhan/scratch/embeddings/",
        "save_dir": "/users/jakhan/scratch/experiments",
        "model": "DINOv3",
        "layer": "0",
        "probe": "MLP",
        "dataset_name": "RAVEN",
        "data_config": "in_center_single_out_center_single",
        "task": "Type_1",
        "seed": "42",
        "lr": "0.001",
        "batch_size": "64",
        "epochs": "45"
    },
    "classes": {
        "0": "Constant",
        "1": "Progression",
        "2": "Distribute_Three"
    }
}