{
    "train_loss": [
        1.4924103833259421,
        1.4015718330728246,
        1.4297827444177993,
        1.3870895327405726,
        1.3712737915363717,
        1.3664787348280563,
        1.3587297974748815,
        1.34644663714348,
        1.3383747580203604,
        1.3307934454146852,
        1.3274395009304614,
        1.3398635983467102,
        1.342023915432869,
        1.3468167819875352,
        1.316468134839484,
        1.3231186486305075,
        1.320626144713544,
        1.3054806754944173,
        1.3075872368000923,
        1.30303437659081,
        1.2972649868498458,
        1.304558535839649,
        1.30984332713675,
        1.2894945220744356,
        1.2814560874979546,
        1.2792791711523177,
        1.28656649082265,
        1.3186335931433009,
        1.2883934568851552,
        1.2946357815823657,
        1.297327810145439,
        1.2733001962621162,
        1.2734408987329362,
        1.2949844408542552,
        1.2996007102601073,
        1.2849860216708893,
        1.2720383354958067,
        1.2820269833219813,
        1.2758385805373496,
        1.2780756760150829,
        1.2801429350325402,
        1.2722890871636412,
        1.2647750212791118,
        1.2542881039862936,
        1.2636623763023538
    ],
    "test_loss": [
        1.4541925452649593,
        1.3704571947455406,
        1.3748661018908024,
        1.361397571861744,
        1.3539208732545376,
        1.36406110227108,
        1.3795600831508636,
        1.323522537946701,
        1.3308484219014645,
        1.310901053249836,
        1.3405488915741444,
        1.3317738063633442,
        1.318736419081688,
        1.3548627309501171,
        1.3094528280198574,
        1.3362559117376804,
        1.2930264100432396,
        1.320392407476902,
        1.2959610037505627,
        1.290720645338297,
        1.2940941266715527,
        1.2744596600532532,
        1.2802914790809155,
        1.2798193618655205,
        1.271971333771944,
        1.2694743387401104,
        1.4203184060752392,
        1.303305059671402,
        1.3048444725573063,
        1.3650554716587067,
        1.2633949927985668,
        1.2617240734398365,
        1.2692088074982166,
        1.2713872715830803,
        1.2876274846494198,
        1.2836754694581032,
        1.2746674567461014,
        1.2975436225533485,
        1.2877510488033295,
        1.2563861794769764,
        1.2601672559976578,
        1.2584291473031044,
        1.253624677658081,
        1.255183544009924,
        1.2803003787994385
    ],
    "test_accuracy": 0.352,
    "test_class_accuracy": [
        0.8220858895705522,
        0.10694183864915573,
        0.4432314410480349,
        0.08076923076923077
    ],
    "configs": {
        "embedding_dir": "/users/jakhan/scratch/embeddings/",
        "save_dir": "/users/jakhan/scratch/experiments",
        "model": "DINOv3",
        "layer": "8",
        "probe": "MLP",
        "dataset_name": "RAVEN",
        "data_config": "in_center_single_out_center_single",
        "task": "Size_1",
        "seed": "42",
        "lr": "0.001",
        "batch_size": "64",
        "epochs": "45"
    },
    "classes": {
        "0": "Constant",
        "1": "Progression",
        "2": "Arithmetic",
        "3": "Distribute_Three"
    }
}