{
    "train_loss": [
        1.3865161030850512,
        1.3731980983247147,
        1.3617769365615033,
        1.3518148191431736,
        1.343675265920923,
        1.3366721450014318,
        1.3301269931996123,
        1.3228602726408776,
        1.3194582982266203,
        1.3136736344783864,
        1.310411902184182,
        1.3050223601625321,
        1.3023657684630536,
        1.3006590059463015,
        1.295704962091243,
        1.2935241435436493,
        1.2914570214900565,
        1.2867866500895073,
        1.2850918858609301,
        1.2823450818974922,
        1.2793368646439085,
        1.277372489584253,
        1.2742025002520134,
        1.2723659543280905,
        1.2709794830768666,
        1.267942545261789,
        1.2671447079232399,
        1.2662044611382992,
        1.262032630595755,
        1.2612395679697077,
        1.2620449332480734,
        1.2590055934926296,
        1.2578272667336972,
        1.258753183040213,
        1.254680942981801,
        1.2536853729410375,
        1.2528996911454708,
        1.2490252573439415,
        1.2498216235891302,
        1.2462705792264734,
        1.249523569928839,
        1.2450554840108181,
        1.2436864959432723,
        1.2429761506141501,
        1.2415978058855583
    ],
    "test_loss": [
        1.3855531625449657,
        1.3600121773779392,
        1.3513435684144497,
        1.3512161113321781,
        1.3359556011855602,
        1.3342606239020824,
        1.3262913450598717,
        1.3187808506190777,
        1.3152897991240025,
        1.3209716230630875,
        1.3085717558860779,
        1.3037665337324142,
        1.3064446114003658,
        1.304043471813202,
        1.294456660747528,
        1.2965752631425858,
        1.2909256890416145,
        1.2912772633135319,
        1.3024239465594292,
        1.2884782068431377,
        1.284756127744913,
        1.2801725305616856,
        1.2775784991681576,
        1.2779061943292618,
        1.275900736451149,
        1.2767772786319256,
        1.2779732756316662,
        1.2708244249224663,
        1.2692972533404827,
        1.2743846476078033,
        1.2702091671526432,
        1.2667752392590046,
        1.2638958506286144,
        1.264472659677267,
        1.2635801583528519,
        1.2630566358566284,
        1.2631040289998055,
        1.2644959092140198,
        1.2620474621653557,
        1.2684504874050617,
        1.2698679454624653,
        1.2580166086554527,
        1.255637664347887,
        1.256581399589777,
        1.2646598257124424
    ],
    "test_accuracy": 0.4195,
    "test_class_accuracy": [
        0.17791411042944785,
        0.4446529080675422,
        0.759825327510917,
        0.3211538461538462
    ],
    "configs": {
        "embedding_dir": "/users/jakhan/scratch/embeddings/",
        "save_dir": "/users/jakhan/scratch/experiments",
        "model": "CLIP",
        "layer": "10",
        "probe": "linear",
        "dataset_name": "RAVEN",
        "data_config": "in_center_single_out_center_single",
        "task": "Size_1",
        "seed": "42",
        "lr": "0.001",
        "batch_size": "64",
        "epochs": "45"
    },
    "classes": {
        "0": "Constant",
        "1": "Progression",
        "2": "Arithmetic",
        "3": "Distribute_Three"
    }
}