{
    "train_loss": [
        1.3660628326395725,
        1.3009262008869902,
        1.2522215044244807,
        1.209952897213875,
        1.1707376102183729,
        1.1396834482537939,
        1.128370594471059,
        1.0887428395291592,
        1.0798603740144284,
        1.057604821438485,
        1.029934417060081,
        1.0286856699497142,
        1.0019484301830859,
        0.9910054587303324,
        0.9783471524715424,
        0.9684502989687818,
        0.9628490875376031,
        0.9468201088144425,
        0.9352801397759863,
        0.9380424644084687,
        0.9186769508300944,
        0.9094871149418202,
        0.9164911514901101,
        0.89912182536531,
        0.905324786901474,
        0.8977393324070788,
        0.8735732531293909,
        0.8702767453295119,
        0.8714433921144363,
        0.8614441295887562,
        0.8568287586912195,
        0.8515018636875964,
        0.8455171572401169,
        0.8407573712633011,
        0.8267756510288158,
        0.8218891791840817,
        0.822806235323561,
        0.8293430437432959,
        0.8286742872380196,
        0.8184688122982674,
        0.805006853443511,
        0.8283526986203296,
        0.8088696567302055,
        0.7935085778540754,
        0.8037891191370944
    ],
    "test_loss": [
        1.3309686928987503,
        1.2717273905873299,
        1.217559814453125,
        1.1862598732113838,
        1.1467162631452084,
        1.1350979581475258,
        1.1071813125163317,
        1.0894404649734497,
        1.076725935563445,
        1.046720126643777,
        1.0619163308292627,
        1.0314386244863272,
        1.010636081919074,
        1.0121510066092014,
        1.0047051217406988,
        1.0170920565724373,
        0.9776955228298903,
        0.983411880210042,
        0.9984871689230204,
        0.9571308232843876,
        0.9555275142192841,
        0.9370685555040836,
        0.9722760003060102,
        0.9285684619098902,
        0.9292007032781839,
        0.9243512656539679,
        0.9511242732405663,
        0.9534913059324026,
        0.9172012526541948,
        0.9164225477725267,
        0.9376839604228735,
        0.9141647480428219,
        0.8987409044057131,
        0.9191512577235699,
        0.9206339102238417,
        0.930649247020483,
        0.9110610783100128,
        0.9118355382233858,
        0.9074165523052216,
        0.922400712966919,
        0.8822745718061924,
        0.8703777696937323,
        0.9794891010969877,
        0.9014429952949286,
        0.8931938782334328
    ],
    "test_accuracy": 0.623,
    "test_class_accuracy": [
        0.5632411067193676,
        0.7816091954022989,
        0.6790123456790124,
        0.4588477366255144
    ],
    "configs": {
        "embedding_dir": "/users/jakhan/scratch/embeddings/",
        "save_dir": "/users/jakhan/scratch/experiments",
        "model": "CLIP",
        "layer": "12",
        "probe": "MLP",
        "dataset_name": "RAVEN",
        "data_config": "center_single",
        "task": "Size",
        "seed": "42",
        "lr": "0.001",
        "batch_size": "64",
        "epochs": "45"
    },
    "classes": {
        "0": "Constant",
        "1": "Progression",
        "2": "Arithmetic",
        "3": "Distribute_Three"
    }
}