{
    "train_loss": [
        1.0759367809650746,
        1.0568480263365077,
        1.0544927348481847,
        1.055746887592559,
        1.0522729094992294,
        1.047131376697662,
        1.0498060146544843,
        1.0477393193447844,
        1.0528524638490473,
        1.0487939975363143,
        1.0417658147659707,
        1.0436485897987446,
        1.0434557256546426,
        1.0418896954110328,
        1.0403295863181987,
        1.0389284967107977,
        1.0410410343332495,
        1.0423559267470177,
        1.0382194366860897,
        1.0392257235151656,
        1.0398066183353991,
        1.038584237403058,
        1.0358946697509035,
        1.0389863943800013,
        1.0362477245482993,
        1.034426933273356,
        1.0335288859428244,
        1.0357040540969118,
        1.0332386202000556,
        1.0357164772267038,
        1.033850072546208,
        1.0334701170312597,
        1.0310713217613545,
        1.0308946903715743,
        1.0345972142320998,
        1.028733084810541,
        1.0268470410336838,
        1.0305433729861646,
        1.0292746132992683,
        1.0305281471698842,
        1.0288436482561396,
        1.029068762317617,
        1.0293215284956263,
        1.0285616364884884,
        1.0274695595528216
    ],
    "test_loss": [
        1.0651983506977558,
        1.0645082108676434,
        1.0811942219734192,
        1.0803583152592182,
        1.0610933471471071,
        1.0611643344163895,
        1.0682764034718275,
        1.066058712080121,
        1.0651070438325405,
        1.0544942915439606,
        1.0575665086507797,
        1.0618876032531261,
        1.0523438937962055,
        1.0617347843945026,
        1.0537500847131014,
        1.0511311516165733,
        1.0550417583435774,
        1.0522580277174711,
        1.049082798883319,
        1.0702890399843454,
        1.0519138127565384,
        1.0518547892570496,
        1.056837122887373,
        1.0513612255454063,
        1.049391232430935,
        1.0471963677555323,
        1.0503713842481375,
        1.0480709038674831,
        1.0529749393463135,
        1.0809219852089882,
        1.0483394116163254,
        1.0516897793859243,
        1.0473133772611618,
        1.0480159725993872,
        1.0521676409989595,
        1.0440741404891014,
        1.0493044145405293,
        1.0452566947788,
        1.0588769149035215,
        1.0539568271487951,
        1.0457252450287342,
        1.0501405112445354,
        1.0430162400007248,
        1.048279857262969,
        1.0559973251074553
    ],
    "test_accuracy": 0.419,
    "test_class_accuracy": [
        0.8740554156171285,
        0.0,
        0.1836734693877551
    ],
    "configs": {
        "embedding_dir": "/users/jakhan/scratch/embeddings/",
        "save_dir": "/users/jakhan/scratch/experiments",
        "model": "DINOv3",
        "layer": "6",
        "probe": "linear",
        "dataset_name": "RAVEN",
        "data_config": "in_center_single_out_center_single",
        "task": "Size_0",
        "seed": "42",
        "lr": "0.001",
        "batch_size": "64",
        "epochs": "45"
    },
    "classes": {
        "0": "Constant",
        "1": "Progression",
        "2": "Distribute_Three"
    }
}