{
    "train_loss": [
        1.2104179859161377,
        0.574391782283783,
        0.49142983207043184,
        0.43448168324663283,
        0.42920487009464425,
        0.4293322648773802,
        0.3897090511436158,
        0.35330710464969595,
        0.3361473814287084,
        0.30633909936915055,
        0.3063334599137306,
        0.2939112140460217,
        0.2923381043241379,
        0.2864112191377802,
        0.3027929790476535,
        0.2850445285439491,
        0.2811029427387613,
        0.2764491418257673,
        0.26035596398597066,
        0.24143903163519312,
        0.24594897887808212,
        0.23572902532016976,
        0.23639071368156594,
        0.23895677963786938,
        0.22594256707011384,
        0.23056968626506785,
        0.22592242823002187,
        0.233316930763899,
        0.21478971624945073,
        0.21503206358311025,
        0.22809402533668152,
        0.2545552024657422,
        0.21579903062987835,
        0.20505512077757654,
        0.23115157343922776,
        0.19300656424874954,
        0.2067024311486711,
        0.19652829747250739,
        0.19173394745968758,
        0.2200204148254496,
        0.206115362095706,
        0.205979234519157,
        0.1990609570862131,
        0.1875416095110964,
        0.18838027690319306
    ],
    "test_loss": [
        0.5942172352224588,
        0.48301518894732,
        0.422037105076015,
        0.3969050901941955,
        0.3842851184308529,
        0.4006530405022204,
        0.3158728233538568,
        0.30115958396345377,
        0.3497087452560663,
        0.2805122141726315,
        0.33286177087575197,
        0.27410305105149746,
        0.3562514786608517,
        0.2656378513202071,
        0.316489115357399,
        0.25672855507582426,
        0.29872720688581467,
        0.35270973993465304,
        0.37692275922745466,
        0.2543685012497008,
        0.24973615305498242,
        0.35149699822068214,
        0.2422935999929905,
        0.2436268380843103,
        0.22691718023270369,
        0.21769038261845708,
        0.21323755756020546,
        0.2242763927206397,
        0.23795137275010347,
        0.2646580250002444,
        0.29003148479387164,
        0.27588646579533815,
        0.21465218043886125,
        0.24479574663564563,
        0.21577974455431104,
        0.25593668688088655,
        0.28888621740043163,
        0.1992132046725601,
        0.283671491779387,
        0.3482399177737534,
        0.219991389894858,
        0.33014828944578767,
        0.21213488979265094,
        0.20376228797249496,
        0.21092925290577114
    ],
    "test_accuracy": 0.9105,
    "test_class_accuracy": [
        0.9226190476190477,
        0.8873668188736682,
        0.9210134128166915
    ],
    "configs": {
        "embedding_dir": "/users/jakhan/scratch/embeddings/",
        "save_dir": "/users/jakhan/scratch/experiments",
        "model": "DINOv3",
        "layer": "12",
        "probe": "linear",
        "dataset_name": "RAVEN",
        "data_config": "center_single",
        "task": "Type",
        "seed": "42",
        "lr": "0.001",
        "batch_size": "64",
        "epochs": "45"
    },
    "classes": {
        "0": "Constant",
        "1": "Progression",
        "2": "Distribute_Three"
    }
}