{
    "train_loss": [
        1.6117093702580065,
        1.3688651995455965,
        1.3531624243614522,
        1.3531280362859686,
        1.3393353287209855,
        1.332268865818673,
        1.3174430981595466,
        1.3069543064908777,
        1.308994543045125,
        1.2995177253763726,
        1.2882172757006707,
        1.2957179774629308,
        1.2882506378153538,
        1.2714571927456146,
        1.3183911087665152,
        1.2683102932382138,
        1.2771078195977719,
        1.2597061547827213,
        1.2517235253719574,
        1.256346434988874,
        1.2479632471470123,
        1.2568811089434522,
        1.245247260053107,
        1.2461596423007073,
        1.249922312320547,
        1.2417404638960006,
        1.2293340563774109,
        1.23350294980597,
        1.2437413740665355,
        1.2185788788694016,
        1.2239851736007852,
        1.2139171349241378,
        1.235652304710226,
        1.2082847255341551,
        1.2217796203937936,
        1.2127635035109012,
        1.2096038473413346,
        1.213303545688061,
        1.20524448536812,
        1.2054846946229325,
        1.1948543774320723,
        1.2004000100683658,
        1.1978375797576093,
        1.1912564762095188,
        1.1917730113293261
    ],
    "test_loss": [
        1.3728623278439045,
        1.3608546294271946,
        1.3541827723383904,
        1.3550813347101212,
        1.3364206813275814,
        1.3044570609927177,
        1.3130299523472786,
        1.3438158072531223,
        1.320388600230217,
        1.2818804308772087,
        1.272815641015768,
        1.2978735119104385,
        1.2902773506939411,
        1.2939075380563736,
        1.39827586337924,
        1.2595001049339771,
        1.2624368369579315,
        1.259634654968977,
        1.2585760690271854,
        1.358933549374342,
        1.2471715100109577,
        1.2590218521654606,
        1.2780167907476425,
        1.2474057376384735,
        1.2727015800774097,
        1.240393966436386,
        1.2369506396353245,
        1.236249603331089,
        1.219459880143404,
        1.2147036455571651,
        1.2540849559009075,
        1.227675136178732,
        1.2661627531051636,
        1.2411301508545876,
        1.2390769720077515,
        1.2186740301549435,
        1.2965295985341072,
        1.2337111085653305,
        1.1959213726222515,
        1.2108726277947426,
        1.2085116133093834,
        1.2170869447290897,
        1.204510722309351,
        1.1979963816702366,
        1.1889063864946365
    ],
    "test_accuracy": 0.465,
    "test_class_accuracy": [
        0.5375494071146245,
        0.40229885057471265,
        0.7325102880658436,
        0.18930041152263374
    ],
    "configs": {
        "embedding_dir": "/users/jakhan/scratch/embeddings/",
        "save_dir": "/users/jakhan/scratch/experiments",
        "model": "DINOv3",
        "layer": "8",
        "probe": "linear",
        "dataset_name": "RAVEN",
        "data_config": "center_single",
        "task": "Size",
        "seed": "42",
        "lr": "0.001",
        "batch_size": "64",
        "epochs": "45"
    },
    "classes": {
        "0": "Constant",
        "1": "Progression",
        "2": "Arithmetic",
        "3": "Distribute_Three"
    }
}