{
    "train_loss": [
        1.0997171224431788,
        1.0996387879899208,
        1.098676436759056,
        1.098414310749541,
        1.0986478734523693,
        1.0983535837619862,
        1.0984679942435407,
        1.0984118758363928,
        1.0983709388590874,
        1.0984208330195,
        1.09832172064071,
        1.0984069273826924,
        1.0984238373472335,
        1.0984668452688988,
        1.0983621883899608,
        1.0983572614953874,
        1.0982846021652222,
        1.0983899223043563,
        1.098385564824368,
        1.0982962770664946,
        1.098166602723142,
        1.0983315084842926,
        1.0984782969697993,
        1.0983618206166206,
        1.098339283719976,
        1.0982629872382956,
        1.0982379583602255,
        1.0983386052415727,
        1.098464548587799,
        1.0983775968247271,
        1.098403422122306,
        1.0983874632957134,
        1.0984290128058576,
        1.0984110718077802,
        1.0983947249169046,
        1.0984085899718263,
        1.0983842877631491,
        1.0984011165639187,
        1.0983939234246598,
        1.0984151984782928,
        1.098388782207002,
        1.0984421220231564,
        1.098364121102272,
        1.09841710075419,
        1.0983928771729166
    ],
    "test_loss": [
        1.1001741625368595,
        1.098717499524355,
        1.0983352214097977,
        1.0988681688904762,
        1.0985636338591576,
        1.0988009721040726,
        1.0985116474330425,
        1.0983739420771599,
        1.0984828248620033,
        1.0984860137104988,
        1.098568707704544,
        1.0983512811362743,
        1.0983132161200047,
        1.0987483821809292,
        1.098477829247713,
        1.098377089947462,
        1.098474882543087,
        1.0985082797706127,
        1.0984857305884361,
        1.0984009876847267,
        1.098287720233202,
        1.09853046387434,
        1.0986651740968227,
        1.0985257029533386,
        1.0984315313398838,
        1.0983600541949272,
        1.0986135005950928,
        1.098685186356306,
        1.0985434167087078,
        1.098508708178997,
        1.098494041711092,
        1.0984369665384293,
        1.098466470837593,
        1.0984021350741386,
        1.0984392613172531,
        1.0984387323260307,
        1.098427552729845,
        1.098458394408226,
        1.0984260737895966,
        1.0984132178127766,
        1.098486565053463,
        1.098472036421299,
        1.0984447374939919,
        1.0984619744122028,
        1.0984629020094872
    ],
    "test_accuracy": 0.343,
    "test_class_accuracy": [
        1.0,
        0.0,
        0.0
    ],
    "configs": {
        "embedding_dir": "/users/jakhan/scratch/embeddings/",
        "save_dir": "/users/jakhan/scratch/experiments",
        "model": "CLIP",
        "layer": "2",
        "probe": "MLP",
        "dataset_name": "RAVEN",
        "data_config": "in_center_single_out_center_single",
        "task": "Type_1",
        "seed": "42",
        "lr": "0.001",
        "batch_size": "64",
        "epochs": "45"
    },
    "classes": {
        "0": "Constant",
        "1": "Progression",
        "2": "Distribute_Three"
    }
}