{
    "train_loss": [
        1.829605094929959,
        1.2671328440625618,
        1.2089961050672735,
        1.1460000403383945,
        1.0996348375969744,
        1.0783379794435297,
        1.0523978065937123,
        1.0075811058916944,
        1.0110759868266734,
        0.994636226207652,
        0.9959711369047773,
        0.978590578474897,
        0.9906545915502183,
        0.9523870228452885,
        0.926330140930541,
        0.9388795476010505,
        0.9085760814078311,
        0.8574790643884781,
        0.8666729267607344,
        0.8646032721438306,
        0.8573957485087375,
        0.8524884029905847,
        0.8397302684631753,
        0.8059263305461153,
        0.8239059105832526,
        0.7757089740418374,
        0.7846547954894126,
        0.7812631117536667,
        0.8126804118460798,
        0.7907265418387474,
        0.8006855496700774,
        0.7537598581390178,
        0.7433751935654498,
        0.7556785700169015,
        0.7417449868739919,
        0.7586083393147651,
        0.7205194076325031,
        0.734955130739415,
        0.6852252711641028,
        0.6907270503170947,
        0.6858571235169756,
        0.6732811338089882,
        0.7030216293766144,
        0.6812853660989315,
        0.6723946922637046
    ],
    "test_loss": [
        1.303184099495411,
        1.2407440915703773,
        1.1901292763650417,
        1.099471950903535,
        1.155283622443676,
        1.0992724895477295,
        1.0297973323613405,
        1.0113703440874815,
        1.0095087829977274,
        1.0874384716153145,
        1.0275369454175234,
        1.0898023769259453,
        0.9962810762226582,
        1.0591436717659235,
        0.9250842072069645,
        0.9239663723856211,
        0.9034047927707434,
        0.9009010139852762,
        0.9963249750435352,
        0.9370417315512896,
        0.8618406187742949,
        1.0951608512550592,
        0.8561173770576715,
        0.8601168412715197,
        0.9203509446233511,
        0.8911848198622465,
        0.8815167415887117,
        0.9200747739523649,
        0.8479308877140284,
        0.8155364822596312,
        0.8806684575974941,
        0.9059236720204353,
        0.9035521261394024,
        0.8841122463345528,
        0.8879438955336809,
        0.8272183816879988,
        0.8942723944783211,
        0.7900445889681578,
        0.8695399928838015,
        0.8085014913231134,
        0.8052711188793182,
        0.8711195271462202,
        0.8624470848590136,
        0.792248971760273,
        0.7834879700094461
    ],
    "test_accuracy": 0.67,
    "test_class_accuracy": [
        0.7351778656126482,
        0.6091954022988506,
        0.7325102880658436,
        0.6049382716049383
    ],
    "configs": {
        "embedding_dir": "/users/jakhan/scratch/embeddings/",
        "save_dir": "/users/jakhan/scratch/experiments",
        "model": "DINOv3",
        "layer": "12",
        "probe": "MLP",
        "dataset_name": "RAVEN",
        "data_config": "center_single",
        "task": "Size",
        "seed": "42",
        "lr": "0.001",
        "batch_size": "64",
        "epochs": "45"
    },
    "classes": {
        "0": "Constant",
        "1": "Progression",
        "2": "Arithmetic",
        "3": "Distribute_Three"
    }
}