{
    "train_loss": [
        1.1149649962465813,
        1.1002419679722888,
        1.1009724355758506,
        1.1006816486094861,
        1.1006109359416556,
        1.0993788470613195,
        1.0987119712728135,
        1.0981817308892594,
        1.0970662718123578,
        1.0983492402320212,
        1.0972924283210268,
        1.095008837415817,
        1.0967789901063798,
        1.0950910322209622,
        1.0951394946017163,
        1.0942698260571093,
        1.0957273333630664,
        1.0948327602224146,
        1.095864420241498,
        1.0949068843050207,
        1.0940077710658946,
        1.0919930630541863,
        1.0925079381212275,
        1.0939634505738602,
        1.0939007452193727,
        1.0924636518701594,
        1.092715154302881,
        1.0908688382899507,
        1.0927900595867888,
        1.0920389028305704,
        1.0904636687420783,
        1.0920925216471895,
        1.090558208049612,
        1.090597851479307,
        1.0895885140337842,
        1.0892673286985843,
        1.0900461876646002,
        1.0894888855041343,
        1.0887527110728812,
        1.089112458076883,
        1.0886777740843752,
        1.0889488636179174,
        1.0876576697572748,
        1.0891308594257274,
        1.0882071878047699
    ],
    "test_loss": [
        1.098871748894453,
        1.0985985808074474,
        1.1023989208042622,
        1.097769234329462,
        1.102505810558796,
        1.0971605367958546,
        1.0965390168130398,
        1.0980851724743843,
        1.0982385762035847,
        1.0984089709818363,
        1.0991032719612122,
        1.0957149788737297,
        1.0966034196317196,
        1.1001094467937946,
        1.0966762565076351,
        1.0949732400476933,
        1.0947277210652828,
        1.0970337055623531,
        1.1002221778035164,
        1.0945346727967262,
        1.0951872393488884,
        1.095643661916256,
        1.100632455199957,
        1.0952302850782871,
        1.0994903668761253,
        1.096445769071579,
        1.0938416719436646,
        1.0926471278071404,
        1.0949633605778217,
        1.096929181367159,
        1.0956024043262005,
        1.0935174711048603,
        1.0924279168248177,
        1.092230748385191,
        1.0926363877952099,
        1.0922935791313648,
        1.0978185571730137,
        1.0957895927131176,
        1.0927047245204449,
        1.0918862521648407,
        1.0907776802778244,
        1.090998586267233,
        1.09127514436841,
        1.0941717363893986,
        1.0920446775853634
    ],
    "test_accuracy": 0.375,
    "test_class_accuracy": [
        0.71875,
        0.3607305936073059,
        0.044709388971684055
    ],
    "configs": {
        "embedding_dir": "/users/jakhan/scratch/embeddings/",
        "save_dir": "/users/jakhan/scratch/experiments",
        "model": "DINOv3",
        "layer": "2",
        "probe": "linear",
        "dataset_name": "RAVEN",
        "data_config": "center_single",
        "task": "Type",
        "seed": "42",
        "lr": "0.001",
        "batch_size": "64",
        "epochs": "45"
    },
    "classes": {
        "0": "Constant",
        "1": "Progression",
        "2": "Distribute_Three"
    }
}