{
    "train_loss": [
        2.0391085718540434,
        1.3619589640739116,
        1.30383670456866,
        1.223804865111696,
        1.1639186746262489,
        1.197385403070044,
        1.1467325389385223,
        1.120208662875155,
        1.0802607999203053,
        1.0646512933233951,
        1.0183438912351082,
        1.0173525613673189,
        1.0254179213909393,
        1.0067093480140605,
        1.0200096032720931,
        1.0136442133720884,
        0.9765398813054916,
        0.9426817970072969,
        0.9548342044049121,
        0.962336466033408,
        0.9934985656687554,
        0.9555029615442804,
        0.9246271487246168,
        0.937660719485993,
        0.9219144785657842,
        0.9345481402062356,
        0.937332644741586,
        0.908684825009488,
        0.8881588305564637,
        0.9287076560740776,
        0.8787314511360006,
        0.8959465394628808,
        0.930574820396748,
        0.9321264079276551,
        0.857665719504052,
        0.8569522804402291,
        0.889947790414729,
        0.8304785255421984,
        0.8739089433183062,
        0.8277841812752663,
        0.8375952516464477,
        0.8645878434181213,
        0.8662448981974987,
        0.8592659254023369,
        0.8345303725689015
    ],
    "test_loss": [
        1.4300505705177784,
        1.392768256366253,
        1.261508647352457,
        1.1288440134376287,
        1.1125857271254063,
        1.3267127703875303,
        1.2302831038832664,
        1.0493273716419935,
        1.1215052660554647,
        1.0583034344017506,
        1.0574563574045897,
        1.0030883941799402,
        1.0631744489073753,
        0.9593347925692797,
        0.9531109444797039,
        1.0586905758827925,
        0.9983731657266617,
        0.9983673952519894,
        1.0201310981065035,
        1.0526868626475334,
        0.9593858905136585,
        1.0940477903932333,
        0.9862411264330149,
        1.014225771650672,
        0.9427920002490282,
        0.953227311372757,
        0.917701005935669,
        1.0431131925433874,
        0.9588520601391792,
        0.9542154408991337,
        0.9338682070374489,
        0.9975486267358065,
        0.9224650096148252,
        0.8551656808704138,
        0.9106347151100636,
        0.917526338249445,
        0.8613652922213078,
        0.8934189602732658,
        0.9091435372829437,
        0.873317452147603,
        0.9214529376477003,
        0.9064764622598886,
        0.9259052462875843,
        0.8651520758867264,
        0.9534121192991734
    ],
    "test_accuracy": 0.605,
    "test_class_accuracy": [
        0.6205533596837944,
        0.3620689655172414,
        0.8744855967078189,
        0.5802469135802469
    ],
    "configs": {
        "embedding_dir": "/users/jakhan/scratch/embeddings/",
        "save_dir": "/users/jakhan/scratch/experiments",
        "model": "DINOv3",
        "layer": "12",
        "probe": "linear",
        "dataset_name": "RAVEN",
        "data_config": "center_single",
        "task": "Size",
        "seed": "42",
        "lr": "0.001",
        "batch_size": "64",
        "epochs": "45"
    },
    "classes": {
        "0": "Constant",
        "1": "Progression",
        "2": "Arithmetic",
        "3": "Distribute_Three"
    }
}