{
    "train_loss": [
        1.0707566611310269,
        1.0553118884563446,
        1.056161606565435,
        1.0560589001533833,
        1.053730067420513,
        1.052533540953981,
        1.054385076177881,
        1.0535980602528185,
        1.0558319719547922,
        1.0536425766792703,
        1.051905891996749,
        1.0506822054690503,
        1.0503306547377973,
        1.0506406737134812,
        1.0498589524563322,
        1.049914945313271,
        1.0508567285030446,
        1.0511698570657284,
        1.0494050174317462,
        1.0511868082462472,
        1.0500961060219622,
        1.0497911794388548,
        1.0483279811575057,
        1.0502399428093687,
        1.0468459896584774,
        1.047206439870469,
        1.0489740866295836,
        1.048614298409604,
        1.0460649037614782,
        1.0506104668404193,
        1.0482169896998303,
        1.04724734958182,
        1.046168863773346,
        1.0450702645677201,
        1.0489499841598755,
        1.0451578301318147,
        1.0453744530677795,
        1.0449342435978828,
        1.0443426554507398,
        1.0456982495936942,
        1.0450532487098207,
        1.0462574781255518,
        1.0453438834941133,
        1.049866962940135,
        1.0442638416239556
    ],
    "test_loss": [
        1.069875942543149,
        1.0663040224462748,
        1.071418620646,
        1.0636829286813736,
        1.0615875981748104,
        1.0613985024392605,
        1.0689503382891417,
        1.0722886845469475,
        1.0625727027654648,
        1.0617391765117645,
        1.0605857037007809,
        1.061172604560852,
        1.0609621610492468,
        1.0621279031038284,
        1.0631919912993908,
        1.0621817950159311,
        1.0651685018092394,
        1.0606459714472294,
        1.0603030286729336,
        1.0713655464351177,
        1.0687420666217804,
        1.0597413554787636,
        1.067176915705204,
        1.0607908256351948,
        1.061767216771841,
        1.0585228726267815,
        1.062161622568965,
        1.0659042857587337,
        1.058390598744154,
        1.0714159179478884,
        1.05823490396142,
        1.0585485324263573,
        1.0601329058408737,
        1.0629995223134756,
        1.0600113533437252,
        1.0603521168231964,
        1.0687092058360577,
        1.0581171605736017,
        1.065166773274541,
        1.0595506988465786,
        1.0574930403381586,
        1.061158997938037,
        1.0643989648669958,
        1.0595048274844885,
        1.0598712973296642
    ],
    "test_accuracy": 0.4075,
    "test_class_accuracy": [
        0.8652392947103275,
        0.0,
        0.16326530612244897
    ],
    "configs": {
        "embedding_dir": "/users/jakhan/scratch/embeddings/",
        "save_dir": "/users/jakhan/scratch/experiments",
        "model": "DINOv3",
        "layer": "4",
        "probe": "linear",
        "dataset_name": "RAVEN",
        "data_config": "in_center_single_out_center_single",
        "task": "Size_0",
        "seed": "42",
        "lr": "0.001",
        "batch_size": "64",
        "epochs": "45"
    },
    "classes": {
        "0": "Constant",
        "1": "Progression",
        "2": "Distribute_Three"
    }
}