{
    "train_loss": [
        1.1589566317010433,
        0.8797905083666456,
        0.7848395191608591,
        0.6521889060101611,
        0.6183377136575415,
        0.5605123287185709,
        0.5345039123550375,
        0.5050929632592709,
        0.4925317190428998,
        0.43353548836200795,
        0.42624797909817796,
        0.4069968617342888,
        0.38874331544688406,
        0.35552013332539417,
        0.3706410952070926,
        0.3935308521415325,
        0.36208798038832685,
        0.3585788976955921,
        0.377314382094018,
        0.32790259898025936,
        0.3168199783627023,
        0.3258011265003935,
        0.32969096683441323,
        0.3123495046128618,
        0.3097154991106784,
        0.29835394960134587,
        0.28054423883874363,
        0.33677746418942794,
        0.2762890791797892,
        0.2847379633086793,
        0.297756683319173,
        0.25608272454205977,
        0.3360262689913841,
        0.3104926956460831,
        0.26961815690106533,
        0.2586679212907527,
        0.27749337723597567,
        0.2984526835857554,
        0.25118048584207575,
        0.29859515913623447,
        0.2724290020922397,
        0.23721974152833858,
        0.23452340882826359,
        0.24403212901125562,
        0.25495863048003076
    ],
    "test_loss": [
        0.9357278943061829,
        0.8087040148675442,
        0.6833777911961079,
        0.6404807651415467,
        0.5610101660713553,
        0.6970322048291564,
        0.5062459381297231,
        0.49778197426348925,
        0.5016211355105042,
        0.43403355963528156,
        0.4181414386257529,
        0.37495079496875405,
        0.3884796593338251,
        0.5253495424985886,
        0.46807639952749014,
        0.35394311882555485,
        0.3516620327718556,
        0.3195863161236048,
        0.3379320134408772,
        0.30746220517903566,
        0.34174688206985593,
        0.29638684960082173,
        0.43835780024528503,
        0.32788342935964465,
        0.35581339662894607,
        0.30726979626342654,
        0.2824037657119334,
        0.3642203453928232,
        0.2941873073577881,
        0.3652558368630707,
        0.27030918770469725,
        0.34993726573884487,
        0.2776535195298493,
        0.3750726357102394,
        0.30260988464578986,
        0.30163407512009144,
        0.27652715519070625,
        0.24976514000445604,
        0.2667890964075923,
        0.33000989025458694,
        0.25653831334784627,
        0.2788643562234938,
        0.42512633139267564,
        0.2680041827261448,
        0.25404038885608315
    ],
    "test_accuracy": 0.8935,
    "test_class_accuracy": [
        0.9404761904761905,
        0.8112633181126332,
        0.9269746646795827
    ],
    "configs": {
        "embedding_dir": "/users/jakhan/scratch/embeddings/",
        "save_dir": "/users/jakhan/scratch/experiments",
        "model": "DINOv3",
        "layer": "10",
        "probe": "MLP",
        "dataset_name": "RAVEN",
        "data_config": "center_single",
        "task": "Type",
        "seed": "42",
        "lr": "0.001",
        "batch_size": "64",
        "epochs": "45"
    },
    "classes": {
        "0": "Constant",
        "1": "Progression",
        "2": "Distribute_Three"
    }
}