{
    "train_loss": [
        1.3637342174002465,
        1.3265084015562179,
        1.306693581824607,
        1.287068563572904,
        1.2679607005829507,
        1.2533002559174882,
        1.2425013159183746,
        1.2293529916316905,
        1.2220899132972067,
        1.2082137287931238,
        1.2008858449915623,
        1.19166343896947,
        1.1835870539888422,
        1.1762018749054441,
        1.1708286366564162,
        1.1644238068702373,
        1.1556669410238876,
        1.1502807495441842,
        1.1456671407882204,
        1.1418947710635814,
        1.136700673306242,
        1.1299601438197684,
        1.1262811358938827,
        1.1204986673720339,
        1.1202788961694596,
        1.1129296085935958,
        1.1064555251851995,
        1.1037167082441615,
        1.0997025579848188,
        1.0958203717749169,
        1.0942947794782354,
        1.0889936038788328,
        1.086556021203386,
        1.0820214963973838,
        1.0798157472559746,
        1.073425883942462,
        1.0734082149698378,
        1.0713244917544913,
        1.067389745027461,
        1.0623999897469865,
        1.062933030280661,
        1.0598365715209475,
        1.0548681585078543,
        1.0551218212919031,
        1.0514214026167037
    ],
    "test_loss": [
        1.3411681801080704,
        1.3099496364593506,
        1.2888282537460327,
        1.2780244424939156,
        1.2581204175949097,
        1.2448896244168282,
        1.234030470252037,
        1.2304588221013546,
        1.2117332704365253,
        1.208998542279005,
        1.1968161463737488,
        1.1890387535095215,
        1.1802888475358486,
        1.2002765983343124,
        1.184954158961773,
        1.162767220288515,
        1.1568399704992771,
        1.1588972732424736,
        1.1469644382596016,
        1.1538727395236492,
        1.1480728536844254,
        1.1514374576508999,
        1.131078351289034,
        1.1284099109470844,
        1.1234119087457657,
        1.1239928156137466,
        1.114721979945898,
        1.1149454079568386,
        1.107745461165905,
        1.110071837902069,
        1.1040893662720919,
        1.1057875417172909,
        1.096502486616373,
        1.0914985667914152,
        1.1048680040985346,
        1.0896860677748919,
        1.0923032611608505,
        1.0833396520465612,
        1.0780223570764065,
        1.0762408021837473,
        1.0808464456349611,
        1.0734058786183596,
        1.0703546907752752,
        1.0814152918756008,
        1.0708338003605604
    ],
    "test_accuracy": 0.562,
    "test_class_accuracy": [
        0.5652173913043478,
        0.5038314176245211,
        0.7757201646090535,
        0.4074074074074074
    ],
    "configs": {
        "embedding_dir": "/users/jakhan/scratch/embeddings/",
        "save_dir": "/users/jakhan/scratch/experiments",
        "model": "CLIP",
        "layer": "12",
        "probe": "linear",
        "dataset_name": "RAVEN",
        "data_config": "center_single",
        "task": "Size",
        "seed": "42",
        "lr": "0.001",
        "batch_size": "64",
        "epochs": "45"
    },
    "classes": {
        "0": "Constant",
        "1": "Progression",
        "2": "Arithmetic",
        "3": "Distribute_Three"
    }
}