{
    "train_loss": [
        1.3510697192334113,
        1.2358730143689094,
        1.18075175234612,
        1.130513643964808,
        1.109079105422852,
        1.0716827670310407,
        1.0389330222251567,
        1.031232181381672,
        1.0127257210143068,
        0.9819851061131092,
        0.9544498533644574,
        0.9355173383621459,
        0.9386579521158909,
        0.9103508845288703,
        0.9002321616132208,
        0.8905725124034476,
        0.8798758837770908,
        0.8797641770636782,
        0.8648518996035799,
        0.8518060433103684,
        0.8430001234754603,
        0.838056966345361,
        0.8437505935100799,
        0.822102907490223,
        0.8252284463415754,
        0.8179356462143837,
        0.823149156697253,
        0.8226202244454242,
        0.810923235213503,
        0.8159065550946175,
        0.8050772186289442,
        0.7761668074638286,
        0.7718125194945233,
        0.7891114683861428,
        0.7705483525357348,
        0.7724962672020527,
        0.7622623247035006,
        0.7589488746003902,
        0.7588996975979907,
        0.751330332870179,
        0.756195918042609,
        0.7397266474175961,
        0.7374252163349314,
        0.7392127802397342,
        0.7258658732505555
    ],
    "test_loss": [
        1.274336900562048,
        1.1729357689619064,
        1.1466987375169992,
        1.0902683325111866,
        1.1543228924274445,
        1.0729748606681824,
        1.0655769258737564,
        1.0134834814816713,
        1.003277249634266,
        0.9665805548429489,
        0.9512732084840536,
        0.9406767394393682,
        0.9355082381516695,
        0.9638624880462885,
        0.9106792230159044,
        0.8994768988341093,
        0.9216005653142929,
        0.8923891093581915,
        0.9895694237202406,
        0.8845319710671902,
        0.8950293250381947,
        0.8803651574999094,
        0.8558598160743713,
        0.9077049102634192,
        0.9052042420953512,
        0.8992867674678564,
        0.8354670982807875,
        0.9381851721554995,
        0.8150149863213301,
        0.8579454440623522,
        0.8084665983915329,
        0.7921192459762096,
        0.8595669195055962,
        0.8479964639991522,
        0.8039072044193745,
        0.8397585824131966,
        0.789753645658493,
        0.7910857740789652,
        0.7986516952514648,
        0.7778552211821079,
        0.8026402778923512,
        0.7607129253447056,
        0.8839384280145168,
        0.823000630363822,
        0.7738292403519154
    ],
    "test_accuracy": 0.668,
    "test_class_accuracy": [
        0.8872727272727273,
        0.5357142857142857,
        0.5402061855670103,
        0.6768916155419223
    ],
    "configs": {
        "embedding_dir": "/users/jakhan/scratch/embeddings/",
        "save_dir": "/users/jakhan/scratch/experiments",
        "model": "DINOv3",
        "layer": "6",
        "probe": "MLP",
        "dataset_name": "RAVEN",
        "data_config": "center_single",
        "task": "Color",
        "seed": "42",
        "lr": "0.001",
        "batch_size": "64",
        "epochs": "45"
    },
    "classes": {
        "0": "Constant",
        "1": "Progression",
        "2": "Arithmetic",
        "3": "Distribute_Three"
    }
}