{
    "train_loss": [
        1.389710579780822,
        1.3868036384278155,
        1.3860585740272036,
        1.3856136037948283,
        1.3853142616596628,
        1.3846718859165272,
        1.38409575122468,
        1.3825446189718043,
        1.3802484641683863,
        1.37729101992668,
        1.3749719883533233,
        1.371616468784657,
        1.3661848458837955,
        1.3610296477662756,
        1.3575140250490068,
        1.351778708873911,
        1.3454791548404288,
        1.3391702695095793,
        1.3335262942821422,
        1.328407108783722,
        1.3228444558508852,
        1.316795160161688,
        1.3139334257612838,
        1.3098019336132294,
        1.3086538390910372,
        1.3010038796891557,
        1.2971275309298902,
        1.2916682235738064,
        1.2898562766136008,
        1.287289430486395,
        1.2826017420342628,
        1.2792936918583322,
        1.2763344734273059,
        1.276596172058836,
        1.2735570795992588,
        1.2757829998401886,
        1.2669636924216088,
        1.2698326288385595,
        1.2620543736092589,
        1.2628876566886902,
        1.260518784218646,
        1.260205514887546,
        1.257759725793879,
        1.2539204321009048,
        1.2509768237458898
    ],
    "test_loss": [
        1.385574471205473,
        1.3845431059598923,
        1.3839014135301113,
        1.38401934877038,
        1.383494559675455,
        1.3830163478851318,
        1.3815102390944958,
        1.380550641566515,
        1.379257045686245,
        1.389609981328249,
        1.3709919713437557,
        1.3696422427892685,
        1.3645887598395348,
        1.3784898445010185,
        1.3563569635152817,
        1.3551890179514885,
        1.3435247354209423,
        1.3411651961505413,
        1.333633292466402,
        1.3308257050812244,
        1.325513083487749,
        1.3238011747598648,
        1.3159738257527351,
        1.3110809177160263,
        1.3087044022977352,
        1.3046921789646149,
        1.3015423975884914,
        1.30960763245821,
        1.2996488101780415,
        1.294246532022953,
        1.3113895691931248,
        1.2878205068409443,
        1.285467304289341,
        1.2834252193570137,
        1.2886651381850243,
        1.3058741763234138,
        1.2766897566616535,
        1.2775981836020947,
        1.273479625582695,
        1.301804419606924,
        1.2808422781527042,
        1.269887998700142,
        1.2754352055490017,
        1.2648384645581245,
        1.263214036822319
    ],
    "test_accuracy": 0.393,
    "test_class_accuracy": [
        0.0,
        0.6022514071294559,
        0.722707423580786,
        0.25769230769230766
    ],
    "configs": {
        "embedding_dir": "/users/jakhan/scratch/embeddings/",
        "save_dir": "/users/jakhan/scratch/experiments",
        "model": "CLIP",
        "layer": "4",
        "probe": "MLP",
        "dataset_name": "RAVEN",
        "data_config": "in_center_single_out_center_single",
        "task": "Size_1",
        "seed": "42",
        "lr": "0.001",
        "batch_size": "64",
        "epochs": "45"
    },
    "classes": {
        "0": "Constant",
        "1": "Progression",
        "2": "Arithmetic",
        "3": "Distribute_Three"
    }
}