{
    "train_loss": [
        1.4286145475950647,
        0.4277271216220044,
        0.3475073144790974,
        0.30826864359860723,
        0.257261807059354,
        0.24003519625105757,
        0.21641118578771326,
        0.18720859804369033,
        0.17740638193456418,
        0.17338950599127628,
        0.16411837856186198,
        0.15749134289774488,
        0.13439904319796156,
        0.13798638992011547,
        0.11991578538684135,
        0.13101652141739714,
        0.1488497155381644,
        0.10237272870429653,
        0.11283266899037234,
        0.12920672006588033,
        0.09534274303215615,
        0.14557477138302427,
        0.11215260177058109,
        0.09558171356849848,
        0.0924872583808734,
        0.09409745913395222,
        0.09464489725081528,
        0.09599405939274645,
        0.08701118894238422,
        0.0844311031929039,
        0.10978626697621446,
        0.07176127639460436,
        0.07328106019091099,
        0.07942571023360212,
        0.07734422414424888,
        0.076002077189611,
        0.07512985630594987,
        0.12106940714999083,
        0.08423563095919312,
        0.10521506303128728,
        0.06203348347124584,
        0.07086677481222184,
        0.07337605345875342,
        0.0546231430043724,
        0.05455792187019549
    ],
    "test_loss": [
        0.48214305005967617,
        0.36717976490035653,
        0.334718422498554,
        0.24907957296818495,
        0.24752513226121664,
        0.23793100216425955,
        0.21872492763213813,
        0.18385107745416462,
        0.1680204684380442,
        0.26228858111426234,
        0.135774479014799,
        0.1395219941623509,
        0.13708965189289302,
        0.17032149038277566,
        0.14602827792987227,
        0.1527236654656008,
        0.11636369058396667,
        0.10863368696300313,
        0.11571206524968147,
        0.10925276344642043,
        0.10725443094270304,
        0.12165502645075321,
        0.10808835318312049,
        0.1307727050734684,
        0.13121129071805626,
        0.10893121460685506,
        0.18884218111634254,
        0.11210408969782293,
        0.13649562723003328,
        0.09247124718967825,
        0.12001741718268022,
        0.1145009039901197,
        0.09581141441594809,
        0.09810320421820506,
        0.10499090875964612,
        0.13194699597079307,
        0.0896009219577536,
        0.13763755571562797,
        0.11011711583705619,
        0.11987203045282513,
        0.12980492413043976,
        0.17250296764541417,
        0.12624531262554228,
        0.09873937343945727,
        0.1015279401326552
    ],
    "test_accuracy": 0.9575,
    "test_class_accuracy": [
        0.9776785714285714,
        0.9817351598173516,
        0.9135618479880775
    ],
    "configs": {
        "embedding_dir": "/users/jakhan/scratch/embeddings/",
        "save_dir": "/users/jakhan/scratch/experiments",
        "model": "DINOv3",
        "layer": "12",
        "probe": "MLP",
        "dataset_name": "RAVEN",
        "data_config": "center_single",
        "task": "Type",
        "seed": "42",
        "lr": "0.001",
        "batch_size": "64",
        "epochs": "45"
    },
    "classes": {
        "0": "Constant",
        "1": "Progression",
        "2": "Distribute_Three"
    }
}