{
    "train_loss": [
        1.3897989227416667,
        1.386840228070604,
        1.3861685319149748,
        1.3859882735191507,
        1.3859518626902967,
        1.3859976694938985,
        1.3859458743257727,
        1.3855413807199357,
        1.385396957397461,
        1.3858643833627091,
        1.3852441754746945,
        1.3851927823208747,
        1.384425992661334,
        1.3839973667834669,
        1.3835611229247236,
        1.3827679309439151,
        1.3823046760356172,
        1.3813089195718156,
        1.3806753323433247,
        1.3797875477912578,
        1.3781870337242776,
        1.3765180681614166,
        1.3751079021616186,
        1.3736747021370745,
        1.3725015064503283,
        1.37080428701766,
        1.369058407367544,
        1.3673388907249937,
        1.3647792986098757,
        1.362691916049795,
        1.3605096530407033,
        1.358433391185517,
        1.3558128793188866,
        1.3544238285815462,
        1.3540614818004852,
        1.3499738409164104,
        1.347205414416942,
        1.3455991085539474,
        1.3426289038455232,
        1.3416633479138638,
        1.3385789166105555,
        1.3370847220116473,
        1.334455963144911,
        1.333691383929963,
        1.329006630055448
    ],
    "test_loss": [
        1.3861055187880993,
        1.385007120668888,
        1.3841672502458096,
        1.3846357017755508,
        1.3852527849376202,
        1.385004960000515,
        1.384545061737299,
        1.385829422622919,
        1.3847338184714317,
        1.3838998712599277,
        1.3837544657289982,
        1.3831329047679901,
        1.3827010914683342,
        1.383394744247198,
        1.3813320584595203,
        1.3828615695238113,
        1.3796714656054974,
        1.379418522119522,
        1.3788223750889301,
        1.3767966777086258,
        1.3757447637617588,
        1.3768293298780918,
        1.3763732351362705,
        1.3726097010076046,
        1.3706743717193604,
        1.3708386793732643,
        1.3666369654238224,
        1.378227062523365,
        1.3663989305496216,
        1.3624196499586105,
        1.3590695410966873,
        1.360035851597786,
        1.3609639219939709,
        1.353527758270502,
        1.3521773628890514,
        1.3522733226418495,
        1.3495424091815948,
        1.345702163875103,
        1.3434313014149666,
        1.3475377187132835,
        1.3397710286080837,
        1.3377913162112236,
        1.3358527570962906,
        1.3350072428584099,
        1.332397948950529
    ],
    "test_accuracy": 0.369,
    "test_class_accuracy": [
        0.0,
        0.7410881801125704,
        0.5611353711790393,
        0.16538461538461538
    ],
    "configs": {
        "embedding_dir": "/users/jakhan/scratch/embeddings/",
        "save_dir": "/users/jakhan/scratch/experiments",
        "model": "CLIP",
        "layer": "2",
        "probe": "MLP",
        "dataset_name": "RAVEN",
        "data_config": "in_center_single_out_center_single",
        "task": "Size_1",
        "seed": "42",
        "lr": "0.001",
        "batch_size": "64",
        "epochs": "45"
    },
    "classes": {
        "0": "Constant",
        "1": "Progression",
        "2": "Arithmetic",
        "3": "Distribute_Three"
    }
}