{
    "train_loss": [
        1.3791105620404507,
        1.3528519145985867,
        1.3223172971542845,
        1.2944780993968883,
        1.2692519832164684,
        1.2485388453970565,
        1.2259127497673035,
        1.213558260430681,
        1.1941881141764052,
        1.1807980486687193,
        1.1723106782487098,
        1.1568932254263695,
        1.1509258911964741,
        1.1461495934648718,
        1.12423438150832,
        1.1089736622698763,
        1.0964829065698258,
        1.1000985110059698,
        1.0836213630564668,
        1.0776527549358124,
        1.0733979604345687,
        1.0586205955515517,
        1.0622560908185674,
        1.0575019064101767,
        1.0377452836391774,
        1.0351326865084627,
        1.0334903737331957,
        1.0252225887268147,
        1.0218765323466443,
        1.0179048744921988,
        1.0128393965832732,
        1.005967638594039,
        0.995678556092242,
        0.9951176985781244,
        1.0149969147874953,
        0.9932837429198813,
        0.9844792428168845,
        0.9822567301861783,
        0.9779647905775841,
        0.9699748551591914,
        0.9818823603873558,
        0.9614221694621634,
        0.9672223836817639,
        0.9556868780166545,
        0.9615188900460588
    ],
    "test_loss": [
        1.3740861415863037,
        1.3503235578536987,
        1.308567862957716,
        1.290689554065466,
        1.259801421314478,
        1.2485354579985142,
        1.2229600138962269,
        1.2188169993460178,
        1.2030704282224178,
        1.1913867332041264,
        1.1774269975721836,
        1.223873894661665,
        1.1848869733512402,
        1.1516791172325611,
        1.1412782408297062,
        1.1261672116816044,
        1.130565606057644,
        1.1274423953145742,
        1.1064243540167809,
        1.1007936261594296,
        1.1065571755170822,
        1.134491614997387,
        1.0907421186566353,
        1.0800890382379293,
        1.0837214812636375,
        1.0844267942011356,
        1.0533005222678185,
        1.0781073831021786,
        1.0788990445435047,
        1.0579000860452652,
        1.090543258935213,
        1.0605997741222382,
        1.0712928380817175,
        1.0373570546507835,
        1.0541407372802496,
        1.0439699478447437,
        1.038377484306693,
        1.024199515581131,
        1.0534146074205637,
        1.0177961383014917,
        1.02256884239614,
        1.0066455528140068,
        1.019510792568326,
        1.0382450111210346,
        1.029864314943552
    ],
    "test_accuracy": 0.541,
    "test_class_accuracy": [
        0.4709418837675351,
        0.4095238095238095,
        0.811088295687885,
        0.48466257668711654
    ],
    "configs": {
        "embedding_dir": "/users/jakhan/scratch/embeddings/",
        "save_dir": "/users/jakhan/scratch/experiments",
        "model": "CLIP",
        "layer": "6",
        "probe": "MLP",
        "dataset_name": "RAVEN",
        "data_config": "in_center_single_out_center_single",
        "task": "Color_1",
        "seed": "42",
        "lr": "0.001",
        "batch_size": "64",
        "epochs": "45"
    },
    "classes": {
        "0": "Constant",
        "1": "Progression",
        "2": "Arithmetic",
        "3": "Distribute_Three"
    }
}