{
    "train_loss": [
        1.1064542696831074,
        1.0994998876084672,
        1.1012260748984966,
        1.1000581015931798,
        1.1013177075284593,
        1.099248949517595,
        1.099451316163895,
        1.098992203144317,
        1.0988026844694259,
        1.0987152241645974,
        1.0985739915928943,
        1.0984603458262505,
        1.098529317277543,
        1.0985453280996769,
        1.098368950346683,
        1.0983595328128084,
        1.0985949496005445,
        1.0984115816177207,
        1.0985629977063929,
        1.0984221557353406,
        1.0984144819543717,
        1.0983855534107128,
        1.0984641909599304,
        1.0982517498604796,
        1.0983661704875054,
        1.0984261657329315,
        1.0982514188644734,
        1.0983397301207198,
        1.098280209176084,
        1.09806312525526,
        1.0986055516182107,
        1.0982356921155403,
        1.0982070831542319,
        1.0984447433593425,
        1.098285141143393,
        1.0983198056829737,
        1.0981708207028977,
        1.0980742015737168,
        1.098203273529702,
        1.0979991136713232,
        1.097900187715571,
        1.0978920700702262,
        1.097849984118279,
        1.0976709571290524,
        1.0980088837603306
    ],
    "test_loss": [
        1.0984517745673656,
        1.0990628376603127,
        1.0982560515403748,
        1.1055236123502254,
        1.0987558104097843,
        1.0990388914942741,
        1.0983597934246063,
        1.0984114669263363,
        1.0985367894172668,
        1.0984580628573895,
        1.0986060537397861,
        1.0984616242349148,
        1.0989098250865936,
        1.0984234549105167,
        1.0984067544341087,
        1.0990258194506168,
        1.0987039990723133,
        1.0985497683286667,
        1.0986115522682667,
        1.0984331592917442,
        1.0983760841190815,
        1.0987462736666203,
        1.098907757550478,
        1.0983015224337578,
        1.0982757061719894,
        1.098655704408884,
        1.098341267555952,
        1.0984679982066154,
        1.0983949080109596,
        1.0983136035501957,
        1.0988996401429176,
        1.098216250538826,
        1.098285362124443,
        1.0986054614186287,
        1.098496675491333,
        1.0982152111828327,
        1.098440408706665,
        1.098158322274685,
        1.0983356051146984,
        1.098692599684,
        1.098439246416092,
        1.09819708019495,
        1.0986675135791302,
        1.0980811454355717,
        1.0990293063223362
    ],
    "test_accuracy": 0.339,
    "test_class_accuracy": [
        0.119533527696793,
        0.9071537290715372,
        0.0
    ],
    "configs": {
        "embedding_dir": "/users/jakhan/scratch/embeddings/",
        "save_dir": "/users/jakhan/scratch/experiments",
        "model": "DINOv3",
        "layer": "2",
        "probe": "MLP",
        "dataset_name": "RAVEN",
        "data_config": "in_center_single_out_center_single",
        "task": "Type_1",
        "seed": "42",
        "lr": "0.001",
        "batch_size": "64",
        "epochs": "45"
    },
    "classes": {
        "0": "Constant",
        "1": "Progression",
        "2": "Distribute_Three"
    }
}